path,category,size_bytes,sha256
.gitignore,.gitignore,262,d7f65e6fbf9df86e6ec434c3520ec5d2c89e66cf5f45c59e29c85c26ca3bcead
CHANGELOG.md,CHANGELOG.md,4201,40bec64617b77dd80b8d8811aca92e665fa6efb653cb49232712614c3cebedc6
CITATION.cff,CITATION.cff,973,969f0fdc8e1f8bee8d6b945853afe368fda9176e1bfec87b6126a968d79fd6bf
LICENSE,LICENSE,1099,efb32d1e42d85a1cf7eb202417f1bb81f0ff7a9cf7affe0c61a76e26a76dab96
LICENSE-DATA,LICENSE-DATA,19123,5277b379f1825cce0946bbb70aab91537db011afd7405a4370fbf4ad7d76af81
README.md,README.md,5281,b0fc72a5d034278874f583fff4b335c717b76b4bc5466742f82e076afbca5c58
code/notebooks/01_development_restart_v4.ipynb,code,121693,8e216ad8e93775ed4125bb198eadd73fec2cf69fc6d0c45f74f056e6519a4749
code/notebooks/02_confirmatory64.ipynb,code,185003,a8834ff62d35359c19d4304076d6218eafe5ae1856c87b0317a729a642eb6e9c
code/notebooks/03_predictor_specific.ipynb,code,261203,e64e54d17f6489fb386e1e94f5ac28e0c880bc94096d92bcf9baa135fa047969
code/notebooks/04_strict_replication.ipynb,code,162964,6bb050d4b63856caa59a56de859c06858334cee4c66cd69992651721000ec5d4
code/notebooks/05_external_generators.ipynb,code,519448,57778b0ddf840f659c4c44228236b959ee4f034df0d1823ffec3511186089ca0
code/notebooks/06_dataset_realization_robustness.ipynb,code,109344,b9e2dbd43d64274e8ddc9c56d5bef0fd326a81479fd0ea12fef245e2da57dbf2
code/notebooks/README.md,code,1065,9391dd33343627c5106df7e517882e843269bf851845556149a2f0b3fcc580d4
code/scripts/reconstruct_confirmatory_table4_loho.py,code,14456,63a614069604c289fbe75d4ead827c4ed3af9b44f99325a854975537b2612010
code/scripts/reconstruct_dataset_realization_analysis.py,code,10626,f1b299a7ea7968b8a57e25507995db6606904055586cbf44934de82ad8d195b3
code/scripts/reconstruct_development_hmms.py,code,1049,2baa28dff6882377b46491a563fb47f90fe7c56c050bd4bc5b7a6eefc866bc88
code/scripts/reconstruct_external_pls_transfer.py,code,7604,e3a83412d34b84c72b04080ec1dd633d9d7431bb5a490096657d2ef71af39d62
code/scripts/reconstruct_seed_aware_variance.py,code,15098,3708153a9123f16c00434ac6248833ad627f3392422c4502825199c3fa0f494f
code/scripts/run_dataset_realization_robustness.py,code,87010,939f45c33ba72bf43aed2fa4c5af5180baaf7e2b9f2ac95a30234f3351d4be3e
code/scripts/validate_artifact.py,code,8659,0a9b280f5bed731bc30730a1a9e937b19dc7164272d0fcd4417522aa2fe769f0
data/aggregate/confirmatory__confirmatory_feature_outcome_table.csv,data,203728,7526222b94647d0cac16dcf59483f11b4bfa01a65709d4158407891433bf6fe6
data/aggregate/confirmatory__confirmatory_holdout_paired_comparisons.csv,data,1485,b0a3dcfb1fd58830de7853873ea3e4cd99d080f9554da16a72586c7ea57ab228
data/aggregate/confirmatory__confirmatory_holdout_performance.csv,data,1855,b9fbabfe02e742e90e2e8485b8bebc55e91867f7069043a77f6d32b1054a8c21
data/aggregate/confirmatory__confirmatory_holdout_predictions.csv,data,178038,a315bab10038baa8e52d9bb28f23f038c1107b687d4f420fca68f5b22b200246
data/aggregate/confirmatory__confirmatory_width_summary.csv,data,16662,82e01ccde8c71c7c585be868d9872c1abe0081f6aa5ae5127707cc5fa53c075e
data/aggregate/confirmatory__crossK_confirmatory_details.csv,data,22444,10b430766cd7aedc82de16a4bee90505fb557088e0c7afc1622590be47ca66f7
data/aggregate/confirmatory__crossK_confirmatory_pairs.csv,data,6142,15f75bd33c894ae43ba1b48fe54d7071107311611b7176bb9c380705f48346ac
data/aggregate/confirmatory__crossK_confirmatory_summary.csv,data,2768,3f6822cb1ffc72fe224f2c451fdae8ce4fbb8640649c1f812bdbb3ac10b6e506
data/aggregate/confirmatory__development_feature_outcome_table.csv,data,73536,03f59e65c094a92aed6a57b161576220c4631fef09b22d165e250dcd6c2384dc
data/aggregate/confirmatory__frozen_development_model_coefficients.csv,data,10257,2f3ec44cb8e99c899cdf22e38510a9f3104e571e390eab0c1653dd3c5e66ed4f
data/aggregate/confirmatory__ngram_baseline.csv,data,10109,21497ab074a57db4f2a002e4279a54397f04e270ed0b6fa721e6e01fd3c015ed
data/aggregate/confirmatory__ngram_neural_association.csv,data,377,534e04d57b35dc22cd1c6e5bd45b2d4f5d686b7c6149eb3302707c34000a77ea
data/aggregate/confirmatory__profile_coverage_summary.csv,data,7507,90ff638a9016090fe4572e3f00caab6f3c45d38d23e9de445fd27305df41ad86
data/aggregate/dataset_realization__dataset_pair_rank_stability.csv,data,1118,9a2cfa759a49ead069fcf6e3be8b74c0802cf8f151fb10d3243f837a230d2640
data/aggregate/dataset_realization__frozen_augmented_vs_K_by_dataset.csv,data,1627,6ce7794d643a3b8e907b01b293cf4f932a7ca5dd5d0ad2b186b00b92e83e9fe1
data/aggregate/dataset_realization__frozen_profile_performance_by_dataset.csv,data,2907,a11e562b69a87563af96ff5b65fb7694f325a4fb64f7ca1d653b0032fb95edfb
data/aggregate/dataset_realization__full_variance_components.csv,data,855,8b9cd1436d8830a9aa5dc371c23c28a8827227ebc0cc0c198ef5b9c86ed91de9
data/aggregate/dataset_realization__grid_audit.csv,data,45278,5c664cb3218073508e727f9bc0d3850c41271f76b9991b396fefa58aec0df974
data/aggregate/dataset_realization__hmm_dataset_summary.csv,data,8813,898802c4e9f73b5b373a76047c56acaf7333afaabcf408ef6f3a527c44ad4888
data/aggregate/dataset_realization__hmm_level_process_icc.csv,data,810,349907289b90a90682d46963afdc6b1f08d5f61fdb02db4f185502d74089e97d
data/aggregate/dataset_realization__pca_pc1_loadings_by_dataset.csv,data,836,6fc92588527d77e2e589bf6680ab420ef10699a78b4c8a0c5dcd1e3700ec9168
data/aggregate/dataset_realization__pca_pc1_score_stability.csv,data,128,6b1ee093d3947a608efc4640be6af5e5a40695a71de43f8b2394a3620005b865
data/aggregate/dataset_realization__pca_summary_by_dataset.csv,data,203,8648b429f08ae55d26d2744abfafe593cc55c481875f7728c05c62aa0b80bc93
data/aggregate/dataset_realization__width_level_summary.csv,data,48690,d21424b46730a093fd921198708c0b4c9a26d768bc9a1ee1504d1a170670350d
data/aggregate/development__matched_pair_effect_summary.csv,data,556,8e163a099168dd881e392679bceade93fab5e2c91e96d8b90625f25d80c8765b
data/aggregate/development__matched_pair_effects.csv,data,4205,e7a816007902fed22b4d5195ce597b169a38a4f5815ce829a864d26563a04960
data/aggregate/development__model_comparison_cv.csv,data,4103,229dcb6159291238f4c1d88e09c5f27781feac0d9b997b8966965f2c1a245605
data/aggregate/development__sample_size_with_metrics.csv,data,157825,ff403d334be658fb1625d8d6e273f7091f85a0307d8eec83cb214dd040b0db2a
data/aggregate/development__width_summary.csv,data,6200,d8b3353b68050408a30ed3cfc1495966b5d8024585c03850af552e43d14175a0
data/aggregate/external__external_best_width_counts.csv,data,1664,13d97a55caf615b882d75e648423a7a87093ea3502447ab9c90ca6f706fd6ec2
data/aggregate/external__external_crossK_pair_details.csv,data,26168,18cdf752b372b0b6e2e4916ce9ca82d26759491d9adf8953b0852cb53f70ba22
data/aggregate/external__external_crossK_profile_pairs.csv,data,5809,471daa932072224b7aad99e3bf34d2106348f5bfcf35f32c8371ea293495f6c0
data/aggregate/external__external_crossK_summary.csv,data,4394,382ecc30978a34eccec1500385d3ca281383e8bc579e8abb36f997b84c61922d
data/aggregate/external__external_frozen_holdout_paired_comparisons.csv,data,4740,cff3ed08292537138a5c6864ad2f91d0100f0acb09d0dd798cb0744b8bfe117f
data/aggregate/external__external_frozen_holdout_performance.csv,data,6658,c6afab35745dbf4ed9c2f4cff0ad9dbb9a88e8b42eeaf7f986eb67532cb6a5dd
data/aggregate/external__external_frozen_holdout_predictions.csv,data,118783,2edf0ee5feff30a52444ac17df698911efdfbdc182cfc1fa63a30ff67493f637
data/aggregate/external__external_generator_diagnostics_summary.csv,data,6204,1258140973972dfbc318711d64610cdccbd6b035cd28396bf43a874070042baa
data/aggregate/external__external_width_summary.csv,data,11738,8cea73b67a652198816ce46fdbc268c01baf28f5b4fc47d9de7e6de25a0c28d8
data/aggregate/predictor_specific__count_pair_effect_summary.csv,data,52967,9feb844a6a744b1397cf668f61e88fb1e5ca2bf65455c83fbb3989b7ede278da
data/aggregate/predictor_specific__count_pair_effects.csv,data,640094,434858045f6f8380675207e2bd40cf8667d51a55901168e911b450cbb85e42f9
data/aggregate/predictor_specific__count_predictor_context_diagnostics.csv,data,2593337,25b942a6c453a650b18803d9a5e68ae0b4bdb1081c1597663dbac44527a8a5b6
data/aggregate/predictor_specific__count_sparsity_correlations.csv,data,52247,90adbaec309b570f862cdc452abf5681d37752c1cef196b289fbcf207cf85de1
data/aggregate/predictor_specific__difficulty_neural_width_summary.csv,data,15790,ab884d196d7406bb6965759ce8f68274164eb179357d52af7b638312de840c60
data/aggregate/predictor_specific__neural_pair_effect_by_K.csv,data,7376,d31af9e8fe2a41e62bac5df2f66e37d785c145dfc4448cd6f4723b6873bc3476
data/aggregate/predictor_specific__neural_pair_effect_summary.csv,data,2067,00c5ad4ded661085113ea7b72f170f8254f2d12c055ee198f92479d64ce4ff51
data/aggregate/predictor_specific__neural_pair_effects.csv,data,23006,4d10d08b65ed53b68fb11d587d86a27a1018a0fe301f6464e68801e9c074d183
data/aggregate/strict__strict_matched_pair_effect_summary.csv,data,394,3924254612776ccde97aa85fb8c35e0188c2efab1113b640c5fb29df60c7b250
data/aggregate/strict__strict_matched_pair_effects.csv,data,1911,ea3c2b3d2a144e2802748febcde3c533901c3c93b95ac0d4b401fe2260a3d06b
data/aggregate/strict__strict_width_summary.csv,data,3932,b5890fda39ac8fa9d67d9b72fcfc784c300d80fcbad3de003fec49e7e1168407
data/candidate_metrics/confirmatory__candidate_bank_metrics.csv,data,2903222,3533c75666ac5880371dc3ac2c4cd3bae5a65f635661b3da1795ac28937d56d3
data/candidate_metrics/confirmatory__candidate_metrics_with_marginals.csv,data,3885427,d238ef6f19b207f32de548400b9825d02c7ef773ac5dd4c849417f124cbf437c
data/candidate_metrics/development_all_hmm_metrics.csv,data,2802472,ece664ed3db03a1fa4ed0e44ced5851c9348d396df088b6053186996e68c2cab
data/candidate_metrics/development_candidate_bank_metrics.csv,data,2773969,3f1620079b85d99993c4ba56a910de110ca887d4f891f630dabe4a2e9c37d89a
data/candidate_metrics/external__external_candidate_bank_metrics.csv,data,3066030,33f99fef91f9fdc1578c075868fac62e4123abd2fd8617d9fb3272573dfaba42
data/candidate_metrics/predictor_specific__candidate_metrics_with_context.csv,data,4824481,f5cc2abcfdf81f9457c2c440f35b1de627af212019e7fd649c3fb270fd9180fa
data/hmms/confirmatory/SELECTION_LOCK.json,data,1966,bedac86e296a4a7dab80b6d0779146ad8c56781efbbf959aa6736a84994ebaa3
data/hmms/confirmatory/confirm_K3_i000022.npz,data,854,58dbb237f2be3b31019e7e6aca2c3305a533782a7a9b75eefe74b248b0f9723a
data/hmms/confirmatory/confirm_K3_i000056.npz,data,855,34fa2c89e9ca91d5168634755fd045c72f8798852b254abdc52b59435e14e6b2
data/hmms/confirmatory/confirm_K3_i000150.npz,data,853,975b4c8d095dd460fb0c113dc1704994d113d7cd37668ec4f9d6bf4ddd2b74c4
data/hmms/confirmatory/confirm_K3_i000321.npz,data,854,5aeff488ecd7aaf853fcd4d12b2a6f22a7633877fddd571fd320197d4438fd69
data/hmms/confirmatory/confirm_K3_i000341.npz,data,855,5aad0d79c22ad7be3b3dc748154e757dc6df701aed6ac194f9299025ae1c378d
data/hmms/confirmatory/confirm_K3_i000517.npz,data,855,9a4c736c23142e296db5bf29fe89c8dedd99aa9d172d9a0e2573ef1c092a90ae
data/hmms/confirmatory/confirm_K3_i000617.npz,data,856,bc408db97ae5923fd50a22e3e0d64867bb383dfb0235c3ea7486ecdc99b69a92
data/hmms/confirmatory/confirm_K3_i000682.npz,data,855,6af7450ca0ac6b278eaeb4a3cac9a081b1d5048137cb28f11ffb4b44df551af2
data/hmms/confirmatory/confirm_K3_i000718.npz,data,854,e3e29fb4359f1f23b393bcbdba914dbeadf353118ae573d8e89c5fffbed1ef6b
data/hmms/confirmatory/confirm_K3_i000884.npz,data,855,81dd321a34e8ef6d6ead39498abe71e0b3e40c216c2be1f34af9e2fbc4c5fa75
data/hmms/confirmatory/confirm_K3_i000936.npz,data,853,b1b3f1105f4fba9026107365d7295dc91023014e430b824abd27d82a02238d1a
data/hmms/confirmatory/confirm_K3_i000975.npz,data,853,fb1d9b2eec148f6f5122f8e3b1820d6ce145051ce44b33f5119590ae25c44149
data/hmms/confirmatory/confirm_K3_i001105.npz,data,854,32451538ec4b1dd5c23d935351b5b82b023c604e2062c9fa2408603d69fe0ed1
data/hmms/confirmatory/confirm_K3_i001131.npz,data,854,b91e1deb4ecfbb5dce89427a464371385569b6a36ebfe349ae110eaea4184463
data/hmms/confirmatory/confirm_K3_i001202.npz,data,855,9a92a5b2b04d559970b774677486efed9629a0951031f69f83a0a11711bf9c77
data/hmms/confirmatory/confirm_K3_i001308.npz,data,853,65061af0fe5cccdbdd9c94ebf19d545f0790afaa3410719e2c468285f99fc78a
data/hmms/confirmatory/confirm_K4_i000041.npz,data,991,ca93b7326864a6176272a73ab1826b3777323e9f867be6479159c987d465675c
data/hmms/confirmatory/confirm_K4_i000216.npz,data,988,9ebea5baae435a30e95652f6ce8b6afed2186caa38ec453c1547ce63289a83f1
data/hmms/confirmatory/confirm_K4_i000247.npz,data,987,8e60c86d81844979a1b5c4d6498ade913a3b84dda3e66dfedde80a372b64168a
data/hmms/confirmatory/confirm_K4_i000363.npz,data,988,f5f23ac68e8e03cc52e7fe85e049cd7b04e2a07cf749f5c5bcc9ae03fdb08633
data/hmms/confirmatory/confirm_K4_i000373.npz,data,990,a6e3645641c9bee054e8a49ef014e444306b60cb9b18cd3bb7f4d129ff079adc
data/hmms/confirmatory/confirm_K4_i000423.npz,data,987,b9ed5026557d39a641ac58c1dc94b100d72ae43b7b6897b65c7733673e456a6a
data/hmms/confirmatory/confirm_K4_i000448.npz,data,988,d58c8d50b9a66e495328dcbfe4fd9e433f354865821a626f2701ca116870077f
data/hmms/confirmatory/confirm_K4_i000599.npz,data,989,e5d9078a257c3e46e57f7d4c9eaf69bbad5f51c131b9127c792b2e017593d565
data/hmms/confirmatory/confirm_K4_i000654.npz,data,987,68df298ce22dc57c5e48e2540d49de0a50cd366d56615ec559c4b4c4afee5e80
data/hmms/confirmatory/confirm_K4_i000678.npz,data,985,3d2ac8b654674a7f86eef6e9f84ae88256209e89ed4d0bc4b9185396c3bdb7ff
data/hmms/confirmatory/confirm_K4_i000767.npz,data,992,4aa1531366f5e23b43dcff3abe93282e078c773c793013cefb6fb47061b0641b
data/hmms/confirmatory/confirm_K4_i000909.npz,data,989,0ce9aa9dbe0760c6748eb0ecde054f658b75d731873ae33a4563fbcbc092c9b3
data/hmms/confirmatory/confirm_K4_i000949.npz,data,987,11e7f0f81b1cc7784c33930324138a5da87c4dacf9f2a40dceedba919a2ffa4b
data/hmms/confirmatory/confirm_K4_i001008.npz,data,989,d044b8d843cc3c84c1f0871b3909db00599f2bc0fc157350af7f0b6cbfc73290
data/hmms/confirmatory/confirm_K4_i001076.npz,data,992,333affbd3f4bb608244cc4087d1bf23324732d09c1aa045f39850a7044770e2f
data/hmms/confirmatory/confirm_K4_i001198.npz,data,989,bcc0b90c8a1fb46e8d7f9875ed8c5a31143f74b6e55b7dd532541f6cd32d791e
data/hmms/confirmatory/confirm_K5_i000202.npz,data,1140,f7bea7e5eef7a622f1b0b227a56f993f742fbc87a1659198ca3eb5c115c10262
data/hmms/confirmatory/confirm_K5_i000246.npz,data,1140,277114db569b31238191ef32681b3f02f75c655d994eacf0201a468b79135790
data/hmms/confirmatory/confirm_K5_i000312.npz,data,1140,349386814b782f5ddbe82dca5b8083ca3ed6c2ae4e73f50541b56ec77f9ffac8
data/hmms/confirmatory/confirm_K5_i000511.npz,data,1142,6fb5a9d2d661dc47c700d2650a2e1e2d0722ff9c6d366e249170ac23ec1506e5
data/hmms/confirmatory/confirm_K5_i000543.npz,data,1140,a0543c70b382f9da9c0fd59fa29166cbd492fd50fc629ebf3ed2495b5aa03261
data/hmms/confirmatory/confirm_K5_i000626.npz,data,1139,b45cbcd92e1cfd5199f60f8810bc0255cb8dad20934c970b08698c2984ce175c
data/hmms/confirmatory/confirm_K5_i000634.npz,data,1140,948b86812baec60a2844d87212190201fabde176621b309464d733f366dca008
data/hmms/confirmatory/confirm_K5_i000723.npz,data,1140,313a5b0ce564ffe25e6e8e9f8f4906e56c4a9c6bfb00cdc1d459555da893f8af
data/hmms/confirmatory/confirm_K5_i000744.npz,data,1140,901f7163bec871c7d80ebab2c06339e0265d85471ec2d4b9a6d1ec058eea4a81
data/hmms/confirmatory/confirm_K5_i000807.npz,data,1139,a3b179e9fa8945e007f00a74810264c8056f765fced7e014a945a32eb21a60a4
data/hmms/confirmatory/confirm_K5_i000834.npz,data,1141,b453ea5b9fc96003d6562e991fd59801d4aa1d965de31a6d9b03880b87f40e66
data/hmms/confirmatory/confirm_K5_i000841.npz,data,1141,ede81b34316bbc2edfe3a641ec8b5d970bf47b7bebf276dce42ed29ea1498964
data/hmms/confirmatory/confirm_K5_i000848.npz,data,1140,6440887dcaccec11a5297cad17529860f6c78ad26c9c1242ff84712734da1a18
data/hmms/confirmatory/confirm_K5_i000922.npz,data,1140,4c980e56463fa0cade0601a01363e9f78af7dab0ad5b3446b01ecdcec272d90e
data/hmms/confirmatory/confirm_K5_i000940.npz,data,1141,a76576b11efbec6be4606304bac9c5c707d43316eacdb90da9acc114da055e65
data/hmms/confirmatory/confirm_K5_i001133.npz,data,1141,35f0cb8e48cb1b0621dcbeac4c8920a8424f45b03821e18cfff6ac1871338f6d
data/hmms/confirmatory/confirm_K6_i000105.npz,data,1311,9d4c38a5ee65563f7f400aacb913528017320db1c7dea16483e9f713a020bb97
data/hmms/confirmatory/confirm_K6_i000109.npz,data,1310,7b8ebe01825ed8682a1b11bb7bb8d4f3990827ecd6411d680dd02d4606bccf2e
data/hmms/confirmatory/confirm_K6_i000150.npz,data,1306,b126cecc089580ce1b9a2d5459a466127b7bfb0818aeebf55347845b701563dc
data/hmms/confirmatory/confirm_K6_i000225.npz,data,1309,932076031891d9f8795e548cd614b7f3e758c172c5a88d29b71ea8f1a051188d
data/hmms/confirmatory/confirm_K6_i000420.npz,data,1309,4e9ad9cf7691068531333ae67d9a10a4ec272f59337bf1439e74cd46ab636f4a
data/hmms/confirmatory/confirm_K6_i000446.npz,data,1313,8b62e3289b35126bc00f555e9767aeefbe687b5c4a9e416d2161e8fa3d2ccf20
data/hmms/confirmatory/confirm_K6_i000453.npz,data,1306,5181008e506a12715f37fd7003a72070646226dcf52b5d6221080705a08cf482
data/hmms/confirmatory/confirm_K6_i000482.npz,data,1311,337030803a44bc2871b3ce9c77a25267d09ebb1a543a75aa191b127b67c97b54
data/hmms/confirmatory/confirm_K6_i000578.npz,data,1313,0891782378234b6f790c4847216da33bd5b1ecca08ef4df88576cc92b72eb972
data/hmms/confirmatory/confirm_K6_i000596.npz,data,1312,5a89f8750f8cf4b12a0e8560458857908a9c433b7a86e0ba8079d34425b9b565
data/hmms/confirmatory/confirm_K6_i000708.npz,data,1307,a359c9fe487b070a7210c75f1570ca595618f04e84debb4ca62192d9ad02cd02
data/hmms/confirmatory/confirm_K6_i000737.npz,data,1309,5abe7a397afb9acdbc53c629480a2e0ad3a35f741b256b6748995d3c3afab7e7
data/hmms/confirmatory/confirm_K6_i000814.npz,data,1307,c5dff691bc2fd4e68a09b51e968494607364553251b1f489cc4756a667656e91
data/hmms/confirmatory/confirm_K6_i000997.npz,data,1309,389d534670a9ec652f137e6b83c9d3101adeb12428737dee741294eaebf8ebc1
data/hmms/confirmatory/confirm_K6_i001146.npz,data,1310,dbb6f054b8b8f222c41735d3a084491c70ea6e1284761b68fdd00e05a2dea6a3
data/hmms/confirmatory/confirm_K6_i001189.npz,data,1307,4bc1d48188cd3ebaa1714540224fb1ea80aae7624c7b8921255a246c27414159
data/hmms/confirmatory/confirmatory_selected_hmm_metrics_full.csv,data,95519,6c7351b455c047c98b3ae5f331bf832af3b12dc8bdc1c8be693953add2f0ce1f
data/hmms/confirmatory/confirmatory_selected_hmms.csv,data,75859,6ed5cfba3eee524258273dfdeae53bb48dfa3a7f3d159c86844c9cb880ed7738
data/hmms/confirmatory/selected_hmm_metrics_full.csv,data,95518,001df58ce145213f1f76f54c2dcdc0fa5795e31ce8cd14d8f886870bbc85cbdc
data/hmms/development/bank_K3_i000535.npz,data,1014,44f66c57b805bfa31539904adf6a91b5e9099b7603e8337e0b0c71858cc779fb
data/hmms/development/bank_K3_i000588.npz,data,1014,ef67caa928770f32fcbcf88492094525fcbea66b660fe9aff15941481623e3c8
data/hmms/development/bank_K3_i000606.npz,data,1014,2bb9fdbba588c5dbba02a1d80c1a8b404147b3c782fae1fd58554804d24f5055
data/hmms/development/bank_K3_i000981.npz,data,1014,e288a76aa099dbb430e4e1cf868cce0e171623947d2a06e55d183bf5727f96b4
data/hmms/development/bank_K3_i001156.npz,data,1014,d2b6edfeaf8d9317257a676115ac6d30d4615edd7e217ad13b70f77e83290cb7
data/hmms/development/bank_K3_i001280.npz,data,1014,9a1f0646a475438b4e15018d8292a1ed561f106983094e2b26aa0cee3b3abbfe
data/hmms/development/bank_K4_i000177.npz,data,1142,a837ab8c56bc244c6b0ac6855b59d5c358d1ee907c46aee34449ad9636aad104
data/hmms/development/bank_K4_i000290.npz,data,1142,22673ed8439bad531624625f6a5f4ef4d0c9a2ccb1293bba0e59eab2d6c2b9ce
data/hmms/development/bank_K4_i000342.npz,data,1142,a7d7e2425953ece54ea78ca01ea1bbdbabe98c0e6104f0ca9946ec9941a28fca
data/hmms/development/bank_K4_i000388.npz,data,1142,f2da987a26d23a599f90e2364c365ffbf7541f7ff9e7148520418bf7bfd9d6eb
data/hmms/development/bank_K4_i001020.npz,data,1142,cc93be50c882f760e128e2330dd3abbe881ce2e11f27709f9d0c63f551dc381c
data/hmms/development/bank_K4_i001162.npz,data,1142,95bf23e8804f7e3ba7e73553bfcf275a97fc311d92fca1c645c94676542f60f4
data/hmms/development/bank_K5_i000458.npz,data,1286,ff663e1c98105ee811203344f1d44baf19612c8b802d4f46b40409dd7c548eaa
data/hmms/development/bank_K5_i000474.npz,data,1286,0435ab17418481eeca1674a153c905735573524d601feaa3400c4dcc5d75cda9
data/hmms/development/bank_K5_i000809.npz,data,1286,f393489e0a09fe4175b49e406527c9be8aed8e717ffa4f9b2665b050af135266
data/hmms/development/bank_K5_i001027.npz,data,1286,1f6984fe4d3360900004401d6b3c87521dda244119fb0c49241d7949f0eeeb3b
data/hmms/development/bank_K5_i001052.npz,data,1286,40fd7fa15eacab3652bb91523d3213219d5bf51a2141b9eda97b4b52ed676286
data/hmms/development/bank_K5_i001077.npz,data,1286,c41f22e04e1cbae13622db438652b2d7a93eb71c8ce83c7f691582b7f32905ae
data/hmms/development/bank_K6_i000011.npz,data,1446,268aff7bb0f296e79f8e6e4b086fa244d1d37b7abe1915b3a7af76474c3e958c
data/hmms/development/bank_K6_i000247.npz,data,1446,1ec5ff0d88e2d3d0f1e8f851081319580d84cdb86093d215f6fdf8e38de46817
data/hmms/development/bank_K6_i000250.npz,data,1446,dfbd220437b287e61c68429ac91208e4fcf4b06c175cb4bbd1b2ee84d45bf9ca
data/hmms/development/bank_K6_i000271.npz,data,1446,7bc643a3ddef7142271d89774d84e84225fed08c75476abf70187d76c9b629f1
data/hmms/development/bank_K6_i000573.npz,data,1446,301c058bc471becc34349b3c4207a141465f1a269609e3199891d02a42c53b34
data/hmms/development/bank_K6_i000993.npz,data,1446,c12bdae60b47c134fb0e60861f0c735ada8d60981fb78aaeb339d6ae55ff920c
data/hmms/external/SELECTION_LOCK.json,data,417,0453cffd3ab3e6de86c4dcdb9413fe63e85d4e56dd598cc50e736aec252b1500
data/hmms/external/external_ring_sparse_specialized_K3_i0049.npz,data,854,ba082afd43566acc58b293ebd3906bc8cc0077540fbf2eeb378a05bc68ab7a8a
data/hmms/external/external_ring_sparse_specialized_K3_i0051.npz,data,839,5932e83db6bdc73e781d91e83e4a1e5c067cb522e2f597b01c5f2f4f8fa1ed96
data/hmms/external/external_ring_sparse_specialized_K3_i0103.npz,data,853,4dd0f5647f50914a70f39f1ec94270fb0c86164b7e5f252891eb9d70ee141a4a
data/hmms/external/external_ring_sparse_specialized_K3_i0190.npz,data,854,d41d85c3b110ebc51783810e22f1fdbc34b5384d4c244f57f0d0c78095716f8c
data/hmms/external/external_ring_sparse_specialized_K4_i0003.npz,data,990,e977626a86c31bc326916990eeb1194b64ee73e4a190402b87d8206072ec2ab3
data/hmms/external/external_ring_sparse_specialized_K4_i0048.npz,data,988,99d137f5ffcfc63a119d87a5580b8d8d819e229dcafc9c6677b6bff049e51540
data/hmms/external/external_ring_sparse_specialized_K4_i0053.npz,data,992,af75d4d68106b1e218dfc8d9ad24ae1d412e4c4336092486a17766d1a26e7000
data/hmms/external/external_ring_sparse_specialized_K4_i0248.npz,data,993,9c51f71a155327c0bb5452ea753033910e9d052df284e8f88c79dcaa6320c243
data/hmms/external/external_ring_sparse_specialized_K5_i0011.npz,data,1143,e97f077c1ae19a356552fdb650435a5737e7c540fe3de309b744274728f81439
data/hmms/external/external_ring_sparse_specialized_K5_i0063.npz,data,1144,5ce2e2756087b9ebe8a8985d326617543da2f291e8c24703e1cf1ebd3a3cf92c
data/hmms/external/external_ring_sparse_specialized_K5_i0153.npz,data,1138,a1caf671e7a5550c8c1126e9694877fcdd0392c1523c0b32e3c946104a63cba9
data/hmms/external/external_ring_sparse_specialized_K5_i0201.npz,data,1139,c653e659b4cee2916cc8af756b51117bc22e5c996d7dfec9dfd794aae085b07d
data/hmms/external/external_ring_sparse_specialized_K6_i0034.npz,data,1311,b9afd8a0eba7d7cc442a2ec3d0989dc5a2f96703d11b5778b1f06dfca1dc7239
data/hmms/external/external_ring_sparse_specialized_K6_i0099.npz,data,1309,22237ea2f01e596232f3a04802b5d7e21e11a4598159d59f0666b7a0cb89c037
data/hmms/external/external_ring_sparse_specialized_K6_i0135.npz,data,1311,6e8278a3de43db8f66243e421b9d0d56da71748a20919d269899026c90def9d6
data/hmms/external/external_ring_sparse_specialized_K6_i0232.npz,data,1313,1f561f8985f70f1edc68412f4452025f71d1e527532dbfce12bafce8c46edb48
data/hmms/external/external_selected_hmm_metrics_full.csv,data,60369,095980a77e2db6d5efac37d45e389770e045e355a4ebedf5c054449aca840ef8
data/hmms/external/external_selected_hmms.csv,data,56664,0c960b5639dc3cb30a5f82c7afca55e4b083ad7d7b378e42e82f35a808f1635f
data/hmms/external/external_sticky_dense_logistic_normal_K3_i0051.npz,data,853,af5a357f3b8f308f02e2e682666d1166a328d6c23f8eaf7b812b5397b4589f63
data/hmms/external/external_sticky_dense_logistic_normal_K3_i0059.npz,data,858,5ba0480c2a86fb842952ecb79318479f1b1be94f3fe5640cbbc8734724210a7f
data/hmms/external/external_sticky_dense_logistic_normal_K3_i0178.npz,data,854,2363971a1ca0c7ab72aae585293c08f03dd86b383e3e798d80cb244d560b963f
data/hmms/external/external_sticky_dense_logistic_normal_K3_i0217.npz,data,857,80c7db7453b5c1e556866cbdd445326f85146fa4d2a3badb2be263e5360fafa4
data/hmms/external/external_sticky_dense_logistic_normal_K4_i0038.npz,data,992,f0ce0bcb95436d65f83237c07044201ef4751d37bf21fc955ddcc9378aa0d6bc
data/hmms/external/external_sticky_dense_logistic_normal_K4_i0108.npz,data,991,1c9153bd58d47b839a8c312260fe38fad0cc5362ce7e9940ec7465c90f3d7cb1
data/hmms/external/external_sticky_dense_logistic_normal_K4_i0131.npz,data,988,b382b428bb7a567a08dbad60816c3f6c6edd5434ff173a47a1a62f5a20f7f70a
data/hmms/external/external_sticky_dense_logistic_normal_K4_i0211.npz,data,988,f38e4526b72f24cd82f821575120da4c6b09b3e5579f44695990ad48dfb5fd75
data/hmms/external/external_sticky_dense_logistic_normal_K5_i0048.npz,data,1142,fac7e93b1dbaa7ae5cb7b5ab822efc8e291e286b04f0e7265f61f3512c024204
data/hmms/external/external_sticky_dense_logistic_normal_K5_i0094.npz,data,1143,2d0b136a441b93b2d7c44ced5daafcdcc75480564646c7767a12e36206af789e
data/hmms/external/external_sticky_dense_logistic_normal_K5_i0152.npz,data,1142,e43f82987feffa5100875be5369ea147e2b3ccb85238f4ad6dd636a9b031f701
data/hmms/external/external_sticky_dense_logistic_normal_K5_i0236.npz,data,1142,04d0f2313921f915a3011bf157417b027c27861eaaaa763d3ae44da73ebc148f
data/hmms/external/external_sticky_dense_logistic_normal_K6_i0086.npz,data,1310,a2185c2049423b64e5f531ba8938c15f0a063840af80bec878bcded22e3e2349
data/hmms/external/external_sticky_dense_logistic_normal_K6_i0090.npz,data,1309,3faee36ba35235087bb8ea63a3695d659c289337612e097a28c8e3ade2d5a3f5
data/hmms/external/external_sticky_dense_logistic_normal_K6_i0146.npz,data,1309,6a1c6a2d91eac2b5ac61df204f8ebe732d17b858e3cea86ed11c9785a266c123
data/hmms/external/external_sticky_dense_logistic_normal_K6_i0159.npz,data,1312,9cf55975e14a11141a73b95a7f34577de928b00635dd45c258bd2d5ad4405543
data/hmms/predictor_specific/SELECTION_LOCK.json,data,381,d86d8b21fc05086c3ce23f5213121b324a5d90c19c7d10ccf78ba38947a5aec7
data/hmms/predictor_specific/confirm_K3_i000012.npz,data,853,ad17a029a4c3605c08295ec6453413337aca4c858f83e93daa13f543c4c821a2
data/hmms/predictor_specific/confirm_K3_i000079.npz,data,853,10c2ce40a71d25b0ae7753deea53d9b2aeec25abbb463b63f126c477c7837c72
data/hmms/predictor_specific/confirm_K3_i000162.npz,data,853,496be84fae4f34ccd3b75926d701d9753999666789b956fd8633080a68519b0f
data/hmms/predictor_specific/confirm_K3_i000306.npz,data,854,f8c7bf128da2e80bcaeb6c0560fcd3565a1a6ec91c5054378dbd75dd2d4b5b5c
data/hmms/predictor_specific/confirm_K3_i000322.npz,data,855,ec60039d0d0977f623f4568828aba0470d7d85a023147c676ff9489f3f780702
data/hmms/predictor_specific/confirm_K3_i000325.npz,data,855,01ace1ec7a9a7157c7dbc9c896b0aff2d7adbbd518053b56af38e97ab65338a7
data/hmms/predictor_specific/confirm_K3_i000505.npz,data,856,8ca8a790b8750296ed5f7e12a5310ba25b60a29a1dc169f75dd783d3e8d1b2db
data/hmms/predictor_specific/confirm_K3_i000696.npz,data,855,0d467555eb73c6782ffcde8c3cdfebeb4f500755e3112cb9ea238ccb3023262e
data/hmms/predictor_specific/confirm_K3_i000796.npz,data,855,a26ae9b7d9939c3284341c29a577a45356eca4df2552b3efd18a748688d58409
data/hmms/predictor_specific/confirm_K3_i001038.npz,data,854,b4ff16600182084dd4548b61bd7e42c0070680ec4aaf05ffe22f04f1242e50d2
data/hmms/predictor_specific/confirm_K3_i001129.npz,data,854,4791c78e220d74b3d8bef8e7ba909fea3bc51ecb01076265f6ac6ca8101e2c42
data/hmms/predictor_specific/confirm_K3_i001170.npz,data,854,24108b225add2348d020a167eed92362a6878d691255574ce0e18226e71f3a2a
data/hmms/predictor_specific/confirm_K4_i000025.npz,data,986,f7e48459ad9bb51ebc76c4ea73130f68ae0f359fac53b292aaf43936bdd5e112
data/hmms/predictor_specific/confirm_K4_i000183.npz,data,989,71638d11a1d3a4e54050c69b1035775c8cb8086a9a0a53e8a17f98c5e2e7055a
data/hmms/predictor_specific/confirm_K4_i000291.npz,data,988,64c85f31f2d0f764e30c0f704540bbf6e7d5b4262180775ad65bcf60c7fd39bc
data/hmms/predictor_specific/confirm_K4_i000480.npz,data,990,a64a775c18bed09835db0905b0cbb4c7dedb1e43521166206c75afefd53e4823
data/hmms/predictor_specific/confirm_K4_i000499.npz,data,990,343806d32da1c99d39f882201ecaf3e4f3ae29e500af1c9aa8bf4eb3a2cf8c42
data/hmms/predictor_specific/confirm_K4_i000541.npz,data,990,3be08b55d582b57d507ae58289e1434c6ef813ca7edb77870d701944ca9f30ec
data/hmms/predictor_specific/confirm_K4_i000647.npz,data,991,55c836de333328eff5b005fc26e38d1e384f169292aece6878605f8f2c218821
data/hmms/predictor_specific/confirm_K4_i000657.npz,data,990,5ceee197340946818f011dcacf80c871a252af77a3a4b1c692379eb958013a4a
data/hmms/predictor_specific/confirm_K4_i000700.npz,data,990,d5d27cbadc8808401f3341e1b8f601c727ef80fc5d5f30bebbc6fd36898b014f
data/hmms/predictor_specific/confirm_K4_i000754.npz,data,991,7dbb0fcb798b0ee3ce96e0adf33dd610f1fd07d82873a5975fb4b08273b29ebd
data/hmms/predictor_specific/confirm_K4_i000930.npz,data,988,1ab498f02a8c1afe6ec77fc689a2f89aebc1f3783bbceb90bdc1773624d3aea6
data/hmms/predictor_specific/confirm_K4_i000955.npz,data,990,fb83f7df39115b4b45a1aea56d510bb7209107e126c0de3c52306ab316ba8631
data/hmms/predictor_specific/confirm_K5_i000095.npz,data,1143,40c00f86e324a33fc2e72c2a145eec293abe484e3016d6edee3b6d8504a3ac26
data/hmms/predictor_specific/confirm_K5_i000105.npz,data,1140,bff782d0d268612e19701286ea152224bb64e0aeb36ddffb0615c05c8ce08a16
data/hmms/predictor_specific/confirm_K5_i000132.npz,data,1140,d917b9f8c357659ff8a1994855fe80663edc9f882f11933ac0624893c6d62c2a
data/hmms/predictor_specific/confirm_K5_i000172.npz,data,1140,8002d25b50ab2abfcf1f8dc48c86be3463bbeb17c9f9a400ff83b06403eb438c
data/hmms/predictor_specific/confirm_K5_i000670.npz,data,1138,95f58633040c7b2d259b14a92805440118e62eb9b7ae6bbc7b6e573b2b3c94bb
data/hmms/predictor_specific/confirm_K5_i000777.npz,data,1140,b110eb6b4d8ca713167c753a32936a5e7a82e3b341f587382c2eb559178d5bcd
data/hmms/predictor_specific/confirm_K5_i000796.npz,data,1140,9fe96e6ffab8c3c91ebdb8cf7d113c4434767a66d4187a29c20791f45d059c60
data/hmms/predictor_specific/confirm_K5_i000954.npz,data,1138,2a9b267ba5579a7e09108c7498f6c828ab802ddeb282c62049288aeaec25e129
data/hmms/predictor_specific/confirm_K5_i000999.npz,data,1141,e5c5c0da9b24ade9f47144712c4aae8cf53fcf98f52a891ac461ad5ef5a10a7d
data/hmms/predictor_specific/confirm_K5_i001021.npz,data,1141,e863d3ad0e251f895d94d063a35e7ac5761afc212dec795c96793a8d220d63b9
data/hmms/predictor_specific/confirm_K5_i001023.npz,data,1140,1ff23609b458288dcd97ced6869d86296f0fd722b8c5f65dc69a614b1964dac9
data/hmms/predictor_specific/confirm_K5_i001171.npz,data,1140,77fe8da079c7fb1ede2ada258a6d1211c0274b7d9d1d7ed0091bd9ca67684583
data/hmms/predictor_specific/confirm_K6_i000161.npz,data,1313,8cb4dba69da9f8671d2f75e13fd7a3224aa4b35cbead6409d5eb34083568c399
data/hmms/predictor_specific/confirm_K6_i000208.npz,data,1311,31b793fb2158435a70e611fe92b9f530411ca4d9e017ebe666f6d70e44b55855
data/hmms/predictor_specific/confirm_K6_i000210.npz,data,1307,7f35b27200d3603b888c6a96e652b5f791206150e63fcc7c617d5499cd95cdb5
data/hmms/predictor_specific/confirm_K6_i000268.npz,data,1310,d39fbfd351a7cd9d280191bf99dfa4faed9788c0de3434dc18761bda84795b3b
data/hmms/predictor_specific/confirm_K6_i000306.npz,data,1309,a96b4f718685f83bdb9e7bb14f12a051fde2ec02036a4c5cda4cb1810ccbd782
data/hmms/predictor_specific/confirm_K6_i000442.npz,data,1310,39b383170da90f2955ba0c60be07c179e87706c703d4ecd676e0a495bdc505fb
data/hmms/predictor_specific/confirm_K6_i000561.npz,data,1309,b5e8bf86d809c176b1421a62c49c1dbfd19f9ed3f2551d65d64b891c4d9f8ace
data/hmms/predictor_specific/confirm_K6_i000775.npz,data,1307,454bc331c11778d7caf9fc8f66ed125ab2c80ae4fc4867f292a0b2d14aea0b1f
data/hmms/predictor_specific/confirm_K6_i000835.npz,data,1312,9e1de2688807edb5413831986eb6ee5af8b58dba565939774614e4b06be1202a
data/hmms/predictor_specific/confirm_K6_i000915.npz,data,1307,acbf848774a88caa0724f5a83c63dec46d4053747309bc54fd8951e3e703c22e
data/hmms/predictor_specific/confirm_K6_i001063.npz,data,1312,ac6a92491871e50fd7af618189390962ff8d719e4f55d86f132214dd4c0cdb74
data/hmms/predictor_specific/confirm_K6_i001089.npz,data,1309,9d480ebe9d59f6418f7160f84f4ab09c3395b2a7b87ee9c02af4ceeb141f2e69
data/hmms/predictor_specific/difficulty_matched_pairs.csv,data,20372,024f54194bc864b3dabe8c6692b94cc9c47cd0883606d45b0d650076cf043664
data/hmms/predictor_specific/difficulty_selected_hmm_metrics_full.csv,data,76044,b62fad2dc25037703bea4d564e0ff159a6a786eaa086f11fc421798f26b95361
data/hmms/predictor_specific/difficulty_selected_hmms.csv,data,61335,babef00bde9a25eff704b88446812b2cc7cb7b305869683ea4954f8036e8839e
data/hmms/predictor_specific/selected_hmm_metrics_full.csv,data,76034,bda050e937efc7f59841bd8a9ce2fcd264eeab5a18a486a9b93eaec8679e594e
data/hmms/strict_replication/bank_K3_i000215.npz,data,854,81dc1957e23054099657dfe91112e47e646cae23d60087da4aadf7f2e935d3f4
data/hmms/strict_replication/bank_K3_i000956.npz,data,851,404b03242f8aa25bc4c3a86315e3936f4766d2b53c0e43d387feec41b2073047
data/hmms/strict_replication/bank_K3_i000970.npz,data,854,f0dac82a88e134b1ffb90b5988a657d9d5b4ed247498a5774f09c2b644ae21fe
data/hmms/strict_replication/bank_K3_i001094.npz,data,855,799997f67a2f1f0e5c8f44055d685d2763b6ecb004d29a7d57526119889edd86
data/hmms/strict_replication/bank_K4_i000146.npz,data,989,a0396a819eeba0baefaa2564786e8d77b12395223f89f80df1320d3631e86b2a
data/hmms/strict_replication/bank_K4_i000184.npz,data,988,1c4d7632c526c6ce138bfac0bd90c24dfef277c5c9309c9abfbe5df3640d08fe
data/hmms/strict_replication/bank_K4_i000559.npz,data,990,19c7493f7cda9fc2ee50d3bcd489450b86281a40bcd1060c198657cbed0bc397
data/hmms/strict_replication/bank_K4_i001237.npz,data,989,0d3c569418d38d55f22d6decc8a1b033c0ad11fb322b98a47f0bae4ca9b70504
data/hmms/strict_replication/bank_K5_i000044.npz,data,1142,ad902c6b739bc3737ad6314db1f17be8df2e31fb8634fd7b4d275f7e7336c4d9
data/hmms/strict_replication/bank_K5_i000130.npz,data,1139,cb605140d091a85ef14a9933685f4ed861bd86b8103d49c938cb6cf7efe8db5f
data/hmms/strict_replication/bank_K5_i000458.npz,data,1142,f9afe0973ecfd85e7c2a26114b62b4e16fa8c00edaf224cdbf7b403616094bd2
data/hmms/strict_replication/bank_K5_i000689.npz,data,1142,27560d3a0744375ebc1aed69f62451d1fe13bd33b6c84922ee13b118b52cf4d6
data/hmms/strict_replication/bank_K6_i000250.npz,data,1309,b21cd5f8e7ea2fc67c80f709c5b008996e5062524df29ac5063aca49f15f5455
data/hmms/strict_replication/bank_K6_i000724.npz,data,1313,689bc6596e12855ef1267411ed15fcf0fedc07110bb38a89f6ad39436ae7de90
data/hmms/strict_replication/bank_K6_i000841.npz,data,1307,151bcf4b467a5feb9d0ed2eea79b1dcae21dd4c0fa8109771405ba7ad7bcd86e
data/hmms/strict_replication/bank_K6_i001071.npz,data,1307,cd3b91d2d5ee466be174632504cccf0168466c2529f0bef1a4a303600c063ce4
data/hmms/strict_replication/selected_hmm_metrics_full.csv,data,21688,89a1e88fba33590f4177d37e95f3dcfdb67172926811552cb2778deff0634a86
data/hmms/strict_replication/strict_matched_pairs.csv,data,5316,d55447cc2a10c6e0334a6f3191de6ada3eddc1079e5c236aaa6e7cb86ca732fa
data/hmms/strict_replication/strict_selected_hmms.csv,data,16531,43e5ef65f8e153786f77ab929d3b8d257a73a52ed8ea3ad3312ea01dbc513bb0
data/protocols/DATASET_REALIZATION_PROTOCOL_PUBLIC.json,data,2320,03b8bb37d2e489f2ffb171b174e9a08ac83399bf0270b057f1ad5eb19e487b42
data/protocols/STRICT_REPLICATION_PROTOCOL_PUBLIC.json,data,1118,f5d6e421b52ad8ce649a8f5f2a98019a912a30f88532f11d54afccdddf3f7d1a
data/protocols/confirmatory__CONFIRMATORY_PROTOCOL.json,data,2014,cac671a5610e1a4bfa225255f9bb6bb94a43407439dd676f104438ee2db59d3f
data/protocols/confirmatory__run_manifest.json,data,3298,1f287a487fbbb0ed1fc2aae7dbbae12e7fb24ef05a3214bc678bdddfef0e33ca
data/protocols/dataset_realization_replicate_manifest.csv,data,8242,48e7bd6f15d57950851d466495afe2a23c82d56d3698f49aad6629614984df94
data/protocols/development_run_manifest.json,data,3336,913dae53210340133e30675cf1f0cc9b9a837e11939c58375b7c6394529708d6
data/protocols/external__EXTERNAL_GENERATOR_PROTOCOL.json,data,1704,97dde191051b3930c260741e2ea7fa396fea8c674601177a57f0a1afd7b853f6
data/protocols/external__FROZEN_EXTERNAL_DEVELOPMENT_COEFFICIENTS.csv,data,10515,1728907f0ed67f71b415147bb38ffc025829a896597a9b0bd2574b13085fa96e
data/protocols/external__FROZEN_EXTERNAL_DEVELOPMENT_FIT_SUMMARY.csv,data,1460,bee997a070a1eb1b45d4b0ee1a949e5237e5d82f811ae5d5bd8ffe314fe91878
data/protocols/external__FROZEN_EXTERNAL_DEVELOPMENT_MODELS.json,data,858,629b4d2592c7e500b1352b128d4f37c01fa52e087a7377c364a0e23e893d4418
data/protocols/external__run_manifest.json,data,3278,5d75db380e419830deba9e4cef898d54a9f4b0c90a6e965354c73ff24b53b222
data/protocols/predictor_specific__DIFFICULTY_PROTOCOL.json,data,3257,cbaf9c738b87d31a6d825bb837ea7ff3bc2b288f4f9bb3677c5101d606cb7e08
data/protocols/predictor_specific__run_manifest.json,data,3285,654f9fa3c90454e40ccfb6fb122ba43bc5dc3e8eb5a4570e67b74be5a85a08b0
data/protocols/strict__run_manifest_original.json,data,3278,794ca92377de14ba98d74f614d38d5d563c217bd583fefa0f55c2cc069a6ef11
data/run_level/confirmatory__confirmatory_training_raw.csv,data,659200,0e9fdd211bd066eabff403095d63f6cfc486ee5adb3f4d77edf3ebe3b5cb9369
data/run_level/confirmatory__confirmatory_training_with_metrics.csv,data,995968,43dd4478857c72382c42c06e3bdce818075c8579d1e94e27a6647a0923fa53c3
data/run_level/dataset_realization__training_with_metrics.csv,data,567762,53720a18f4dcabbbcc1ad2f5bbe72b1e978e9efb17718c96beb6bee85629d252
data/run_level/development__main_training_raw.csv,data,661220,75d7b04d2d2bd5956bc21024803cc169c95ca955d4235aa4074fe6a18d6bbb87
data/run_level/development__main_training_with_metrics.csv,data,1014213,e3cd4ab30f8aa1d3db28e42d49d4f9719ad61a3e5ede0bfccc51bfea7d8ecb90
data/run_level/development__sample_size_training_raw.csv,data,104965,525c903f959e59b8483378bfe7a4d639d5b4f02f2fe4c613be764ab57fc9af47
data/run_level/external__external_training_raw.csv,data,180756,c4313eba4d83185c56cfbf2458c7c23bf4cf8bad34668a802f51026f7c2ba1ed
data/run_level/external__external_training_with_metrics.csv,data,256326,0661fbf7cc5b13eb7583b8051a7c5a97a67c3e9d91560c2b4b6c754fb8bfb681
data/run_level/predictor_specific__count_error_with_sparsity_diagnostics.csv,data,1248340,d9ba9109ca8f2d760b5345eff03b28e6241f6736a4581055360136e08381ed96
data/run_level/predictor_specific__count_predictor_summary.csv,data,1009364,54bdc41866b8b2d46635478713e70475a394a4d419239a6fae1e7246881fc85d
data/run_level/predictor_specific__difficulty_neural_training_raw.csv,data,363868,3103d87fffdf3daf4d18db3de17c936029e4392d62e444e4a0329eeac4add0e9
data/run_level/predictor_specific__difficulty_neural_training_with_metrics.csv,data,552866,66e5815bfc4ee9976285f814c0a4b2a3d242d7763764f5cc26571b35195f27f2
data/run_level/strict__strict_run_level_pair_effects.csv,data,27477,4d0abdf492ca6dd3c190a02c09e724a549df45472935e617a763ce2dbdb4fa27
data/run_level/strict__strict_training_raw.csv,data,121985,27fcb694c93c7bb24d4495bba58faa0be06b66c3751923d8daf429a4e68e9f50
data/run_level/strict__strict_training_with_metrics.csv,data,184820,aa3798ce6b8f27166e09202c30dae00f1eb9b5a2fe31ceb9bdf92d7fc227d1a6
data/selections/DATASET_REALIZATION_SELECTION_LOCK.json,data,1432,051440b7fc60329436390bf4b66146bd7f2f1c4d2e89ba52c24a2c6b2f27704c
data/selections/DEVELOPMENT_SELECTION_LOCK.json,data,4274,72b886f7cde4034c0ccc2061cbfd19490059d8cef0a50cef1c93f4fc974fb011
data/selections/STRICT_SELECTION_LOCK_PUBLIC.json,data,2201,8aefd405132e5ad24837042de7c86113044187fd7a71d0179605f87baa812aaa
data/selections/dataset_realization_selected_hmms.csv,data,25713,2b157e2d0c89c745ec65d7365e6be1d39faa2eb2410012f4683608f032f08279
data/selections/development_matched_pairs.csv,data,921,bd8b3a09d26148057376ed84e3b79f80599bc061e371589671d43da1a4f6d84e
data/selections/development_selected_hmms.csv,data,17375,e8fd2d7af4f555155181056bcd5f5eb20ea8ed72105df94e516eb46eb5fd7ca7
docs/DATA_AND_CODE_AVAILABILITY_DRAFT.md,documentation,1841,6cfaf3565bfbdee84e87c91f0f0c8578e3decbcae6c28c98ac5cc2b9251fd6de
docs/DATA_DICTIONARY.md,documentation,3395,e0216ef5fe86935d95478d5b82da5e95a45cccbdfa01a9e8ccd0feed961d0d18
docs/EXCLUDED_DATASETS.md,documentation,813,0920263109ef635fccf59a97a14462fed27eec5dde332ca9d6c75ca8cc56b662
docs/LICENSE_OPTIONS.md,documentation,633,e2110adcd5b4f02b73d691e41767bb0afd270bd2d520db849554228f7834397d
docs/PUBLIC_RELEASE_CHECKLIST.md,documentation,2126,557c100f89546cf0d4bfdc5d18564d3ad640e3bd4d129cf78b90de6a7c17ebf7
docs/REPRODUCIBILITY_MATRIX.csv,documentation,3181,439b3a059eb623ead74729c83ceb8a4fd262ee07916f212e9b521dee2c886970
docs/SCHEMA.csv,documentation,433676,0038fda50a1deeb226a157425897ce9ec5a9fe8b73cac44652c3ffe2f2f44e18
docs/SOURCE_ARCHIVES.md,documentation,1062,12c3c0666ee9561d8eda9802a2a9d9204a0bc7fa35010870707f051b725277be
outputs/analysis_metadata/external_pls_composite_transfer_metadata.json,output,1077,ee6bdbd7ed454538be91e521bfe1714b7419647d6a0b313a7299790ab64c2119
outputs/dataset_realization/RESULTS_SUMMARY.md,output,8036,32ab1af6562eb140ccecf75df237556408dcad1172bcaacad6bc4f86f5d8471f
outputs/dataset_realization/figures/frozen_rmse_GRU_A_width_shape.png,output,67303,7d8a5ea81cdd6605335f9ede1d78b8a1fa4443c516322228102c97ea80d1d860
outputs/dataset_realization/figures/frozen_rmse_GRU_mean_excess_ce_H.png,output,62221,a2c926c3a50b0d29557918d694389cc8f0e5d64f541872c7c996aa2588b5ecfd
outputs/dataset_realization/figures/frozen_rmse_Transformer_A_width_shape.png,output,66207,22b5c271decd3777c90362213c253f007e5adb152440f9d7478f4b2082bc904c
outputs/dataset_realization/figures/frozen_rmse_Transformer_mean_excess_ce_H.png,output,63904,5f4137edca44e45f7be3265daed8edd34d01e31e99b0a0b4ae1ca1932e8011e6
outputs/dataset_realization/figures/rank_stability_GRU_A_width_shape_r0_r1.png,output,91086,ef74afab6f477eeb8e2d95f5010c9bdfd54fe43b3e9a76a4b8c7b4ac3553959c
outputs/dataset_realization/figures/rank_stability_GRU_A_width_shape_r0_r2.png,output,82337,86e858c6a91cd41f11deccd06ad36956bb065ee82c6cdaa7b7e4aaf52833b1d1
outputs/dataset_realization/figures/rank_stability_GRU_A_width_shape_r1_r2.png,output,81141,66ca6eedbb0ca5aadd4cef2d2ae9dc71ee6cdd2a538b2cd096d235767804f38f
outputs/dataset_realization/figures/rank_stability_GRU_mean_excess_ce_H_r0_r1.png,output,85091,b3868d348291b5add726775f727ac91576324aa4a098a82d5b71408e2d54b7d8
outputs/dataset_realization/figures/rank_stability_GRU_mean_excess_ce_H_r0_r2.png,output,82647,8301b206457f18fc3d0b666f1729c7026d73b5671cef1a924062814f3ccb3074
outputs/dataset_realization/figures/rank_stability_GRU_mean_excess_ce_H_r1_r2.png,output,84659,d05334203d82fa17b03d0c97e616adbfaa78b50a91c869b2eb8a0a959e20ca17
outputs/dataset_realization/figures/rank_stability_Transformer_A_width_shape_r0_r1.png,output,82162,4f45dcf1e772aa3fde6a16ea50623babd2779aa99e273ac98ed5b65cb2ad7761
outputs/dataset_realization/figures/rank_stability_Transformer_A_width_shape_r0_r2.png,output,81325,f188e2314e1f3210d810bafe543e254a20e7f720f2f83394ea27b199d95ebce8
outputs/dataset_realization/figures/rank_stability_Transformer_A_width_shape_r1_r2.png,output,80703,0bf235b7baee220a3387bf4a25b3c9910a37d2423a68e6bfb320deac4c5ce58e
outputs/dataset_realization/figures/rank_stability_Transformer_mean_excess_ce_H_r0_r1.png,output,83807,7571bd783cacc53044225d5419911cc9fee512584a5fe8fca1c50e769b680c16
outputs/dataset_realization/figures/rank_stability_Transformer_mean_excess_ce_H_r0_r2.png,output,83482,fe6177d8139fdf587c61adce8375cfbdde073243a23ab4b03d11a18067217ad5
outputs/dataset_realization/figures/rank_stability_Transformer_mean_excess_ce_H_r1_r2.png,output,83383,42f262e2f872d32186260daf8953fadaa92b70538b4675885296df175bc0d9fc
outputs/dataset_realization_reconstruction/dataset_pair_rank_stability.csv,output,1130,0268837b2d551d361703e1913ef52ccf38f321278a0d678995d2e3855cd2f3b0
outputs/dataset_realization_reconstruction/frozen_augmented_vs_K_by_dataset.csv,output,1696,4d9254bbeab4705f6d86439d1504145ceb00e6a9f89c52ffdba52de322203d36
outputs/dataset_realization_reconstruction/frozen_profile_performance_by_dataset.csv,output,3007,d9f2849873c2141e9a85434a64bd1b160176c0f175135fd1336ae9b33481a8bb
outputs/dataset_realization_reconstruction/hmm_dataset_summary.csv,output,9235,a4868497b7c64e0a8996624f8f2d60aff9b675035ad2beeb5170a4e0e5ceac70
outputs/dataset_realization_reconstruction/hmm_level_process_icc.csv,output,847,ae7541fb2c1e630662ddb8064658248eee207ef55ed4300ec9df6fb1dac48fe2
outputs/dataset_realization_reconstruction/pca_pc1_loadings_by_dataset.csv,output,850,8ae193b09afcfa8c634145c3e97c0e01033bf298a334926170d634d87e23e473
outputs/dataset_realization_reconstruction/pca_pc1_score_stability.csv,output,128,6b1ee093d3947a608efc4640be6af5e5a40695a71de43f8b2394a3620005b865
outputs/dataset_realization_reconstruction/pca_summary_by_dataset.csv,output,202,983c975e3c32bde246e07fe37a5786d90cbaa6e6776f589419df20ac8a05770a
outputs/dataset_realization_reconstruction/table24_dataset_realization_stability.csv,output,553,1db4cae33877de394e7e72e1e130531e26419eba7ef11ed7f4aec1f6ac5f53e1
outputs/dataset_realization_reconstruction/table25_dataset_realization_frozen_prediction.csv,output,510,0e1432a3c54750a9742babc58b26116de8d58a27c0346836c25673d4ff7bafb5
outputs/dataset_realization_reconstruction/width_level_summary.csv,output,51126,69df218e99d11f7cf1f4179bb783da147c4f02b8246ef6b7910a6e795aba035c
outputs/paper_tables/appendix_external_transfer.csv,output,6658,c6afab35745dbf4ed9c2f4cff0ad9dbb9a88e8b42eeaf7f986eb67532cb6a5dd
outputs/paper_tables/appendix_strict_effects.csv,output,394,3924254612776ccde97aa85fb8c35e0188c2efab1113b640c5fb29df60c7b250
outputs/paper_tables/external_pls_composite_transfer.csv,output,185,fccafed3b55a759f15eb54915748945311f5c78878da9eed1ed1d17473204868
outputs/paper_tables/table24_dataset_realization_stability.csv,output,552,842a395d4058e1678c6258c67544604ae7c9e347e5b5e3c835f4ea46c64b5d66
outputs/paper_tables/table25_dataset_realization_frozen_prediction.csv,output,484,2d3412d3b2c011207fbc9e0c0c0b3084d02349e79e2901f305f8e5b5975e263d
outputs/paper_tables/table2_confirmatory_frozen_prediction.csv,output,1855,b9fbabfe02e742e90e2e8485b8bebc55e91867f7069043a77f6d32b1054a8c21
outputs/paper_tables/table3_confirmatory_crossK.csv,output,2768,3f6822cb1ffc72fe224f2c451fdae8ce4fbb8640649c1f812bdbb3ac10b6e506
outputs/reconstructed_table4/table4_condition_metrics.csv,output,3393,5056c40324392649c58e0e0e883983c6d84beac9c352ceb05775a14417bdcb8d
outputs/reconstructed_table4/table4_confirmatory_loho_reconstructed.csv,output,329,87b3a9f2994070de8fc1899bd7eeae397aef9bcc75de0bf32b8f355776ffde68
outputs/reconstructed_table4/table4_full_ridge_inner_scores.csv,output,12297,703c9e27f738b8354991be2e971ec571d1f2e48329cde1487ba643e528dce219
outputs/reconstructed_table4/table4_full_ridge_selected_alpha_counts.csv,output,52,b0a30e4f5571047fb40faeeb0477cdabd9d932fb11101adbdb913506e44bab31
outputs/reconstructed_table4/table4_full_ridge_selected_alphas.csv,output,1694,46aab68e68e786138a11b4a17548d74a1707f0653bdfab455f28c318da2cf730
outputs/reconstructed_table4/table4_loho_predictions.csv,output,71186,1eae8e97d6c980d1cdc311ccd0e71bb66c4ebc6b6c5e5325835a663f99b892f5
outputs/reconstructed_table4/table4_reconstruction_metadata.json,output,1323,e8aedd11ac6987c07847441976dc055a8141f4108aa9edaf6689cd7570e1374e
outputs/variance_components/README.md,output,473,bc5193a15d8ac962cb3265ed682871100c5e706148d693c468a9f02a7c96e4d6
outputs/variance_components/seed_aware_bootstrap_shares.csv,output,1011951,e26359553bb2b5a16cb396d5780adde8f81e19921e35b1892edb6ebf0768eb73
outputs/variance_components/seed_aware_condition_scaling.csv,output,1149,40c737c32d1338bd08070e7ffdef49c3fb085e3121cfe6ec4be0ad0a2c1c052a
outputs/variance_components/seed_aware_variance_components.csv,output,969,931ff0ed948fb6447f896b80a4541528e1ba78a87944b491c8838ac625354cf2
outputs/variance_components/seed_aware_variance_metadata.json,output,1316,bbf0394bc0b886330de8a22292a3d329d67284a0ada4fad0b91550964ff003f2
outputs/variance_components/seed_aware_variance_summary.csv,output,529,14be20fe27b1a7bcb86bb47c0dc0edfd5533eda80962e78a40616bd07eb4e5ba
