hmm_id,architecture,A_width_shape,best_shape_rmse,best_dimension,width_gain,d90,d95,mean_excess_ce_H,mean_recovery_ratio,K
confirm_K3_i000022,GRU,0.0309899798366508,0.0261890474828433,128,0.0020786837715007,128.0,128.0,0.0143898213195165,37.59735166803992,3
confirm_K3_i000022,Transformer,0.0354938743689493,0.0289004675252921,256,0.0024621506637463,256.0,256.0,0.0162601319985946,-2.733045893403593,3
confirm_K3_i000056,GRU,0.0215629343191594,0.0164837375393272,128,0.0069167677479588,128.0,128.0,0.0168695523604322,2.8699218120817998,3
confirm_K3_i000056,Transformer,0.0279658848556628,0.0153088359464747,8,0.0,,,0.0246088422104287,-0.3569835364943743,3
confirm_K3_i000150,GRU,0.0392647786538661,0.0240776057290203,32,0.0168855222018723,32.0,32.0,0.0549553632862574,0.7859639831099363,3
confirm_K3_i000150,Transformer,0.0396331119359131,0.0272552462055208,128,0.0132662328545076,128.0,128.0,0.0639209533236629,0.72386169761423,3
confirm_K3_i000321,GRU,0.0426928040392232,0.0342178410769792,128,0.00967625854936,128.0,128.0,0.0232655661449544,10.235883544653506,3
confirm_K3_i000321,Transformer,0.0328466049824928,0.0235607583783566,8,0.0,,,0.0209106266767495,-25.15936277476621,3
confirm_K3_i000341,GRU,0.0242548031774904,0.0156336502823765,8,0.0,,,0.0193868210416963,1.2005918685155907,3
confirm_K3_i000341,Transformer,0.0260777634387132,0.0195984062082372,32,0.005799200811832,32.0,32.0,0.0270267305773427,1.2269387167607475,3
confirm_K3_i000517,GRU,0.0431880636732337,0.0347952109614622,128,0.0130565561597812,128.0,128.0,0.0514985943760423,0.4148098401694999,3
confirm_K3_i000517,Transformer,0.0370914376280369,0.0319277729274258,8,0.0,,,0.0457151527132539,-0.006991649931267,3
confirm_K3_i000617,GRU,0.0193322214814518,0.0155341177961929,32,0.0017494209811245,32.0,32.0,0.0182737752078772,-24.316971175759942,3
confirm_K3_i000617,Transformer,0.0214555083246453,0.015937256088116,8,0.0,,,0.0165924846409559,11.02930631938068,3
confirm_K3_i000682,GRU,0.0450421912971092,0.0276833623617754,8,0.0,,,0.0429984499359837,0.6670011477216903,3
confirm_K3_i000682,Transformer,0.052737820073588,0.0343772748691126,32,0.007314311810869,32.0,32.0,0.0873490412379018,0.45475205357991,3
confirm_K3_i000718,GRU,0.0363458708243292,0.0301091562177282,32,0.0015672502734682,32.0,32.0,0.0221657823807322,1.4214930205025442,3
confirm_K3_i000718,Transformer,0.0429676492586598,0.0368799642105892,128,0.0172748088114235,128.0,128.0,0.0420906476712548,-0.0917954357649215,3
confirm_K3_i000884,GRU,0.0261196088643236,0.0218709276651391,32,0.0080981223353923,32.0,32.0,0.0197320530220165,99.79980648880706,3
confirm_K3_i000884,Transformer,0.02338364846951,0.0177086174228297,8,0.0,,,0.0160258701100244,-50.072692181268366,3
confirm_K3_i000936,GRU,0.0468712440166131,0.024716603614356,256,0.0226036846866679,256.0,256.0,0.0079608100979165,252.785829592234,3
confirm_K3_i000936,Transformer,0.0381547588399143,0.0326595188212951,128,0.0178792365163297,32.0,128.0,0.0022441524593667,37.10322476660869,3
confirm_K3_i000975,GRU,0.0335830275672741,0.0241968332848669,32,0.0151058142799716,32.0,32.0,0.0541003790205098,0.9350902486543125,3
confirm_K3_i000975,Transformer,0.0442571758768119,0.0377719514594126,8,0.0,,,0.0742383972262717,0.720494661018027,3
confirm_K3_i001105,GRU,0.030460295518531,0.0277358053541406,256,0.001165108317807,256.0,256.0,0.0126536993928079,4.770282519152325,3
confirm_K3_i001105,Transformer,0.0447900154790797,0.0299569382971033,8,0.0,,,-0.0075614598892803,7.336290379644954,3
confirm_K3_i001131,GRU,0.0628715189245999,0.0505937431509155,8,0.0,,,0.0507625368805082,-30.69009141622719,3
confirm_K3_i001131,Transformer,0.0552043384778937,0.0535155564437884,32,0.0001660414126926,32.0,32.0,0.0235054540829213,-13.623460670633705,3
confirm_K3_i001202,GRU,0.0193657831560663,0.0157467678644546,256,0.0095077756382938,256.0,256.0,0.0101039064832122,6.472128071243423,3
confirm_K3_i001202,Transformer,0.0223240340466432,0.0121033059872587,256,0.0133785332264191,256.0,256.0,0.0211790898598821,0.0394311029924072,3
confirm_K3_i001308,GRU,0.0422606600330828,0.0325234985523368,128,0.0050171687013208,128.0,128.0,0.0341209077576165,1.9116763833891448,3
confirm_K3_i001308,Transformer,0.0503466276026216,0.0370653986484243,128,0.0157780166408553,128.0,128.0,0.044518421713448,-6.499759772849322,3
confirm_K4_i000041,GRU,0.0236318972031764,0.02024821131206,256,0.0028721454688244,256.0,256.0,0.0261935254852913,-1.153211804604484,4
confirm_K4_i000041,Transformer,0.0262847982598055,0.0162356800467101,8,0.0,,,0.0205216808538578,-0.4055362377182551,4
confirm_K4_i000216,GRU,0.0420168152208496,0.035842375904853,128,0.0024751896216283,128.0,128.0,0.0138872348287758,1.0686819426404652,4
confirm_K4_i000216,Transformer,0.0477301411233096,0.036684833904575,32,0.0139791644109495,32.0,32.0,0.0295638170958181,0.4989698752286194,4
confirm_K4_i000247,GRU,0.0344706553193303,0.0268697344965088,256,0.0236734321250226,256.0,256.0,0.0187741769648759,1.1117423191442577,4
confirm_K4_i000247,Transformer,0.0331747750678261,0.0165446672010912,32,0.0180653611729503,32.0,32.0,0.0452587159521548,0.4395313876543889,4
confirm_K4_i000363,GRU,0.0436543506431113,0.0366717237854421,128,0.0096398944805995,128.0,128.0,0.0515756369190608,0.1150831546932759,4
confirm_K4_i000363,Transformer,0.0438031954056792,0.0224686328178488,8,0.0,,,0.048084378670374,-1.9374064438087817,4
confirm_K4_i000373,GRU,0.0264367305373406,0.0199020456136864,8,0.0,,,0.0145196660953044,33.4259590876074,4
confirm_K4_i000373,Transformer,0.0217210425366079,0.0179831252925285,8,0.0,,,0.0263066187100887,-11.182365789900626,4
confirm_K4_i000423,GRU,0.0415493646375662,0.0294074403402375,8,0.0,,,0.0378017721964933,-1.3904767149518549,4
confirm_K4_i000423,Transformer,0.0411977816327116,0.0331096305464136,32,0.0049161631746293,32.0,32.0,0.0337626409052827,-25.21056090923264,4
confirm_K4_i000448,GRU,0.0431876727684712,0.0410417647186646,256,0.0069691596987932,32.0,32.0,0.0287967159943226,0.4146350080455862,4
confirm_K4_i000448,Transformer,0.0338688056671667,0.026541628480236,128,0.0144156611667689,128.0,128.0,0.0418787981913927,0.5529057474179632,4
confirm_K4_i000599,GRU,0.0228672337957654,0.0159817425446586,8,0.0,,,0.0173469166943982,1.1453536723016196,4
confirm_K4_i000599,Transformer,0.0227185747348567,0.0173581420744162,8,0.0,,,0.0333623140791609,0.4234732637318378,4
confirm_K4_i000654,GRU,0.0451838726635394,0.0374070770236131,32,0.0029466543140709,32.0,32.0,0.038626970080474,1.275771803885827,4
confirm_K4_i000654,Transformer,0.0550602598366054,0.0451590850243146,128,0.0319560889194276,128.0,128.0,0.0466452841738254,0.7501488032909909,4
confirm_K4_i000678,GRU,0.0500700105312289,0.0287909307153397,8,0.0,,,0.0032058491155844,2.51890592458912,4
confirm_K4_i000678,Transformer,0.056503694843652,0.0297754064758623,8,0.0,,,0.0480366154358129,-0.9175782079064384,4
confirm_K4_i000767,GRU,0.0191585818314849,0.0102163646457741,32,0.0108794474871359,32.0,32.0,0.0223379332191485,15.058388146108555,4
confirm_K4_i000767,Transformer,0.0254351335658568,0.0171511510124844,8,0.0,,,0.0359642758584755,-106.18275670184252,4
confirm_K4_i000909,GRU,0.0441646410428403,0.0353074949795856,8,0.0,,,0.0113016836843931,119.39447243834417,4
confirm_K4_i000909,Transformer,0.0432516254351612,0.0336563531495495,32,0.0227186630599379,32.0,32.0,0.0132461675010167,-14.51860270365836,4
confirm_K4_i000949,GRU,0.02944357783964,0.0230247154681758,256,0.0083714260716669,256.0,256.0,0.037953174840189,0.8836666190147714,4
confirm_K4_i000949,Transformer,0.0415877769247626,0.0377352008636264,128,0.0053533149087508,128.0,128.0,0.062579436581112,0.7094589772887618,4
confirm_K4_i001008,GRU,0.0378058378918572,0.0334037849769909,8,0.0,,,0.0219959626020997,18.33175440103617,4
confirm_K4_i001008,Transformer,0.03454220886285,0.0326983206753351,128,0.0021622743987343,128.0,128.0,0.0383405910851567,1.2866259127563808,4
confirm_K4_i001076,GRU,0.0165108468156554,0.0119004077359415,32,0.0065402254955347,32.0,32.0,0.0121425579677046,269.8639751055923,4
confirm_K4_i001076,Transformer,0.0196871881093641,0.0137529739248977,8,0.0,,,0.0183820697853983,-543.6981556381567,4
confirm_K4_i001198,GRU,0.0319586567455355,0.0274805935590788,32,0.0127923375187948,32.0,32.0,0.0153127498278942,5.965664231556617,4
confirm_K4_i001198,Transformer,0.0346484128834542,0.0251241481359413,32,0.0023865076618248,32.0,32.0,0.0310555002937641,1.031545374246416,4
confirm_K5_i000202,GRU,0.0340765003933458,0.0244878538445907,8,0.0,,,0.0097163548674061,4.589930188816664,5
confirm_K5_i000202,Transformer,0.0286868020934458,0.0148959775356026,32,0.0203379213896157,32.0,32.0,0.0211106954123452,0.6467526221064039,5
confirm_K5_i000246,GRU,0.0497439732638511,0.0426669831084218,32,0.0013833518742585,32.0,32.0,0.0139386174644483,1.6871583755298447,5
confirm_K5_i000246,Transformer,0.0443364266157046,0.0350599723176557,128,0.0028749730229088,128.0,128.0,0.0343955834771646,-1.1343552044233016,5
confirm_K5_i000312,GRU,0.0456291387767429,0.0435921956391048,128,0.0001934997981967,128.0,128.0,0.0500207182173252,0.8472137036688516,5
confirm_K5_i000312,Transformer,0.056164426211536,0.0405054214872988,128,0.0140770278935382,128.0,128.0,0.0800838366304159,0.128960614236736,5
confirm_K5_i000511,GRU,0.0266159549591425,0.0210812161260007,32,0.0036991429939587,32.0,32.0,0.0223815848860827,0.9769032304632166,5
confirm_K5_i000511,Transformer,0.0358271401721575,0.0303524116389648,256,0.0094546678855637,256.0,256.0,0.0285807737890568,-1.3974751967074432,5
confirm_K5_i000543,GRU,0.0545781893479044,0.0431671236016962,32,0.0185521706314366,32.0,32.0,0.0632447208218864,0.8919825208924497,5
confirm_K5_i000543,Transformer,0.0503888236241697,0.0455187788980324,32,0.0013560171050682,32.0,32.0,0.0856713439278892,0.8630697761877224,5
confirm_K5_i000626,GRU,0.0223283199612375,0.0167272831107285,32,0.0105816135310942,32.0,32.0,0.0237848584757886,1.1688469634136511,5
confirm_K5_i000626,Transformer,0.0260154243976163,0.0214839770583674,128,0.0084300197855771,128.0,128.0,0.0378511985050282,-0.8250765432903835,5
confirm_K5_i000634,GRU,0.0268866537173832,0.0187846507237735,8,0.0,,,0.0206083573393429,0.1428882627819887,5
confirm_K5_i000634,Transformer,0.033886419733812,0.0259837521892766,256,0.0058764698812536,256.0,256.0,0.0213732663534487,1.0644865882233043,5
confirm_K5_i000723,GRU,0.033101695864803,0.0269016206355846,32,0.0009026151343711,32.0,32.0,0.0212174381234013,-8.972212551812666,5
confirm_K5_i000723,Transformer,0.0350410682739735,0.0232747910845385,32,0.0205761680866423,32.0,32.0,0.0156802530505025,9.355258838387094,5
confirm_K5_i000744,GRU,0.0418751556343111,0.0327498228190377,8,0.0,,,0.0338762332357444,1.1840535586181422,5
confirm_K5_i000744,Transformer,0.0497973443130532,0.0394803840173194,8,0.0,,,0.0405352790512123,0.4124692453082716,5
confirm_K5_i000807,GRU,0.0368866938847902,0.0281553056933962,128,0.0194805656254889,128.0,128.0,0.0173479453062143,3.6014133825284618,5
confirm_K5_i000807,Transformer,0.0400020860465765,0.0360319516069072,32,0.0007954606060594,32.0,32.0,0.0079058137123908,4.770661838626685,5
confirm_K5_i000834,GRU,0.0454244064385952,0.0343148367041021,128,0.0008237638223448,128.0,128.0,0.0510189164940557,-2.548274759390785,5
confirm_K5_i000834,Transformer,0.0360785866962694,0.0281357992913317,128,0.0066719259408592,128.0,128.0,0.0253645469013891,4.562607364690305,5
confirm_K5_i000841,GRU,0.0385227745601724,0.0323895298073655,128,0.0007567071475391,128.0,128.0,0.0549479138721704,0.8463244805297374,5
confirm_K5_i000841,Transformer,0.049255507281379,0.0428774215762806,8,0.0,,,0.0995651130248785,0.2522805877574001,5
confirm_K5_i000848,GRU,0.0194233614807613,0.0133869237116072,32,0.0071566494031996,32.0,32.0,0.0115738291250902,74.20750394606449,5
confirm_K5_i000848,Transformer,0.0233076122958292,0.0188527205868161,32,0.0040530208845448,32.0,32.0,0.0184589054393011,-88.47735740412257,5
confirm_K5_i000922,GRU,0.0302213988729519,0.0203199152478626,8,0.0,,,0.0487721475032768,0.1795283988916002,5
confirm_K5_i000922,Transformer,0.0299920971590183,0.0256778362294771,32,0.0116480693103056,32.0,32.0,0.0527363242773018,0.3026818122843633,5
confirm_K5_i000940,GRU,0.0246873978424149,0.0232995491099467,128,0.0017897986159583,128.0,128.0,0.0274193152686562,-93.28234594327046,5
confirm_K5_i000940,Transformer,0.0209241900436041,0.0164800589779837,8,0.0,,,0.0192301358928885,-5.8536669591734105,5
confirm_K5_i001133,GRU,0.0214246724699721,0.0158281807255543,32,0.0120283113852332,32.0,32.0,0.0223442723044438,5.2286621345352895,5
confirm_K5_i001133,Transformer,0.0232890752292462,0.0196521156534759,8,0.0,,,0.0280708041974587,-0.9740275767378392,5
confirm_K6_i000105,GRU,0.0436713357615834,0.0294293218165293,128,0.0008696637163423,128.0,128.0,0.0293956710108033,-1.0377682280610792,6
confirm_K6_i000105,Transformer,0.0428219412281717,0.0301916323426462,32,0.0105576907185258,32.0,32.0,0.0350897012360802,-17.667353813343947,6
confirm_K6_i000109,GRU,0.0236429937846483,0.0189509792032342,128,0.0051853684054125,128.0,128.0,0.0229796942363315,-0.1213491932459792,6
confirm_K6_i000109,Transformer,0.0284572817274676,0.0228471116746718,256,0.0030967950604596,256.0,256.0,0.0264957055489355,0.3750278589428632,6
confirm_K6_i000150,GRU,0.0467301316651623,0.0404199196939379,128,0.0006557987287367,128.0,128.0,0.0268011158062724,1.1066043401324066,6
confirm_K6_i000150,Transformer,0.0533667282846201,0.043868593496259,32,0.0149709651821348,32.0,32.0,0.0286140115662126,0.391304061743049,6
confirm_K6_i000225,GRU,0.033819566951597,0.0284463809109834,256,0.0023443156448781,256.0,256.0,0.0285921821947857,3.997035235932774,6
confirm_K6_i000225,Transformer,0.0337801149944159,0.0239624475297452,128,0.0079689227873702,128.0,128.0,0.0363568300958439,-1.1807981848609972,6
confirm_K6_i000420,GRU,0.0474923749832806,0.0406188310918416,8,0.0,,,0.0490735438257857,0.131415103230621,6
confirm_K6_i000420,Transformer,0.0398751419024874,0.0265627736394344,8,0.0,,,0.0539649304539367,1.2815575040640674,6
confirm_K6_i000446,GRU,0.0173509033119662,0.0141690598604223,256,0.0053513007418398,256.0,256.0,0.0110918894416236,3.490005265387147,6
confirm_K6_i000446,Transformer,0.0210745153510541,0.0142532942006225,8,0.0,,,0.0284184813505553,-1.8437719783288025,6
confirm_K6_i000453,GRU,0.0352720731029336,0.0264923477967419,128,0.0083000358606118,128.0,128.0,0.0191428050224337,103.14412910512154,6
confirm_K6_i000453,Transformer,0.0276853074276103,0.0225104484470022,256,0.0078242605334343,256.0,256.0,0.0214063171122822,-14.981364315750838,6
confirm_K6_i000482,GRU,0.0118648241301255,0.0089430755355866,32,0.0006358696951501,32.0,32.0,0.0173325939256902,7.469989562179178,6
confirm_K6_i000482,Transformer,0.0179228783271051,0.013720853087062,8,0.0,,,0.0140274794925209,32.474264052072684,6
confirm_K6_i000578,GRU,0.0133590715141862,0.0110137630738415,256,0.0017813422426805,256.0,256.0,0.0167608300345341,13.614756010762536,6
confirm_K6_i000578,Transformer,0.0162054833486431,0.0128778683043594,32,0.0046200132851391,32.0,32.0,0.0209222821640174,63.30900890525944,6
confirm_K6_i000596,GRU,0.0188185829350745,0.0132917480500286,8,0.0,,,0.0133463179883555,1.272939442672257,6
confirm_K6_i000596,Transformer,0.020670377311004,0.0135196675474664,8,0.0,,,0.0313253628280953,-4.150340300365747,6
confirm_K6_i000708,GRU,0.0445759924289535,0.0379001486345493,8,0.0,,,0.0831101584721746,0.8955606793847892,6
confirm_K6_i000708,Transformer,0.0573530351576486,0.0499476748324878,8,0.0,,,0.072653818084711,0.4456333700538858,6
confirm_K6_i000737,GRU,0.0296753038750178,0.021181153206204,256,0.0040767936040052,256.0,256.0,0.023443892874497,0.806266760692482,6
confirm_K6_i000737,Transformer,0.0288821549091862,0.0158271125912253,32,0.0188034842676062,32.0,32.0,0.0374744030616461,0.5246921483195447,6
confirm_K6_i000814,GRU,0.0407520268792896,0.0321344579430331,8,0.0,,,0.045323067298925,0.8198751378348119,6
confirm_K6_i000814,Transformer,0.0532502703834009,0.0480360395802667,32,0.0074812892416704,32.0,32.0,0.0827093341861129,0.5052273882550424,6
confirm_K6_i000997,GRU,0.0270387000897788,0.0190501492057429,32,0.0115772894439564,32.0,32.0,0.0240027999338454,-5.829274825151472,6
confirm_K6_i000997,Transformer,0.0276850403545044,0.0211310421006627,8,0.0,,,0.0217928463426178,-9.825780954484395,6
confirm_K6_i001146,GRU,0.044672364347936,0.0366434655005323,8,0.0,,,0.032863706943005,-1.720159840164515,6
confirm_K6_i001146,Transformer,0.0356080087893929,0.0278568830274414,8,0.0,,,0.0341370528902706,-0.996671901495016,6
confirm_K6_i001189,GRU,0.0373822460562307,0.0319091526686662,8,0.0,,,0.0584145185442968,-0.0813126653715474,6
confirm_K6_i001189,Transformer,0.0395550550361539,0.0346427294739578,8,0.0,,,0.0718951092006966,-0.2027753359237035,6
