hmm_id,K,alpha,shape_rmse,excess_ce_H,recovery_ratio,test_ce_h1,test_ce_h2,test_ce_h3,test_ce_h4
confirm_K3_i000056,3,0.5,0.0693375613703402,0.1002935965094549,-28.599039605237618,1.9827652309016617,2.022179253922651,2.0049255335213183,2.079919526102048
confirm_K3_i001131,3,0.5,0.0477015070197641,0.0587106742683518,-55.689842504519824,0.8308487174054464,0.8495965978481689,0.8242362590155223,0.8885172920638935
confirm_K3_i001202,3,0.5,0.096617645564404,0.1250872892352419,-169.77760952883185,1.9940110575081555,1.986222594757054,2.0201681689935627,2.110467135092108
confirm_K3_i001105,3,0.5,0.0394104482283363,0.0229234394654327,-11.818012709308332,1.7094684342342552,1.742216765102529,1.6854397432504835,1.750151773390906
confirm_K3_i000321,3,0.5,0.0256329241334719,-0.0143234343847056,-63.56722667384225,1.2878085068516965,1.3175742953052614,1.351026031212673,1.332504417196797
confirm_K3_i000682,3,0.5,0.0904980125687135,0.0774311648066905,-0.0411497549743211,1.5086593910229975,1.436902080015389,1.4400396538662092,1.5129755993099367
confirm_K3_i000517,3,0.5,0.0573801509031944,0.0809424812555994,-1.6093436271936874,1.7812368147545616,1.7481754766953623,1.7620134273198829,1.81751448661434
confirm_K3_i000718,3,0.5,0.065033734787535,0.0435120325581148,-2.6270650639518127,1.5773893193364474,1.6051291332025723,1.6393582752340667,1.6582247003922457
confirm_K3_i000884,3,0.5,0.0824028605885341,0.1289986443781163,-1290.4693561135646,2.0191587889367435,2.008370310183212,2.0157940750064056,2.109461390138568
confirm_K3_i000975,3,0.5,0.0303592311355877,0.0292752881285836,1.2029288260242672,1.0696835057737042,0.9524792039537248,0.8840733696818671,0.9232951708368372
confirm_K3_i000936,3,0.5,0.0535140736750829,0.068708823288401,-372.3976006784232,1.4471353899774138,1.4116376595151947,1.4235892645899306,1.4874351390521292
confirm_K3_i000617,3,0.5,0.1581915573375919,0.1971798932260564,-4802.281674426808,2.028551591692405,2.0242635256316346,2.05760746616488,2.218855419648438
confirm_K3_i001308,3,0.5,0.0137121597942621,0.0205913271751223,5.523457844400923,1.4606788308381486,1.4564893408771125,1.4242622023260298,1.4421128588424974
confirm_K3_i000341,3,0.5,0.1445783604598985,0.1737450133681635,-18.89311197252318,1.909208553570202,1.9878178686743284,1.9486397876545225,2.1060082575101067
confirm_K3_i000022,3,0.5,0.0814326385640009,0.0786313928331423,-364.6093529621006,1.7223009216972696,1.783626300370562,1.763841985130073,1.8469203995295491
confirm_K3_i000150,3,0.5,0.0521933941344191,0.0673541187680009,0.2768207029630375,1.229894363583113,1.1666063543801268,1.146579382438857,1.2137619211583373
confirm_K4_i000423,4,0.5,0.0859968753196703,0.0674727725732666,-210.76365293805463,1.0894967172132828,1.1409182962011322,1.2538022884442108,1.2327004643757469
confirm_K4_i000373,4,0.5,0.137824702474169,0.1658272608848503,-843.0683673163923,1.9776985214402216,1.9687545604267755,1.978456455609268,2.133990382416528
confirm_K4_i000949,4,0.5,0.0260668072884646,0.0044746164287783,0.6951486429801169,1.661709611549611,1.5919209666003025,1.6200462609643702,1.5889123127110687
confirm_K4_i000448,4,0.5,0.0726220615337437,0.0895647096174105,-5.014875467961632,1.7516817153592346,1.8128466011713111,1.7789847717419789,1.850662572974036
confirm_K4_i000678,4,0.5,0.0397235154381902,0.0511888865722984,-2.4698483203103287,1.2614048457779643,1.2699960131580217,1.3336424134778424,1.3063536977021326
confirm_K4_i000909,4,0.5,0.0553385719085388,-0.0040616148333862,340.15784206334354,1.6962659728504976,1.628215680986858,1.714539877968324,1.627589791851922
confirm_K4_i001008,4,0.5,0.0250266817379426,0.0197598659903552,-47.668778303340254,1.584269455652463,1.6203739302831164,1.6198573348591068,1.6309392161159453
confirm_K4_i000767,4,0.5,0.1085639637294243,0.13862093501475,-1084.3906821020114,1.981508344792794,1.9933907770337072,1.976135174873905,2.108786918267798
confirm_K4_i000599,4,0.5,0.1072995327096585,0.1372888352175518,-9.31213150194991,1.964365376055916,1.9717300033557332,2.0071172812829903,2.095071555645308
confirm_K4_i000363,4,0.5,0.0174918503563658,0.0111792246035415,-3.1158854353098797,1.492612886306969,1.5010796020432384,1.5008699477242904,1.5144231570486708
confirm_K4_i001076,4,0.5,0.0619927794918269,0.0824052929053253,-3169.842053347773,2.028494119344295,2.023137543610184,2.0428425919530344,2.1025809570878278
confirm_K4_i000216,4,0.5,0.01729753062599,0.0488682602356951,0.973295970946126,0.5708973948383865,0.5117878145491184,0.4934197532708163,0.5162696944673694
confirm_K4_i001198,4,0.5,0.0308706886016489,0.0553462811114928,-7.90127798566779,1.918955828948688,1.8965765492428253,1.9328799588193748,1.9466307030074408
confirm_K4_i000247,4,0.5,0.0148738111089382,0.0039564822495041,0.4968458077988149,1.6954849392813272,1.709017229032406,1.711025088683902,1.682512644165048
confirm_K4_i000654,4,0.5,0.047672128488512,0.0233310475308201,-1.314202528018229,0.816873451006559,0.8995262966764203,0.8606906790134428,0.8691944338584057
confirm_K4_i000041,4,0.5,0.1214561464166548,0.1491203183615712,-53.25227542596131,1.9742805622036512,1.9477616052193063,1.9769216741614877,2.1050122819854384
confirm_K5_i000841,5,0.5,0.0368806029756836,0.0687671992666116,0.5132218279704753,1.789352933579206,1.724482608879394,1.7341305094742878,1.747233147458922
confirm_K5_i001133,5,0.5,0.0928338169558167,0.111839653574294,-276.8871451911736,1.9827527405240637,2.0036493386290783,2.0180772535436886,2.107511978153385
confirm_K5_i000723,5,0.5,0.021401676656818,0.0455496056855833,-7.419222786822118,1.484242601584768,1.4517697065242718,1.4619904599248186,1.486636644210751
confirm_K5_i000543,5,0.5,0.0406654455497642,0.0084343556411828,0.9446891593018524,1.1167244494151416,1.076217307027148,0.9256038802165528,0.9386093706980024
confirm_K5_i000202,5,0.5,0.0832661773127849,0.1049866412129234,-20.67574023701808,1.9224958638770853,1.893511609467216,1.887727471017659,1.9950425019801017
confirm_K5_i000834,5,0.5,0.0782305944256085,0.0953607929846496,-27.01969237438375,1.5927670692456353,1.5800500288671897,1.6223449745048222,1.6855283168541202
confirm_K5_i000511,5,0.5,0.0402574643058592,0.0769129761271534,-40.61511952220668,1.933157677864448,1.936102558657797,1.9739929324480088,1.989640526749608
confirm_K5_i000246,5,0.5,0.046673379967657,0.0409028578765537,-1.0106029636735652,1.0486724575784616,1.0242508080744184,0.986095664014942,1.0620906260636342
confirm_K5_i000807,5,0.5,0.0411718563798206,0.0089358335070053,-24.4020437530781,1.607706971942595,1.6189584192553186,1.654188694474617,1.668842768420489
confirm_K5_i000634,5,0.5,0.0725891662161175,0.1080579432709865,-9.27347335391841,1.93036318836978,1.917082287436706,1.9083842122794767,1.9985367740563005
confirm_K5_i000626,5,0.5,0.112092671282514,0.1465519000360964,-13.587982721687482,1.979473432241741,2.0012408432239246,1.9888888037872428,2.112791161548392
confirm_K5_i000744,5,0.5,0.1104351338912586,0.1043347117963719,-6.796628131420616,1.4105517575536723,1.4508703952532769,1.4293298699029044,1.5465867011677037
confirm_K5_i000940,5,0.5,0.0830278756975255,0.0866793134009031,-808.3251119175251,1.9859530232798028,1.96114839826955,1.9785590378962872,2.070494260717887
confirm_K5_i000922,5,0.5,0.093324978563808,0.0989829175335368,-3.529671918989268,1.8222678645838133,1.8752257429813337,1.8553172485884752,1.9378262231096028
confirm_K5_i000312,5,0.5,0.0544058037640076,0.0954888247442002,-0.8874397526864443,1.4198746590335176,1.48285071406229,1.4238957758315849,1.466125803288066
confirm_K5_i000848,5,0.5,0.076742498080898,0.1131529751823596,-1864.1742500460243,2.028813039181987,2.032652273348134,2.073646871019058,2.131273466318748
confirm_K6_i001189,6,0.5,0.0229218440739292,0.0698248174125231,0.9704806943596496,1.931592161988825,1.871653137729789,1.904858216914708,1.9090524266652336
confirm_K6_i000578,6,0.5,0.1006728377136645,0.1414704490063458,-1314.3500488007728,2.054318492980801,2.0449425942217023,2.0782436208223447,2.174531922997104
confirm_K6_i001146,6,0.5,0.0443104907298504,0.0159643072173152,-9.757386574375168,1.5663761840485555,1.5489960660433026,1.6237899927191202,1.6169254985768653
confirm_K6_i000105,6,0.5,0.0504986312122066,0.0598344894481324,-81.04311681993663,1.6413314853984404,1.7206423084846838,1.6694366821589015,1.7247225463663252
confirm_K6_i000596,6,0.5,0.1484127420950245,0.1649497695064905,-50.32789938442448,2.005888319619652,2.0080853697234056,2.0435190172402486,2.1878083554634618
confirm_K6_i000453,6,0.5,0.0378222155615215,0.0447865862362661,-21.95819368502701,1.579941902649495,1.5095425444676729,1.5884376259331758,1.5849208243329054
confirm_K6_i000708,6,0.5,0.0215949663511637,-0.0097733138148371,1.020910963966821,0.92189335600473,0.8926337467309411,0.8532415706903317,0.8345150988987559
confirm_K6_i000150,6,0.5,0.0587493284296368,0.0469780721962769,-2.581431518257015,1.1245136120689987,1.1838575188667295,1.1993237750403434,1.2063514858083535
confirm_K6_i000997,6,0.5,0.092279711962907,0.0987590575622414,-122.93771880389612,1.9056367588551355,1.8952831869126745,1.9436889955008727,2.0189953927149324
confirm_K6_i000109,6,0.5,0.1747504377831972,0.1801049628000983,-25.66321506496791,1.917276199379704,1.9156296163288404,1.9475890527617563,2.1248215657324985
confirm_K6_i000737,6,0.5,0.0620461002807868,0.0774889382217896,-0.7930776622258707,1.9512111955783809,1.914310932795442,1.923594577118085,1.9798879649204804
confirm_K6_i000482,6,0.5,0.1009697932719217,0.1282730622696957,-1348.9132757074872,2.055490475539997,2.038491612188489,2.055184187226492,2.1660134252487744
confirm_K6_i000420,6,0.5,0.0997213329041904,0.1043438972067545,-6.59423175876983,1.5408415364322288,1.5808223524239842,1.590853605976178,1.674104918215802
confirm_K6_i000814,6,0.5,0.0298080198347939,0.0490606074116275,0.795773962325904,1.713158941103857,1.6507280722994366,1.699576342138459,1.639029969962208
confirm_K6_i000446,6,0.5,0.1321419139264281,0.1471070161876393,-48.07962288494094,2.003707067009181,1.998958517790916,2.0020420715443654,2.15264536019774
confirm_K6_i000225,6,0.5,0.0436505047127216,0.0620436984264944,-23.61541188526971,1.668724475250256,1.7020253903041749,1.7443450092047912,1.7426733285693456
