hmm_id,architecture,A_width_shape,best_shape_rmse,best_dimension,width_gain,d90,d95,mean_excess_ce_H,mean_recovery_ratio,source,source_file,K,vocab_size,min_stationary_prob,min_symbol_prob,bayes_ce_h1,bayes_ce_h2,bayes_ce_h3,bayes_ce_h4,bayes_gap_1_to_H,context_gain_area,pred_h4_m1_sv1,pred_h4_m1_sv2,pred_h4_m1_signal,pred_h4_m1_effective_rank,pred_h4_m1_numerical_rank,pred_h4_m1_r90,pred_h4_m1_sigma90,pred_h4_m1_kappa90,pred_h4_m1_r95,pred_h4_m1_sigma95,pred_h4_m1_kappa95,pred_h4_m1_r99,pred_h4_m1_sigma99,pred_h4_m1_kappa99,pred_h4_m2_sv1,pred_h4_m2_sv2,pred_h4_m2_sv3,pred_h4_m2_signal,pred_h4_m2_effective_rank,pred_h4_m2_numerical_rank,pred_h4_m2_r90,pred_h4_m2_sigma90,pred_h4_m2_kappa90,pred_h4_m2_r95,pred_h4_m2_sigma95,pred_h4_m2_kappa95,pred_h4_m2_r99,pred_h4_m2_sigma99,pred_h4_m2_kappa99,lambda2_abs,tau_hidden,tau_observed_proxy,bank_index,alpha_t,self_bias,alpha_e,gen_seed,pred_h4_m1_sv3,pred_h4_m1_sv4,pred_h4_m2_sv4,pred_h4_m1_sv5,pred_h4_m2_sv5,selection_order,match_protocol,pred_h4_m3_sv1,pred_h4_m3_sv2,pred_h4_m3_signal,pred_h4_m3_effective_rank,pred_h4_m3_numerical_rank,pred_h4_m3_r90,pred_h4_m3_sigma90,pred_h4_m3_kappa90,pred_h4_m3_r95,pred_h4_m3_sigma95,pred_h4_m3_kappa95,pred_h4_m3_r99,pred_h4_m3_sigma99,pred_h4_m3_kappa99,hmm_file,pred_h4_m3_sv3,pred_h4_m3_sv4,pred_h4_m3_sv5,symbol_entropy,symbol_entropy_normalized,max_symbol_prob,min_symbol_prob_recomputed,marginal_l2_from_uniform,symbol_prob_0,symbol_prob_1,symbol_prob_2,symbol_prob_3,symbol_prob_4,symbol_prob_5,symbol_prob_6,symbol_prob_7,log_K,log_gain,rank_value,log_rank,neg_log_sigma,log_tau,log_min_symbol_prob,log_signal
bank_K3_i000535,GRU,0.0323102939811825,0.0276321519608734,32,0.0062143191370279,32.0,32.0,0.0249956638921005,-3.179192747078808,bank,,3,8,0.2925929865354766,0.031731889322968,1.865914553978806,1.8656205015312584,1.865602084406048,1.8656009560481293,0.0003135979306767,0.0003342717717247,0.0949017317422567,0.0042868950121064,0.009024716156524,1.014760583064604,2,1,0.0949017317422567,1.0,1,0.0949017317422567,1.0,1,0.0949017317422567,1.0,0.097885147835056,0.0043875406675228,,0.0096007526797999,1.014563956869379,2,1,0.097885147835056,1.0,1,0.097885147835056,1.0,1,0.097885147835056,1.0,0.2747579799777663,1.3788500561086394,1.303072598021703,535.0,5.0,2.0,0.5,21100853.0,,,,,,0,v4_strict_ratio_crossK_reuse,0.0980639133334829,0.0043937640158404,0.0096358362605037,1.0145536925113308,2,1,0.0980639133334829,1.0,1,0.0980639133334829,1.0,1,0.0980639133334829,1.0,project://predictive_profile_experiment_v2/selected_hmms/bank_K3_i000535.npz,,,,1.8701148844608568,0.899335156568105,0.2381875711560165,0.031731889322968,0.2260357799077508,0.0401524041615922,0.031731889322968,0.2343399531877938,0.0727137715630432,0.0778140903823355,0.2381875711560165,0.1080819430506807,0.1969783771755698,1.0986122886681098,-8.003556208053519,1.0,0.0,2.323960448461509,0.2647250126471903,-3.450433131416609,-4.645913779435968
bank_K3_i000535,Transformer,0.0257977398654953,0.0194740285698207,256,0.0032443984898365,256.0,256.0,0.0146653623156734,-8.86539750740661,bank,,3,8,0.2925929865354766,0.031731889322968,1.865914553978806,1.8656205015312584,1.865602084406048,1.8656009560481293,0.0003135979306767,0.0003342717717247,0.0949017317422567,0.0042868950121064,0.009024716156524,1.014760583064604,2,1,0.0949017317422567,1.0,1,0.0949017317422567,1.0,1,0.0949017317422567,1.0,0.097885147835056,0.0043875406675228,,0.0096007526797999,1.014563956869379,2,1,0.097885147835056,1.0,1,0.097885147835056,1.0,1,0.097885147835056,1.0,0.2747579799777663,1.3788500561086394,1.303072598021703,535.0,5.0,2.0,0.5,21100853.0,,,,,,0,v4_strict_ratio_crossK_reuse,0.0980639133334829,0.0043937640158404,0.0096358362605037,1.0145536925113308,2,1,0.0980639133334829,1.0,1,0.0980639133334829,1.0,1,0.0980639133334829,1.0,project://predictive_profile_experiment_v2/selected_hmms/bank_K3_i000535.npz,,,,1.8701148844608568,0.899335156568105,0.2381875711560165,0.031731889322968,0.2260357799077508,0.0401524041615922,0.031731889322968,0.2343399531877938,0.0727137715630432,0.0778140903823355,0.2381875711560165,0.1080819430506807,0.1969783771755698,1.0986122886681098,-8.003556208053519,1.0,0.0,2.323960448461509,0.2647250126471903,-3.450433131416609,-4.645913779435968
bank_K3_i000588,GRU,0.0388798014698056,0.035018419374114,256,0.0085199822811744,256.0,256.0,0.020233577037307,7.370065674894925,bank,,3,8,0.2648490483643544,0.0014115458809306,1.5801255645898418,1.5798156500843423,1.5798024172088625,1.5798018977313997,0.000323666858442,0.0003379386888475,0.1152450465868311,0.0956391428667937,0.0224282664110958,1.9661115681043884,2,2,0.0956391428667937,1.2049987393482238,2,0.0956391428667937,1.2049987393482238,2,0.0956391428667937,1.2049987393482238,0.1165693300643632,0.0974359647065471,,0.0230821759299499,1.9686130712836616,2,2,0.0974359647065471,1.1963686141502368,2,0.0974359647065471,1.1963686141502368,2,0.0974359647065471,1.1963686141502368,0.2009353405294628,1.251463180292072,1.333354854385275,588.0,5.0,2.0,0.1,21154364.0,,,,,,1,v4_strict_ratio_crossK_reuse,0.1166369458993496,0.0974999796026444,0.0231104231712439,1.9686393537978963,2,2,0.0974999796026444,1.1962766184638889,2,0.0974999796026444,1.1962766184638889,2,0.0974999796026444,1.1962766184638889,project://predictive_profile_experiment_v2/selected_hmms/bank_K3_i000588.npz,,,,1.590915742599347,0.7650687507734202,0.3768895791410592,0.0014115458809306,0.3638396013809226,0.0014115458809306,0.1175790134318444,0.0520981371647549,0.0621467989696627,0.301457416195401,0.0356987152107298,0.0527187940056168,0.3768895791410592,1.0986122886681098,-7.992646072877434,2.0,0.6931471805599453,2.328559888988245,0.287698213110476,-6.563069805711796,-3.7686945640586393
bank_K3_i000588,Transformer,0.0363700012249669,0.0282513827086463,8,0.0,,,0.0238050524941749,18.573813705179028,bank,,3,8,0.2648490483643544,0.0014115458809306,1.5801255645898418,1.5798156500843423,1.5798024172088625,1.5798018977313997,0.000323666858442,0.0003379386888475,0.1152450465868311,0.0956391428667937,0.0224282664110958,1.9661115681043884,2,2,0.0956391428667937,1.2049987393482238,2,0.0956391428667937,1.2049987393482238,2,0.0956391428667937,1.2049987393482238,0.1165693300643632,0.0974359647065471,,0.0230821759299499,1.9686130712836616,2,2,0.0974359647065471,1.1963686141502368,2,0.0974359647065471,1.1963686141502368,2,0.0974359647065471,1.1963686141502368,0.2009353405294628,1.251463180292072,1.333354854385275,588.0,5.0,2.0,0.1,21154364.0,,,,,,1,v4_strict_ratio_crossK_reuse,0.1166369458993496,0.0974999796026444,0.0231104231712439,1.9686393537978963,2,2,0.0974999796026444,1.1962766184638889,2,0.0974999796026444,1.1962766184638889,2,0.0974999796026444,1.1962766184638889,project://predictive_profile_experiment_v2/selected_hmms/bank_K3_i000588.npz,,,,1.590915742599347,0.7650687507734202,0.3768895791410592,0.0014115458809306,0.3638396013809226,0.0014115458809306,0.1175790134318444,0.0520981371647549,0.0621467989696627,0.301457416195401,0.0356987152107298,0.0527187940056168,0.3768895791410592,1.0986122886681098,-7.992646072877434,2.0,0.6931471805599453,2.328559888988245,0.287698213110476,-6.563069805711796,-3.7686945640586393
bank_K3_i000606,GRU,0.0503780761056831,0.043747848709944,32,0.0220307442341416,32.0,32.0,0.0197901941222098,-294.91180810558564,bank,,3,8,0.0614616454997819,2.84905195681739e-05,0.5790576009142785,0.5790416370998764,0.5790363677090246,0.5790339349850653,2.3665929213212426e-05,3.3800767983649393e-05,0.4508637948385233,0.004044498638877,0.2032945194654339,1.000839407039895,2,1,0.4508637948385233,1.0,1,0.4508637948385233,1.0,1,0.4508637948385233,1.0,0.4508808495306183,0.0076253065137425,,0.2033516857728805,1.0026224812041291,2,1,0.4508808495306183,1.0,1,0.4508808495306183,1.0,1,0.4508808495306183,1.0,0.6326166327308335,2.721952295862489,2.6257994060473044,606.0,1.0,2.0,0.1,21172543.0,,,,,,16,v4_strict_ratio_crossK_reuse,0.4508813312159726,0.0088034638704427,0.2033714758152058,1.0033867891425303,2,1,0.4508813312159726,1.0,1,0.4508813312159726,1.0,1,0.4508813312159726,1.0,project://predictive_profile_experiment_v2/selected_hmms/bank_K3_i000606.npz,,,,0.6568859624944021,0.3158953735067492,0.7984121892892782,2.8490519568173905e-05,0.732823003950886,0.002154873649401,2.8490519568173905e-05,0.0094459780778938,0.7984121892892782,0.0004667599233479,0.1523829315651508,0.0353525127636297,0.0017562642117302,1.0986122886681098,-10.295027034323684,1.0,0.0,0.7965521661123602,0.9653853853190906,-10.465939172759606,-1.5928183566564766
bank_K3_i000606,Transformer,0.049110580525428,0.0415763681253791,32,0.0032039534063709,32.0,32.0,0.0004184651772185,454.5092758281227,bank,,3,8,0.0614616454997819,2.84905195681739e-05,0.5790576009142785,0.5790416370998764,0.5790363677090246,0.5790339349850653,2.3665929213212426e-05,3.3800767983649393e-05,0.4508637948385233,0.004044498638877,0.2032945194654339,1.000839407039895,2,1,0.4508637948385233,1.0,1,0.4508637948385233,1.0,1,0.4508637948385233,1.0,0.4508808495306183,0.0076253065137425,,0.2033516857728805,1.0026224812041291,2,1,0.4508808495306183,1.0,1,0.4508808495306183,1.0,1,0.4508808495306183,1.0,0.6326166327308335,2.721952295862489,2.6257994060473044,606.0,1.0,2.0,0.1,21172543.0,,,,,,16,v4_strict_ratio_crossK_reuse,0.4508813312159726,0.0088034638704427,0.2033714758152058,1.0033867891425303,2,1,0.4508813312159726,1.0,1,0.4508813312159726,1.0,1,0.4508813312159726,1.0,project://predictive_profile_experiment_v2/selected_hmms/bank_K3_i000606.npz,,,,0.6568859624944021,0.3158953735067492,0.7984121892892782,2.8490519568173905e-05,0.732823003950886,0.002154873649401,2.8490519568173905e-05,0.0094459780778938,0.7984121892892782,0.0004667599233479,0.1523829315651508,0.0353525127636297,0.0017562642117302,1.0986122886681098,-10.295027034323684,1.0,0.0,0.7965521661123602,0.9653853853190906,-10.465939172759606,-1.5928183566564766
bank_K3_i000981,GRU,0.0547026045924892,0.0463703922076477,128,0.0042925335574605,128.0,128.0,-0.0124545437533686,45.402569999514746,bank,,3,8,0.0761967306246571,0.0009748148903909,1.0163926370182246,1.0157455118100809,1.015725835054195,1.0157253312063814,0.0006673058118431,0.0006879902633558,0.3568817199671336,0.1201584394120034,0.1418026126086276,1.3896600423418222,2,2,0.1201584394120034,2.9700928350396194,2,0.1201584394120034,2.9700928350396194,2,0.1201584394120034,2.9700928350396194,0.3584011372972585,0.1231182785685426,,0.1436094857336496,1.4008947032860877,2,2,0.1231182785685426,2.911031095173481,2,0.1231182785685426,2.911031095173481,2,0.1231182785685426,2.911031095173481,0.3808543719143897,1.615128904474358,2.13809061877748,981.0,1.0,0.0,0.1,21551156.0,,,,,,3,v4_strict_ratio_crossK_reuse,0.3584461418425074,0.1232038881538381,0.1436628346580024,1.4012167465273933,2,2,0.1232038881538381,2.9093736181031464,2,0.1232038881538381,2.9093736181031464,2,0.1232038881538381,2.9093736181031464,project://predictive_profile_experiment_v2/selected_hmms/bank_K3_i000981.npz,,,,1.08234983396868,0.5205002459912026,0.6114594759254849,0.0009748148903909,0.5670834411639477,0.0126027623323737,0.6114594759254849,0.0208916280439171,0.2583669231148094,0.0023065877050527,0.0688837632829209,0.0245140447050499,0.0009748148903909,1.0986122886681098,-7.2817358722302,2.0,0.6931471805599453,2.094609771286242,0.7599131965397586,-6.933262961000694,-1.9406575679086435
bank_K3_i000981,Transformer,0.0540551230602339,0.0463491634865336,128,0.0219343192480638,128.0,128.0,0.0093720714045676,6.283371390878848,bank,,3,8,0.0761967306246571,0.0009748148903909,1.0163926370182246,1.0157455118100809,1.015725835054195,1.0157253312063814,0.0006673058118431,0.0006879902633558,0.3568817199671336,0.1201584394120034,0.1418026126086276,1.3896600423418222,2,2,0.1201584394120034,2.9700928350396194,2,0.1201584394120034,2.9700928350396194,2,0.1201584394120034,2.9700928350396194,0.3584011372972585,0.1231182785685426,,0.1436094857336496,1.4008947032860877,2,2,0.1231182785685426,2.911031095173481,2,0.1231182785685426,2.911031095173481,2,0.1231182785685426,2.911031095173481,0.3808543719143897,1.615128904474358,2.13809061877748,981.0,1.0,0.0,0.1,21551156.0,,,,,,3,v4_strict_ratio_crossK_reuse,0.3584461418425074,0.1232038881538381,0.1436628346580024,1.4012167465273933,2,2,0.1232038881538381,2.9093736181031464,2,0.1232038881538381,2.9093736181031464,2,0.1232038881538381,2.9093736181031464,project://predictive_profile_experiment_v2/selected_hmms/bank_K3_i000981.npz,,,,1.08234983396868,0.5205002459912026,0.6114594759254849,0.0009748148903909,0.5670834411639477,0.0126027623323737,0.6114594759254849,0.0208916280439171,0.2583669231148094,0.0023065877050527,0.0688837632829209,0.0245140447050499,0.0009748148903909,1.0986122886681098,-7.2817358722302,2.0,0.6931471805599453,2.094609771286242,0.7599131965397586,-6.933262961000694,-1.9406575679086435
bank_K3_i001156,GRU,0.0407854666314963,0.032189985429072,32,0.0155822835445175,32.0,32.0,0.0126554300641652,30.209564659223695,bank,,3,8,0.1467822097808318,0.0192451754875992,1.7001812578450106,1.699595122759297,1.6995457904136493,1.6995416419415323,0.0006396159034782,0.0006972451933597,0.1219405350823022,0.0135941041879285,0.0150542937648304,1.068455433424788,2,1,0.1219405350823022,1.0,1,0.1219405350823022,1.0,2,0.0135941041879285,8.970104495048975,0.1269959368275083,0.01425950390949,,0.0163313014224412,1.0692747870176524,2,1,0.1269959368275083,1.0,1,0.1269959368275083,1.0,2,0.01425950390949,8.906055752962706,0.3750370957217847,1.6000949706845788,2.16831595136032,1156.0,5.0,2.0,0.5,21727833.0,,,,,,2,v4_strict_ratio_crossK_reuse,0.1274099872862299,0.0143230322272546,0.0164384541124602,1.0694117908903205,2,1,0.1274099872862299,1.0,1,0.1274099872862299,1.0,2,0.0143230322272546,8.895461887168512,project://predictive_profile_experiment_v2/selected_hmms/bank_K3_i001156.npz,,,,1.7070620707867723,0.8209233280045738,0.3872633003477721,0.0192451754875992,0.3245264597947397,0.0192451754875992,0.0662127433881685,0.0743660751945811,0.1810787791347836,0.0228116967321166,0.1781012669258703,0.3872633003477721,0.0709209627891085,1.0986122886681098,-7.268373425191875,1.0,0.0,2.063600186519535,0.7739508069815166,-3.9504948736806127,-4.11467167998596
bank_K3_i001156,Transformer,0.0478850015838837,0.0393741869124491,8,0.0,,,0.0215661193010276,3.9018433643617456,bank,,3,8,0.1467822097808318,0.0192451754875992,1.7001812578450106,1.699595122759297,1.6995457904136493,1.6995416419415323,0.0006396159034782,0.0006972451933597,0.1219405350823022,0.0135941041879285,0.0150542937648304,1.068455433424788,2,1,0.1219405350823022,1.0,1,0.1219405350823022,1.0,2,0.0135941041879285,8.970104495048975,0.1269959368275083,0.01425950390949,,0.0163313014224412,1.0692747870176524,2,1,0.1269959368275083,1.0,1,0.1269959368275083,1.0,2,0.01425950390949,8.906055752962706,0.3750370957217847,1.6000949706845788,2.16831595136032,1156.0,5.0,2.0,0.5,21727833.0,,,,,,2,v4_strict_ratio_crossK_reuse,0.1274099872862299,0.0143230322272546,0.0164384541124602,1.0694117908903205,2,1,0.1274099872862299,1.0,1,0.1274099872862299,1.0,2,0.0143230322272546,8.895461887168512,project://predictive_profile_experiment_v2/selected_hmms/bank_K3_i001156.npz,,,,1.7070620707867723,0.8209233280045738,0.3872633003477721,0.0192451754875992,0.3245264597947397,0.0192451754875992,0.0662127433881685,0.0743660751945811,0.1810787791347836,0.0228116967321166,0.1781012669258703,0.3872633003477721,0.0709209627891085,1.0986122886681098,-7.268373425191875,1.0,0.0,2.063600186519535,0.7739508069815166,-3.9504948736806127,-4.11467167998596
bank_K3_i001280,GRU,0.0190130084045554,0.0138387052866151,32,0.0054388727985767,32.0,32.0,0.0070848098402087,323.4900899384908,bank,,3,8,0.0373721542723486,0.0545284008409421,1.9802587687047368,1.9802387224901403,1.980235526938774,1.9802350177717485,2.375093298812025e-05,2.796481840583453e-05,0.0173701390618045,0.0003709964240368,0.000301859369373,1.003971535080295,2,1,0.0173701390618045,1.0,1,0.0173701390618045,1.0,1,0.0173701390618045,1.0,0.0187120930220143,0.0003725321255534,,0.000350281205449,1.0035058942611377,2,1,0.0187120930220143,1.0,1,0.0187120930220143,1.0,1,0.0187120930220143,1.0,0.4044673367811825,1.6791690225605114,2.288045405104964,1280.0,1.0,0.0,2.0,21853034.0,,,,,,17,v4_strict_ratio_crossK_reuse,0.0189175448976669,0.00037270569379,0.0003580124144894,1.003441396534832,2,1,0.0189175448976669,1.0,1,0.0189175448976669,1.0,1,0.0189175448976669,1.0,project://predictive_profile_experiment_v2/selected_hmms/bank_K3_i001280.npz,,,,1.980384310455582,0.952363541249526,0.2162269362972245,0.0545284008409421,0.1572455611635631,0.2162269362972245,0.201652430865916,0.1171251658752551,0.0545284008409421,0.0595447883980081,0.0936043357930394,0.1185815321189392,0.1387364098106756,1.0986122886681098,-10.484563323334744,1.0,0.0,3.978585278463455,0.8276979182091776,-2.909033596699348,-7.956774281929281
bank_K3_i001280,Transformer,0.0258315434679842,0.0233686255242543,128,0.005151198942408,128.0,128.0,0.0150179480446811,-209.1548681349058,bank,,3,8,0.0373721542723486,0.0545284008409421,1.9802587687047368,1.9802387224901403,1.980235526938774,1.9802350177717485,2.375093298812025e-05,2.796481840583453e-05,0.0173701390618045,0.0003709964240368,0.000301859369373,1.003971535080295,2,1,0.0173701390618045,1.0,1,0.0173701390618045,1.0,1,0.0173701390618045,1.0,0.0187120930220143,0.0003725321255534,,0.000350281205449,1.0035058942611377,2,1,0.0187120930220143,1.0,1,0.0187120930220143,1.0,1,0.0187120930220143,1.0,0.4044673367811825,1.6791690225605114,2.288045405104964,1280.0,1.0,0.0,2.0,21853034.0,,,,,,17,v4_strict_ratio_crossK_reuse,0.0189175448976669,0.00037270569379,0.0003580124144894,1.003441396534832,2,1,0.0189175448976669,1.0,1,0.0189175448976669,1.0,1,0.0189175448976669,1.0,project://predictive_profile_experiment_v2/selected_hmms/bank_K3_i001280.npz,,,,1.980384310455582,0.952363541249526,0.2162269362972245,0.0545284008409421,0.1572455611635631,0.2162269362972245,0.201652430865916,0.1171251658752551,0.0545284008409421,0.0595447883980081,0.0936043357930394,0.1185815321189392,0.1387364098106756,1.0986122886681098,-10.484563323334744,1.0,0.0,3.978585278463455,0.8276979182091776,-2.909033596699348,-7.956774281929281
bank_K4_i000177,GRU,0.0504600094598113,0.0431013762663623,256,0.005524178168101,256.0,256.0,0.0230325749886153,1.3174017944539436,bank,,4,8,0.2085157868608927,0.0002320485323204,1.3458382887716254,1.3332258587201695,1.332148566073693,1.3320581336162651,0.01378015515536,0.0150383127166919,0.7317700251778583,0.4908550504188913,0.891114621025267,2.518225960210521,3,3,0.3386570104910444,2.1607998727586044,3,0.3386570104910444,2.1607998727586044,3,0.3386570104910444,2.1607998727586044,0.7327214437191543,0.4968309334276278,0.3651163657099568,0.9170316510056966,2.578064958705641,3,3,0.3651163657099568,2.006816216781741,3,0.3651163657099568,2.006816216781741,3,0.3651163657099568,2.006816216781741,0.706885688492101,3.41163826104428,5.247700021310239,177.0,1.0,8.0,0.1,20839410.0,0.3386570104910444,,,,,5,v4_strict_ratio_crossK_reuse,0.7327635978740681,0.4971745541480924,0.9186874393776868,2.581782935083972,3,3,0.3668274958559996,1.997569991759066,3,0.3668274958559996,1.997569991759066,3,0.3668274958559996,1.997569991759066,project://predictive_profile_experiment_v2/selected_hmms/bank_K4_i000177.npz,0.3668274958559996,,,1.7230248317262906,0.8285997933533534,0.2620333835929676,0.0002320485323204,0.2689858001223275,0.0002320485323204,0.0281171610537356,0.2620333835929676,0.2271234650025182,0.0859275684605865,0.1884557538620995,0.0273675126595022,0.1807431068362697,1.3862943611198906,-4.197154153143973,3.0,1.0986122886681098,1.007539166044542,1.6577898894345535,-8.368564017139152,-0.0866132915026852
bank_K4_i000177,Transformer,0.0527158509946159,0.0339531022711793,32,0.0159573396636618,32.0,32.0,0.0395784067466121,0.1987462188885981,bank,,4,8,0.2085157868608927,0.0002320485323204,1.3458382887716254,1.3332258587201695,1.332148566073693,1.3320581336162651,0.01378015515536,0.0150383127166919,0.7317700251778583,0.4908550504188913,0.891114621025267,2.518225960210521,3,3,0.3386570104910444,2.1607998727586044,3,0.3386570104910444,2.1607998727586044,3,0.3386570104910444,2.1607998727586044,0.7327214437191543,0.4968309334276278,0.3651163657099568,0.9170316510056966,2.578064958705641,3,3,0.3651163657099568,2.006816216781741,3,0.3651163657099568,2.006816216781741,3,0.3651163657099568,2.006816216781741,0.706885688492101,3.41163826104428,5.247700021310239,177.0,1.0,8.0,0.1,20839410.0,0.3386570104910444,,,,,5,v4_strict_ratio_crossK_reuse,0.7327635978740681,0.4971745541480924,0.9186874393776868,2.581782935083972,3,3,0.3668274958559996,1.997569991759066,3,0.3668274958559996,1.997569991759066,3,0.3668274958559996,1.997569991759066,project://predictive_profile_experiment_v2/selected_hmms/bank_K4_i000177.npz,0.3668274958559996,,,1.7230248317262906,0.8285997933533534,0.2620333835929676,0.0002320485323204,0.2689858001223275,0.0002320485323204,0.0281171610537356,0.2620333835929676,0.2271234650025182,0.0859275684605865,0.1884557538620995,0.0273675126595022,0.1807431068362697,1.3862943611198906,-4.197154153143973,3.0,1.0986122886681098,1.007539166044542,1.6577898894345535,-8.368564017139152,-0.0866132915026852
bank_K4_i000290,GRU,0.0238655209813376,0.0190716741877983,8,0.0,,,0.0159186805211242,-66.54779019570798,bank,,4,8,0.2027834874791821,0.0551390400985356,1.98387999587546,1.983854480578535,1.983852956250837,1.983852887604788,2.710827067176069e-05,2.876989046796119e-05,0.0335476593462064,0.0063384602203776,0.0011829764238472,1.2513769479456365,3,1,0.0335476593462064,1.0,1,0.0335476593462064,1.0,3,0.0041659210593632,8.052879271633188,0.0342592889425209,0.0065854377233701,0.0045100111340294,0.0012374070692845,1.265049931982781,3,1,0.0342592889425209,1.0,2,0.0065854377233701,5.202279693716171,3,0.0045100111340294,7.596275912496941,0.2118328153838631,1.268766347443192,1.3108232457379696,290.0,5.0,0.0,2.0,20953495.0,0.0041659210593632,,,,,19,v4_strict_ratio_crossK_reuse,0.0343035745532648,0.0065936839491415,0.001240611521662,1.265065643815763,3,1,0.0343035745532648,1.0,2,0.0065936839491415,5.202489961280455,3,0.0045165945699685,7.595008589292926,project://predictive_profile_experiment_v2/selected_hmms/bank_K4_i000290.npz,0.0045165945699685,,,1.9844452120102447,0.954316422094343,0.2120357117106011,0.0551390400985356,0.152511855698872,0.1173130238141777,0.0551390400985356,0.0587272807977836,0.1924973422323865,0.0915592038335265,0.2120357117106011,0.1218647797920377,0.150863617720951,1.3862943611198906,-10.45618118756965,2.0,0.6931471805599453,5.022894473198829,0.2706553716934928,-2.897897281979517,-6.694737161868916
bank_K4_i000290,Transformer,0.0223916872314343,0.0178333321003405,32,0.0005908053045015,32.0,32.0,0.0077329945097247,429.1412319937685,bank,,4,8,0.2027834874791821,0.0551390400985356,1.98387999587546,1.983854480578535,1.983852956250837,1.983852887604788,2.710827067176069e-05,2.876989046796119e-05,0.0335476593462064,0.0063384602203776,0.0011829764238472,1.2513769479456365,3,1,0.0335476593462064,1.0,1,0.0335476593462064,1.0,3,0.0041659210593632,8.052879271633188,0.0342592889425209,0.0065854377233701,0.0045100111340294,0.0012374070692845,1.265049931982781,3,1,0.0342592889425209,1.0,2,0.0065854377233701,5.202279693716171,3,0.0045100111340294,7.596275912496941,0.2118328153838631,1.268766347443192,1.3108232457379696,290.0,5.0,0.0,2.0,20953495.0,0.0041659210593632,,,,,19,v4_strict_ratio_crossK_reuse,0.0343035745532648,0.0065936839491415,0.001240611521662,1.265065643815763,3,1,0.0343035745532648,1.0,2,0.0065936839491415,5.202489961280455,3,0.0045165945699685,7.595008589292926,project://predictive_profile_experiment_v2/selected_hmms/bank_K4_i000290.npz,0.0045165945699685,,,1.9844452120102447,0.954316422094343,0.2120357117106011,0.0551390400985356,0.152511855698872,0.1173130238141777,0.0551390400985356,0.0587272807977836,0.1924973422323865,0.0915592038335265,0.2120357117106011,0.1218647797920377,0.150863617720951,1.3862943611198906,-10.45618118756965,2.0,0.6931471805599453,5.022894473198829,0.2706553716934928,-2.897897281979517,-6.694737161868916
bank_K4_i000342,GRU,0.0304308518689593,0.0265754816631111,32,0.0050889523414992,32.0,32.0,0.0219353802665554,7.317510095287502,bank,,4,8,0.2342282778852262,1.2960522429501945e-05,1.4416146853783782,1.4405934671741103,1.4405590475688133,1.4405577820695386,0.0010569033088396,0.0010938539126861,0.3474375257671639,0.2673926873807888,0.2026099548647018,2.2899203758282747,3,2,0.2673926873807888,1.2993531317944564,3,0.1019719142154977,3.407188424774714,3,0.1019719142154977,3.407188424774714,0.3474857500739663,0.268264390797591,0.1082360230466506,0.2044271665594247,2.3218980845966586,3,2,0.268264390797591,1.2953107531000971,3,0.1082360230466506,3.2104445478766075,3,0.1082360230466506,3.2104445478766075,0.3443576988572467,1.5252219056901115,1.936498658129045,342.0,5.0,0.0,0.1,21005997.0,0.1019719142154977,,,,,7,v4_strict_ratio_crossK_reuse,0.3474869092808153,0.2682847799874147,0.2044883316566427,2.323051242678285,3,2,0.2682847799874147,1.2952166324795464,3,0.1084640786722203,3.203704982650752,3,0.1084640786722203,3.203704982650752,project://predictive_profile_experiment_v2/selected_hmms/bank_K4_i000342.npz,0.1084640786722203,,,1.5393120988567253,0.7402526438003265,0.2594175054059013,1.296052242950194e-05,0.3256591663278274,0.0277072599240082,0.2514632498618631,0.0160104715653211,0.0016764255789144,0.2594175054059013,1.296052242950194e-05,0.2448301855566446,0.1988819415849176,1.3862943611198906,-6.818048118920789,3.0,1.0986122886681098,2.2234410377878584,0.6608815270362279,-11.253602556934249,-1.5875435206807325
bank_K4_i000342,Transformer,0.0310723425951211,0.0238795560623668,8,0.0,,,0.0306044721873229,1.8261158971829332,bank,,4,8,0.2342282778852262,1.2960522429501945e-05,1.4416146853783782,1.4405934671741103,1.4405590475688133,1.4405577820695386,0.0010569033088396,0.0010938539126861,0.3474375257671639,0.2673926873807888,0.2026099548647018,2.2899203758282747,3,2,0.2673926873807888,1.2993531317944564,3,0.1019719142154977,3.407188424774714,3,0.1019719142154977,3.407188424774714,0.3474857500739663,0.268264390797591,0.1082360230466506,0.2044271665594247,2.3218980845966586,3,2,0.268264390797591,1.2953107531000971,3,0.1082360230466506,3.2104445478766075,3,0.1082360230466506,3.2104445478766075,0.3443576988572467,1.5252219056901115,1.936498658129045,342.0,5.0,0.0,0.1,21005997.0,0.1019719142154977,,,,,7,v4_strict_ratio_crossK_reuse,0.3474869092808153,0.2682847799874147,0.2044883316566427,2.323051242678285,3,2,0.2682847799874147,1.2952166324795464,3,0.1084640786722203,3.203704982650752,3,0.1084640786722203,3.203704982650752,project://predictive_profile_experiment_v2/selected_hmms/bank_K4_i000342.npz,0.1084640786722203,,,1.5393120988567253,0.7402526438003265,0.2594175054059013,1.296052242950194e-05,0.3256591663278274,0.0277072599240082,0.2514632498618631,0.0160104715653211,0.0016764255789144,0.2594175054059013,1.296052242950194e-05,0.2448301855566446,0.1988819415849176,1.3862943611198906,-6.818048118920789,3.0,1.0986122886681098,2.2234410377878584,0.6608815270362279,-11.253602556934249,-1.5875435206807325
bank_K4_i000388,GRU,0.0318013442190864,0.0246589886597252,32,0.0094479808770248,32.0,32.0,0.0099937120023238,21.9176086773616,bank,,4,8,0.1092536443515465,0.0371274877973207,1.898133266637632,1.897400990758052,1.8973057315902209,1.8972940932058144,0.0008391734318173,0.0009577093684609,0.1020846621426587,0.0163440064330424,0.0106887941111165,1.1244371775260618,3,1,0.1020846621426587,1.0,1,0.1020846621426587,1.0,2,0.0163440064330424,6.245999875298375,0.1099984809702452,0.018802871228324,0.0006622621121045,0.0124536523732954,1.1382505281354929,3,1,0.1099984809702452,1.0,1,0.1099984809702452,1.0,2,0.018802871228324,5.850089575923226,0.4041476524774404,1.6782681215536186,1.99423199653798,388.0,1.0,0.0,0.5,21052445.0,0.0006239551685852,,,,,6,v4_strict_ratio_crossK_reuse,0.1109518738815926,0.0192203922939433,0.0126801868980687,1.1412368983586711,3,1,0.1109518738815926,1.0,1,0.1109518738815926,1.0,2,0.0192203922939433,5.772612347592668,project://predictive_profile_experiment_v2/selected_hmms/bank_K4_i000388.npz,0.000667158376142,,,1.9025888037543908,0.914951810675775,0.263337232836152,0.0371274877973207,0.2155919023140483,0.0794753797463269,0.0696839277466943,0.0688359486526736,0.263337232836152,0.1074314491690732,0.1462853200508759,0.2278232540008831,0.0371274877973207,1.3862943611198906,-6.950966199234468,1.0,0.0,2.2072887226464784,0.6902590120827459,-3.293397672728793,-4.385741335777125
bank_K4_i000388,Transformer,0.0281809457835805,0.0255161752435896,256,0.0020173443628839,256.0,256.0,0.0194197927571488,-0.0436640244962878,bank,,4,8,0.1092536443515465,0.0371274877973207,1.898133266637632,1.897400990758052,1.8973057315902209,1.8972940932058144,0.0008391734318173,0.0009577093684609,0.1020846621426587,0.0163440064330424,0.0106887941111165,1.1244371775260618,3,1,0.1020846621426587,1.0,1,0.1020846621426587,1.0,2,0.0163440064330424,6.245999875298375,0.1099984809702452,0.018802871228324,0.0006622621121045,0.0124536523732954,1.1382505281354929,3,1,0.1099984809702452,1.0,1,0.1099984809702452,1.0,2,0.018802871228324,5.850089575923226,0.4041476524774404,1.6782681215536186,1.99423199653798,388.0,1.0,0.0,0.5,21052445.0,0.0006239551685852,,,,,6,v4_strict_ratio_crossK_reuse,0.1109518738815926,0.0192203922939433,0.0126801868980687,1.1412368983586711,3,1,0.1109518738815926,1.0,1,0.1109518738815926,1.0,2,0.0192203922939433,5.772612347592668,project://predictive_profile_experiment_v2/selected_hmms/bank_K4_i000388.npz,0.000667158376142,,,1.9025888037543908,0.914951810675775,0.263337232836152,0.0371274877973207,0.2155919023140483,0.0794753797463269,0.0696839277466943,0.0688359486526736,0.263337232836152,0.1074314491690732,0.1462853200508759,0.2278232540008831,0.0371274877973207,1.3862943611198906,-6.950966199234468,1.0,0.0,2.2072887226464784,0.6902590120827459,-3.293397672728793,-4.385741335777125
bank_K4_i001020,GRU,0.0287564471868759,0.0236429953099975,32,0.0036181002457754,32.0,32.0,0.0139643827013613,-12.875832023484378,bank,,4,8,0.1801260135083743,0.0027251475139362,1.679589697466911,1.6795631306349508,1.6795630830425532,1.6795630829848407,2.661448207019745e-05,2.66621898927788e-05,0.1312236834767835,0.122676816189606,0.0324330630762254,2.052670479442464,3,2,0.122676816189606,1.0696697840117375,2,0.122676816189606,1.0696697840117375,2,0.122676816189606,1.0696697840117375,0.1312648150546617,0.1228378880375323,0.0128066545087918,0.0324836088085634,2.052791247506343,3,2,0.1228378880375323,1.0686020180887068,2,0.1228378880375323,1.0686020180887068,2,0.1228378880375323,1.0686020180887068,0.111885061468693,1.1259803845363974,1.263306871277455,1020.0,5.0,2.0,0.1,21690524.0,0.0127987007384349,,,,,18,v4_strict_ratio_crossK_reuse,0.1312648582803456,0.1228382219757751,0.032483702624718,2.0527915564533035,3,2,0.1228382219757751,1.0685994649632125,2,0.1228382219757751,1.0685994649632125,2,0.1228382219757751,1.0685994649632125,project://predictive_profile_experiment_v2/selected_hmms/bank_K4_i001020.npz,0.0128066711986,,,1.696098168094204,0.8156508053234546,0.2724970089743139,0.0027251475139362,0.2880160338172524,0.0216278934091579,0.0903248287975796,0.2698223413395941,0.0236053031057902,0.0027251475139362,0.1783557559222453,0.2724970089743139,0.1410417209373826,1.3862943611198906,-10.532264105072557,2.0,0.6931471805599453,2.0968897763484864,0.2337327839884767,-5.905232718777529,-3.427019661222732
bank_K4_i001020,Transformer,0.0322403029639444,0.0237246674496542,8,0.0,,,0.0009254012615495,259.05142675343865,bank,,4,8,0.1801260135083743,0.0027251475139362,1.679589697466911,1.6795631306349508,1.6795630830425532,1.6795630829848407,2.661448207019745e-05,2.66621898927788e-05,0.1312236834767835,0.122676816189606,0.0324330630762254,2.052670479442464,3,2,0.122676816189606,1.0696697840117375,2,0.122676816189606,1.0696697840117375,2,0.122676816189606,1.0696697840117375,0.1312648150546617,0.1228378880375323,0.0128066545087918,0.0324836088085634,2.052791247506343,3,2,0.1228378880375323,1.0686020180887068,2,0.1228378880375323,1.0686020180887068,2,0.1228378880375323,1.0686020180887068,0.111885061468693,1.1259803845363974,1.263306871277455,1020.0,5.0,2.0,0.1,21690524.0,0.0127987007384349,,,,,18,v4_strict_ratio_crossK_reuse,0.1312648582803456,0.1228382219757751,0.032483702624718,2.0527915564533035,3,2,0.1228382219757751,1.0685994649632125,2,0.1228382219757751,1.0685994649632125,2,0.1228382219757751,1.0685994649632125,project://predictive_profile_experiment_v2/selected_hmms/bank_K4_i001020.npz,0.0128066711986,,,1.696098168094204,0.8156508053234546,0.2724970089743139,0.0027251475139362,0.2880160338172524,0.0216278934091579,0.0903248287975796,0.2698223413395941,0.0236053031057902,0.0027251475139362,0.1783557559222453,0.2724970089743139,0.1410417209373826,1.3862943611198906,-10.532264105072557,2.0,0.6931471805599453,2.0968897763484864,0.2337327839884767,-5.905232718777529,-3.427019661222732
bank_K4_i001162,GRU,0.0228504951727132,0.0179220450177149,128,0.0038567433726048,128.0,128.0,0.0368039820189505,0.2079981485649275,bank,,4,8,0.0679316057610365,0.0357943719597347,1.965853749075896,1.9571595901911056,1.9548428240947384,1.9542489967861827,0.0116047522897129,0.0151091730031913,0.2839230377715221,0.0635019415070144,0.0847071570319297,1.218248343493742,3,1,0.2839230377715221,1.0,1,0.2839230377715221,1.0,2,0.0635019415070144,4.471092238024876,0.318033917286688,0.0669034160158965,0.0103166311511931,0.1057280724976218,1.2010629334317229,3,1,0.318033917286688,1.0,1,0.318033917286688,1.0,2,0.0669034160158965,4.753627486093114,0.6258663458686509,2.672841614106505,4.836643926067509,1162.0,0.2,0.0,0.5,21833904.0,0.0078974096614164,,,,,4,v4_strict_ratio_crossK_reuse,0.3264508893202262,0.0676512259693862,0.1112610480756871,1.1967127249603344,3,1,0.3264508893202262,1.0,1,0.3264508893202262,1.0,2,0.0676512259693862,4.825498498252686,project://predictive_profile_experiment_v2/selected_hmms/bank_K4_i001162.npz,0.0106853433524421,,,1.998866950766906,0.961251812422753,0.179436509808071,0.0357943719597347,0.1308945402880218,0.133269465651329,0.0357943719597347,0.1556700690926993,0.0734288184051276,0.1469770489894561,0.1671873197003508,0.179436509808071,0.1082363963932313,1.3862943611198906,-4.192453235949707,1.0,0.0,1.1455972437552957,1.576221076507942,-3.329964605762568,-2.246884834824556
bank_K4_i001162,Transformer,0.0246174067837418,0.0192765758278741,8,0.0,,,0.0445329096546713,-0.1847178317451905,bank,,4,8,0.0679316057610365,0.0357943719597347,1.965853749075896,1.9571595901911056,1.9548428240947384,1.9542489967861827,0.0116047522897129,0.0151091730031913,0.2839230377715221,0.0635019415070144,0.0847071570319297,1.218248343493742,3,1,0.2839230377715221,1.0,1,0.2839230377715221,1.0,2,0.0635019415070144,4.471092238024876,0.318033917286688,0.0669034160158965,0.0103166311511931,0.1057280724976218,1.2010629334317229,3,1,0.318033917286688,1.0,1,0.318033917286688,1.0,2,0.0669034160158965,4.753627486093114,0.6258663458686509,2.672841614106505,4.836643926067509,1162.0,0.2,0.0,0.5,21833904.0,0.0078974096614164,,,,,4,v4_strict_ratio_crossK_reuse,0.3264508893202262,0.0676512259693862,0.1112610480756871,1.1967127249603344,3,1,0.3264508893202262,1.0,1,0.3264508893202262,1.0,2,0.0676512259693862,4.825498498252686,project://predictive_profile_experiment_v2/selected_hmms/bank_K4_i001162.npz,0.0106853433524421,,,1.998866950766906,0.961251812422753,0.179436509808071,0.0357943719597347,0.1308945402880218,0.133269465651329,0.0357943719597347,0.1556700690926993,0.0734288184051276,0.1469770489894561,0.1671873197003508,0.179436509808071,0.1082363963932313,1.3862943611198906,-4.192453235949707,1.0,0.0,1.1455972437552957,1.576221076507942,-3.329964605762568,-2.246884834824556
bank_K5_i000458,GRU,0.0173401790443448,0.0160424566187607,32,0.0031233664627705,32.0,32.0,0.0078874313797731,51.642818238664994,bank,,5,8,0.1471714365404879,0.0737979388222331,2.006021973014011,2.0059383037303125,2.005923334218481,2.0059206982416304,0.0001012747723807,0.0001215162379133,0.0327856626103034,0.0091275492541345,0.0011813691893296,1.426683466279878,4,1,0.0327856626103034,1.0,2,0.0091275492541345,3.591945844110592,3,0.0046228058309772,7.09215654064634,0.0355503787505513,0.0096543170404922,0.0052675247669251,0.0013868427851138,1.4248115476145553,4,1,0.0355503787505513,1.0,2,0.0096543170404922,3.682329739270602,3,0.0052675247669251,6.74897230171038,0.424386567256908,1.737277038922614,1.4758390189088595,458.0,5.0,8.0,2.0,21223109.0,0.0046228058309772,0.0013367974399449,0.0014355142345889,,,21,v4_strict_ratio_crossK_reuse,0.0359961069816202,0.0097921009605127,0.0014234777470851,1.430168560623344,4,1,0.0359961069816202,1.0,2,0.0097921009605127,3.676035115117456,3,0.0054576509339589,6.595531194133845,project://predictive_profile_experiment_v2/selected_hmms/bank_K5_i000458.npz,0.0054576509339589,0.0014445879395333,,2.0065101432985144,0.9649274110767234,0.2138357540222359,0.0737979388222331,0.1383669838091763,0.2138357540222359,0.0737979388222331,0.0907404201651058,0.1803991469124622,0.0876636004369296,0.159236766948356,0.0854743813257389,0.1088519913669381,1.6094379124341005,-9.015462658736464,2.0,0.6931471805599453,4.640350101958622,0.3892266544502706,-2.606424477003773,-6.580725492946442
bank_K5_i000458,Transformer,0.0248741236620913,0.019825489723435,8,0.0,,,0.0140041731157934,80.77050776624498,bank,,5,8,0.1471714365404879,0.0737979388222331,2.006021973014011,2.0059383037303125,2.005923334218481,2.0059206982416304,0.0001012747723807,0.0001215162379133,0.0327856626103034,0.0091275492541345,0.0011813691893296,1.426683466279878,4,1,0.0327856626103034,1.0,2,0.0091275492541345,3.591945844110592,3,0.0046228058309772,7.09215654064634,0.0355503787505513,0.0096543170404922,0.0052675247669251,0.0013868427851138,1.4248115476145553,4,1,0.0355503787505513,1.0,2,0.0096543170404922,3.682329739270602,3,0.0052675247669251,6.74897230171038,0.424386567256908,1.737277038922614,1.4758390189088595,458.0,5.0,8.0,2.0,21223109.0,0.0046228058309772,0.0013367974399449,0.0014355142345889,,,21,v4_strict_ratio_crossK_reuse,0.0359961069816202,0.0097921009605127,0.0014234777470851,1.430168560623344,4,1,0.0359961069816202,1.0,2,0.0097921009605127,3.676035115117456,3,0.0054576509339589,6.595531194133845,project://predictive_profile_experiment_v2/selected_hmms/bank_K5_i000458.npz,0.0054576509339589,0.0014445879395333,,2.0065101432985144,0.9649274110767234,0.2138357540222359,0.0737979388222331,0.1383669838091763,0.2138357540222359,0.0737979388222331,0.0907404201651058,0.1803991469124622,0.0876636004369296,0.159236766948356,0.0854743813257389,0.1088519913669381,1.6094379124341005,-9.015462658736464,2.0,0.6931471805599453,4.640350101958622,0.3892266544502706,-2.606424477003773,-6.580725492946442
bank_K5_i000474,GRU,0.0419916323247408,0.0337750596117686,8,0.0,,,0.0243331497128729,2.2867314147805557,bank,,5,8,0.0787466112611445,0.0036874874138662,1.5102328975129922,1.4989994845815842,1.4978455914919353,1.4976274855575182,0.0126054119554739,0.0141955169139569,0.5544878086560838,0.4567421601977225,0.6368319772626408,3.1452832538954847,4,3,0.2936745248024729,1.8881031952942984,4,0.1857878357007657,2.984521599945623,4,0.1857878357007657,2.984521599945623,0.5657187924718542,0.4622427231235429,0.2981495398942013,0.6675620771625939,3.2132264760830647,4,3,0.2981495398942013,1.897433055481488,4,0.2120444335204033,2.6679256940617573,4,0.2120444335204033,2.6679256940617573,0.6368119135986517,2.753394280931699,3.4749379836849807,474.0,1.0,8.0,0.1,21239270.0,0.2936745248024729,0.1857878357007657,0.2120444335204033,,,9,v4_strict_ratio_crossK_reuse,0.5662861543471968,0.4627978610978875,0.6714870210418071,3.230598823331842,4,3,0.2988224440747278,1.895058974236832,4,0.2175552783016229,2.602952954154881,4,0.2175552783016229,2.602952954154881,project://predictive_profile_experiment_v2/selected_hmms/bank_K5_i000474.npz,0.2988224440747278,0.2175552783016229,,1.7517995434034983,0.8424375046332592,0.2851339216777455,0.0036874874138662,0.2775601388347275,0.2851339216777455,0.0732661792387753,0.1851784455595376,0.0393475486907561,0.0036874874138662,0.0625493574292334,0.0915683151441698,0.2592687448459159,1.6094379124341005,-4.254829074506631,4.0,1.3862943611198906,1.550959434194101,1.245576632435918,-5.602809970510851,-0.4041228935373947
bank_K5_i000474,Transformer,0.0421661402346398,0.0365966346381559,32,0.0041019407313054,32.0,32.0,0.0332824004939832,0.7820345746945675,bank,,5,8,0.0787466112611445,0.0036874874138662,1.5102328975129922,1.4989994845815842,1.4978455914919353,1.4976274855575182,0.0126054119554739,0.0141955169139569,0.5544878086560838,0.4567421601977225,0.6368319772626408,3.1452832538954847,4,3,0.2936745248024729,1.8881031952942984,4,0.1857878357007657,2.984521599945623,4,0.1857878357007657,2.984521599945623,0.5657187924718542,0.4622427231235429,0.2981495398942013,0.6675620771625939,3.2132264760830647,4,3,0.2981495398942013,1.897433055481488,4,0.2120444335204033,2.6679256940617573,4,0.2120444335204033,2.6679256940617573,0.6368119135986517,2.753394280931699,3.4749379836849807,474.0,1.0,8.0,0.1,21239270.0,0.2936745248024729,0.1857878357007657,0.2120444335204033,,,9,v4_strict_ratio_crossK_reuse,0.5662861543471968,0.4627978610978875,0.6714870210418071,3.230598823331842,4,3,0.2988224440747278,1.895058974236832,4,0.2175552783016229,2.602952954154881,4,0.2175552783016229,2.602952954154881,project://predictive_profile_experiment_v2/selected_hmms/bank_K5_i000474.npz,0.2988224440747278,0.2175552783016229,,1.7517995434034983,0.8424375046332592,0.2851339216777455,0.0036874874138662,0.2775601388347275,0.2851339216777455,0.0732661792387753,0.1851784455595376,0.0393475486907561,0.0036874874138662,0.0625493574292334,0.0915683151441698,0.2592687448459159,1.6094379124341005,-4.254829074506631,4.0,1.3862943611198906,1.550959434194101,1.245576632435918,-5.602809970510851,-0.4041228935373947
bank_K5_i000809,GRU,0.0096604190575394,0.0053974203830857,32,0.0054755935282085,32.0,32.0,0.0127838254958851,-23.107532403773547,bank,,5,8,0.1791894260130875,0.0933082093446563,2.0695069688227035,2.069431753261909,2.069426774438765,2.069426430290892,8.053853181211323e-05,8.620565070449615e-05,0.0401448256463759,0.0239839578473777,0.002540089756922,2.6967750086995146,4,3,0.0147360617537798,2.72425742489024,4,0.0116662324984597,3.4411131144245664,4,0.0116662324984597,3.4411131144245664,0.0413617136792766,0.0247852415786269,0.0153476186330096,0.0027040551298285,2.7038332015900464,4,3,0.0153476186330096,2.6949922765422314,4,0.0119752316690265,3.453938497595595,4,0.0119752316690265,3.453938497595595,0.2754570794971372,1.3801804857964226,1.696178563020854,809.0,5.0,8.0,2.0,21577489.0,0.0147360617537798,0.0116662324984597,0.0119752316690265,,,11,v4_strict_ratio_crossK_reuse,0.0414328997210776,0.0248431238932062,0.0027149684637766,2.7054637942816493,4,3,0.0153979125146516,2.690812776189812,4,0.0120002820757558,3.4526604841051496,4,0.0120002820757558,3.4526604841051496,project://predictive_profile_experiment_v2/selected_hmms/bank_K5_i000809.npz,0.0153979125146516,0.0120002820757558,,2.0706788888570875,0.9957860547425298,0.1589357421929778,0.0933082093446563,0.046743900829562,0.126361868996142,0.1589357421929778,0.1220810584066692,0.1264475426317031,0.1225062804637125,0.1274417939968547,0.1229175039672842,0.0933082093446563,1.6094379124341005,-9.358774829026729,4.0,1.3862943611198906,4.424914789815798,0.5283778166276876,-2.37184718631091,-5.913002732759072
bank_K5_i000809,Transformer,0.0127329572267278,0.0080255458503006,8,0.0,,,0.0263742166890025,-74.48221634862902,bank,,5,8,0.1791894260130875,0.0933082093446563,2.0695069688227035,2.069431753261909,2.069426774438765,2.069426430290892,8.053853181211323e-05,8.620565070449615e-05,0.0401448256463759,0.0239839578473777,0.002540089756922,2.6967750086995146,4,3,0.0147360617537798,2.72425742489024,4,0.0116662324984597,3.4411131144245664,4,0.0116662324984597,3.4411131144245664,0.0413617136792766,0.0247852415786269,0.0153476186330096,0.0027040551298285,2.7038332015900464,4,3,0.0153476186330096,2.6949922765422314,4,0.0119752316690265,3.453938497595595,4,0.0119752316690265,3.453938497595595,0.2754570794971372,1.3801804857964226,1.696178563020854,809.0,5.0,8.0,2.0,21577489.0,0.0147360617537798,0.0116662324984597,0.0119752316690265,,,11,v4_strict_ratio_crossK_reuse,0.0414328997210776,0.0248431238932062,0.0027149684637766,2.7054637942816493,4,3,0.0153979125146516,2.690812776189812,4,0.0120002820757558,3.4526604841051496,4,0.0120002820757558,3.4526604841051496,project://predictive_profile_experiment_v2/selected_hmms/bank_K5_i000809.npz,0.0153979125146516,0.0120002820757558,,2.0706788888570875,0.9957860547425298,0.1589357421929778,0.0933082093446563,0.046743900829562,0.126361868996142,0.1589357421929778,0.1220810584066692,0.1264475426317031,0.1225062804637125,0.1274417939968547,0.1229175039672842,0.0933082093446563,1.6094379124341005,-9.358774829026729,4.0,1.3862943611198906,4.424914789815798,0.5283778166276876,-2.37184718631091,-5.913002732759072
bank_K5_i001027,GRU,0.034174345293051,0.0273034371443684,256,0.0075375503980251,256.0,256.0,0.0401317786816041,1.5625819566381798,bank,,5,8,0.010428265944735,0.0396305876267563,1.855939049188168,1.8498541205397303,1.847910035221848,1.847380965057541,0.0085580841306269,0.0115603097771226,0.2151147804176514,0.0294664582517408,0.0471993284437003,1.1062675268876283,4,1,0.2151147804176514,1.0,1,0.2151147804176514,1.0,2,0.0294664582517408,7.30032698805744,0.2513290711123296,0.0372789632935232,0.012119202229612,0.0647030179477124,1.1272741924685372,4,1,0.2513290711123296,1.0,1,0.2513290711123296,1.0,2,0.0372789632935232,6.741847114509081,0.6586349199628712,2.929415041196464,3.232802989298716,1027.0,0.2,0.0,0.5,21797604.0,0.0075256867885758,0.0002270815374395,0.0003461135707746,,,8,v4_strict_ratio_crossK_reuse,0.2615459447711648,0.0382002332253143,0.0700742593266402,1.1291740613076742,4,1,0.2615459447711648,1.0,1,0.2615459447711648,1.0,2,0.0382002332253143,6.846710679186247,project://predictive_profile_experiment_v2/selected_hmms/bank_K5_i001027.npz,0.0144410724941877,0.0004191743649649,,1.8708008693240392,0.899665045554851,0.2695370213282857,0.0396305876267563,0.2296834090021978,0.0396305876267563,0.0505785716149511,0.2695370213282857,0.1382858628414789,0.0601678747626896,0.1651556604019708,0.0586670979082346,0.2179773235156327,1.6094379124341005,-4.460177618768003,1.0,0.0,1.3809921582250937,1.1733495594595995,-3.2281540440634235,-2.73794743331256
bank_K5_i001027,Transformer,0.0300731867425819,0.0267863251093415,32,0.0073228977154632,32.0,32.0,0.0310815568339677,0.3439199328310984,bank,,5,8,0.010428265944735,0.0396305876267563,1.855939049188168,1.8498541205397303,1.847910035221848,1.847380965057541,0.0085580841306269,0.0115603097771226,0.2151147804176514,0.0294664582517408,0.0471993284437003,1.1062675268876283,4,1,0.2151147804176514,1.0,1,0.2151147804176514,1.0,2,0.0294664582517408,7.30032698805744,0.2513290711123296,0.0372789632935232,0.012119202229612,0.0647030179477124,1.1272741924685372,4,1,0.2513290711123296,1.0,1,0.2513290711123296,1.0,2,0.0372789632935232,6.741847114509081,0.6586349199628712,2.929415041196464,3.232802989298716,1027.0,0.2,0.0,0.5,21797604.0,0.0075256867885758,0.0002270815374395,0.0003461135707746,,,8,v4_strict_ratio_crossK_reuse,0.2615459447711648,0.0382002332253143,0.0700742593266402,1.1291740613076742,4,1,0.2615459447711648,1.0,1,0.2615459447711648,1.0,2,0.0382002332253143,6.846710679186247,project://predictive_profile_experiment_v2/selected_hmms/bank_K5_i001027.npz,0.0144410724941877,0.0004191743649649,,1.8708008693240392,0.899665045554851,0.2695370213282857,0.0396305876267563,0.2296834090021978,0.0396305876267563,0.0505785716149511,0.2695370213282857,0.1382858628414789,0.0601678747626896,0.1651556604019708,0.0586670979082346,0.2179773235156327,1.6094379124341005,-4.460177618768003,1.0,0.0,1.3809921582250937,1.1733495594595995,-3.2281540440634235,-2.73794743331256
bank_K5_i001052,GRU,0.0134171870091645,0.0115017732008793,256,0.0004624136846739,256.0,256.0,0.0118806650825526,1.214735642772106,bank,,5,8,0.1689026871376355,0.0727490217596445,2.052837155355301,2.052770173320006,2.052760527047413,2.052758939434839,7.821592046175496e-05,9.10374182025997e-05,0.0395048269357031,0.0121601124439024,0.0017713170646916,1.5814275646434033,4,2,0.0121601124439024,3.248722174071034,2,0.0121601124439024,3.248722174071034,3,0.0067231560636724,5.875934837979063,0.0412365588806185,0.0124652487253277,0.0071395399728894,0.0019291068734687,1.586708744286928,4,2,0.0124652487253277,3.3081216259111903,2,0.0124652487253277,3.3081216259111903,4,0.0047220364616656,8.732791289390615,0.4264030337169851,1.7433843949352343,1.6416594627563272,1052.0,5.0,8.0,2.0,21822829.0,0.0067231560636724,0.0041972075677691,0.0047220364616656,,,10,v4_strict_ratio_crossK_reuse,0.0414847176558129,0.0125040144356483,0.0019523335838911,1.5877619635076037,4,2,0.0125040144356483,3.3177119131870167,2,0.0125040144356483,3.3177119131870167,4,0.0048124280929251,8.620329873977898,project://predictive_profile_experiment_v2/selected_hmms/bank_K5_i001052.npz,0.0072001349815258,0.0048124280929251,,2.05364008785497,0.9875921235063804,0.1596012461385149,0.0727490217596445,0.0781961131841624,0.1477872906165104,0.1101549485536246,0.1064343262140948,0.1532306017981695,0.1596012461385149,0.1126533205679281,0.0727490217596445,0.1373892443515129,1.6094379124341005,-9.304239946922912,2.0,0.6931471805599453,4.384810608308564,0.4957075977775798,-2.620739819623766,-6.250698143032508
bank_K5_i001052,Transformer,0.0117694983200015,0.0079857690072506,8,0.0,,,0.0172569580073484,-21.573385633948867,bank,,5,8,0.1689026871376355,0.0727490217596445,2.052837155355301,2.052770173320006,2.052760527047413,2.052758939434839,7.821592046175496e-05,9.10374182025997e-05,0.0395048269357031,0.0121601124439024,0.0017713170646916,1.5814275646434033,4,2,0.0121601124439024,3.248722174071034,2,0.0121601124439024,3.248722174071034,3,0.0067231560636724,5.875934837979063,0.0412365588806185,0.0124652487253277,0.0071395399728894,0.0019291068734687,1.586708744286928,4,2,0.0124652487253277,3.3081216259111903,2,0.0124652487253277,3.3081216259111903,4,0.0047220364616656,8.732791289390615,0.4264030337169851,1.7433843949352343,1.6416594627563272,1052.0,5.0,8.0,2.0,21822829.0,0.0067231560636724,0.0041972075677691,0.0047220364616656,,,10,v4_strict_ratio_crossK_reuse,0.0414847176558129,0.0125040144356483,0.0019523335838911,1.5877619635076037,4,2,0.0125040144356483,3.3177119131870167,2,0.0125040144356483,3.3177119131870167,4,0.0048124280929251,8.620329873977898,project://predictive_profile_experiment_v2/selected_hmms/bank_K5_i001052.npz,0.0072001349815258,0.0048124280929251,,2.05364008785497,0.9875921235063804,0.1596012461385149,0.0727490217596445,0.0781961131841624,0.1477872906165104,0.1101549485536246,0.1064343262140948,0.1532306017981695,0.1596012461385149,0.1126533205679281,0.0727490217596445,0.1373892443515129,1.6094379124341005,-9.304239946922912,2.0,0.6931471805599453,4.384810608308564,0.4957075977775798,-2.620739819623766,-6.250698143032508
bank_K5_i001077,GRU,0.039536163693717,0.0286078003249711,256,0.0130119110868284,256.0,256.0,0.0417302340119125,20.34933878073361,bank,,5,8,0.1606180148761331,0.0037700046480167,1.5692538128774576,1.569127761534777,1.569127020756254,1.5691270137621776,0.00012679911528,0.0001275538819558,0.3471779753713926,0.2128188374615363,0.1674859743212365,1.895826662104372,4,2,0.2128188374615363,1.6313310396413552,2,0.2128188374615363,1.6313310396413552,2,0.2128188374615363,1.6313310396413552,0.3474091575349265,0.2129354957900654,0.0385723701462771,0.1677304611334979,1.897706127397661,4,2,0.2129354957900654,1.631522993599149,2,0.2129354957900654,1.631522993599149,3,0.0385723701462771,9.006684220271001,0.363286273870091,1.570564539386056,1.7455710308712624,1077.0,5.0,8.0,0.1,21848071.0,0.0384037111709926,0.0136647403221738,0.0144216950566898,,,20,v4_strict_ratio_crossK_reuse,0.3474102850675542,0.2129358473898215,0.1677317784624612,1.897727490269271,4,2,0.2129358473898215,1.631525594802976,2,0.2129358473898215,1.631525594802976,3,0.0385742971116549,9.006263524697825,project://predictive_profile_experiment_v2/selected_hmms/bank_K5_i001077.npz,0.0385742971116549,0.0144298576036762,,1.649569161414145,0.7932750829251844,0.3544694240322937,0.0037700046480167,0.3234009448245638,0.014497506000661,0.224250005722677,0.044301181094469,0.1906431242206044,0.0617162867660063,0.1063524675152715,0.3544694240322937,0.0037700046480167,1.6094379124341005,-8.966971679062631,2.0,0.6931471805599453,1.5467659958033546,0.5570817404452492,-5.580679044627301,-1.7853969860185486
bank_K5_i001077,Transformer,0.0401030378727413,0.0313942230161661,8,0.0,,,0.040493875088341,-19.95183670404544,bank,,5,8,0.1606180148761331,0.0037700046480167,1.5692538128774576,1.569127761534777,1.569127020756254,1.5691270137621776,0.00012679911528,0.0001275538819558,0.3471779753713926,0.2128188374615363,0.1674859743212365,1.895826662104372,4,2,0.2128188374615363,1.6313310396413552,2,0.2128188374615363,1.6313310396413552,2,0.2128188374615363,1.6313310396413552,0.3474091575349265,0.2129354957900654,0.0385723701462771,0.1677304611334979,1.897706127397661,4,2,0.2129354957900654,1.631522993599149,2,0.2129354957900654,1.631522993599149,3,0.0385723701462771,9.006684220271001,0.363286273870091,1.570564539386056,1.7455710308712624,1077.0,5.0,8.0,0.1,21848071.0,0.0384037111709926,0.0136647403221738,0.0144216950566898,,,20,v4_strict_ratio_crossK_reuse,0.3474102850675542,0.2129358473898215,0.1677317784624612,1.897727490269271,4,2,0.2129358473898215,1.631525594802976,2,0.2129358473898215,1.631525594802976,3,0.0385742971116549,9.006263524697825,project://predictive_profile_experiment_v2/selected_hmms/bank_K5_i001077.npz,0.0385742971116549,0.0144298576036762,,1.649569161414145,0.7932750829251844,0.3544694240322937,0.0037700046480167,0.3234009448245638,0.014497506000661,0.224250005722677,0.044301181094469,0.1906431242206044,0.0617162867660063,0.1063524675152715,0.3544694240322937,0.0037700046480167,1.6094379124341005,-8.966971679062631,2.0,0.6931471805599453,1.5467659958033546,0.5570817404452492,-5.580679044627301,-1.7853969860185486
bank_K6_i000011,GRU,0.0126565350732718,0.0063940987627047,256,0.0066945843411175,256.0,256.0,0.0179163955346768,-16.697578403933125,bank,,6,8,0.0797386938768613,0.0637805968654293,2.0301839505793025,2.030049703628082,2.0300179382746384,2.0300115154595293,0.0001724351197731,0.0002170461034349,0.0364786377291066,0.0130689359585254,0.0015486474016915,1.6314699149638257,5,2,0.0130689359585254,2.791247722452105,2,0.0130689359585254,2.791247722452105,3,0.006544434899415,5.573993521177364,0.0396746154793873,0.0156234825813167,0.0085060101839416,0.0018969240858039,1.7578919805942996,5,2,0.0156234825813167,2.5394220061301755,2,0.0156234825813167,2.5394220061301755,3,0.0085060101839416,4.664303783022551,0.4936311069509588,1.974844848739852,1.9669891515937483,11.0,1.0,0.0,2.0,20871814.0,0.006544434899415,0.0020540365361268,0.0022735366003095,0.0003325804980586,0.0011111194695995,23,v4_strict_ratio_crossK_reuse,0.0405367769940483,0.0158658067021427,0.0019767539909475,1.7527314133204086,5,2,0.0158658067021427,2.554977364534112,2,0.0158658067021427,2.554977364534112,3,0.0086692471568612,4.675928170067878,project://predictive_profile_experiment_v2/selected_hmms/bank_K6_i000011.npz,0.0086692471568612,0.0023088164433691,0.0011460366209979,2.030785366627408,0.9766013258477456,0.2045124240394129,0.0637805968654293,0.1107853252908854,0.0637805968654293,0.0912509835687132,0.1497753532001626,0.1372227258791549,0.1222826501474646,0.2045124240394129,0.107953209491939,0.1232220568077232,1.791759469228055,-8.435400768764522,2.0,0.6931471805599453,4.158980202871351,0.6765040241877215,-2.752306259252898,-6.267521606856413
bank_K6_i000011,Transformer,0.0199834664270317,0.0121040879985705,8,0.0,,,0.0276746628202452,-34.816460029527775,bank,,6,8,0.0797386938768613,0.0637805968654293,2.0301839505793025,2.030049703628082,2.0300179382746384,2.0300115154595293,0.0001724351197731,0.0002170461034349,0.0364786377291066,0.0130689359585254,0.0015486474016915,1.6314699149638257,5,2,0.0130689359585254,2.791247722452105,2,0.0130689359585254,2.791247722452105,3,0.006544434899415,5.573993521177364,0.0396746154793873,0.0156234825813167,0.0085060101839416,0.0018969240858039,1.7578919805942996,5,2,0.0156234825813167,2.5394220061301755,2,0.0156234825813167,2.5394220061301755,3,0.0085060101839416,4.664303783022551,0.4936311069509588,1.974844848739852,1.9669891515937483,11.0,1.0,0.0,2.0,20871814.0,0.006544434899415,0.0020540365361268,0.0022735366003095,0.0003325804980586,0.0011111194695995,23,v4_strict_ratio_crossK_reuse,0.0405367769940483,0.0158658067021427,0.0019767539909475,1.7527314133204086,5,2,0.0158658067021427,2.554977364534112,2,0.0158658067021427,2.554977364534112,3,0.0086692471568612,4.675928170067878,project://predictive_profile_experiment_v2/selected_hmms/bank_K6_i000011.npz,0.0086692471568612,0.0023088164433691,0.0011460366209979,2.030785366627408,0.9766013258477456,0.2045124240394129,0.0637805968654293,0.1107853252908854,0.0637805968654293,0.0912509835687132,0.1497753532001626,0.1372227258791549,0.1222826501474646,0.2045124240394129,0.107953209491939,0.1232220568077232,1.791759469228055,-8.435400768764522,2.0,0.6931471805599453,4.158980202871351,0.6765040241877215,-2.752306259252898,-6.267521606856413
bank_K6_i000247,GRU,0.0367463346153791,0.0256747105311866,32,0.0052500945811274,32.0,32.0,0.0434729721026322,0.9204822061497486,bank,,6,8,0.0246841221982805,0.0661305181122696,1.8074791592686523,1.7625936326718905,1.743181750706885,1.7339508053818358,0.0735283538868165,0.1114021265019205,0.5717709029233169,0.1757869288477828,0.3664664366244928,1.5111525880015002,5,2,0.1757869288477828,3.252636055883449,2,0.1757869288477828,3.252636055883449,3,0.0804522780333826,7.106957278277037,0.6579495974735753,0.2289314097557531,0.1287643120960208,0.506454709838049,1.694888343105411,5,2,0.2289314097557531,2.874003170537156,2,0.2289314097557531,2.874003170537156,3,0.1287643120960208,5.109720129463634,0.8923480211947094,9.289192926111395,21.15423550127234,247.0,0.2,2.0,0.5,21110091.0,0.0804522780333826,0.0458865860935264,0.0609478091853107,0.0080795431141248,0.0291986837991414,14,v4_strict_ratio_crossK_reuse,0.6910130896792641,0.2520391257162474,0.5737673831307388,1.8145874081780544,5,2,0.2520391257162474,2.7416897583481767,3,0.1605714846201572,4.303460800115928,4,0.0736391935063652,9.383767757037344,project://predictive_profile_experiment_v2/selected_hmms/bank_K6_i000247.npz,0.1605714846201572,0.0736391935063652,0.0392254972875592,1.931798996785544,0.9289989442189264,0.2712113214240323,0.0661305181122696,0.2053787734152388,0.2712113214240323,0.0981442421606394,0.0666190530965494,0.0661305181122696,0.1069126607932417,0.0875744153458098,0.080804369584822,0.2226034194826357,1.791759469228055,-2.194608862784964,2.0,0.6931471805599453,1.4743328410104215,3.051840145550348,-2.7161249425724456,-0.680320377182732
bank_K6_i000247,Transformer,0.044013930589047,0.0385508884916956,32,0.0029100005039005,32.0,32.0,0.0789874782148842,0.2088076300558314,bank,,6,8,0.0246841221982805,0.0661305181122696,1.8074791592686523,1.7625936326718905,1.743181750706885,1.7339508053818358,0.0735283538868165,0.1114021265019205,0.5717709029233169,0.1757869288477828,0.3664664366244928,1.5111525880015002,5,2,0.1757869288477828,3.252636055883449,2,0.1757869288477828,3.252636055883449,3,0.0804522780333826,7.106957278277037,0.6579495974735753,0.2289314097557531,0.1287643120960208,0.506454709838049,1.694888343105411,5,2,0.2289314097557531,2.874003170537156,2,0.2289314097557531,2.874003170537156,3,0.1287643120960208,5.109720129463634,0.8923480211947094,9.289192926111395,21.15423550127234,247.0,0.2,2.0,0.5,21110091.0,0.0804522780333826,0.0458865860935264,0.0609478091853107,0.0080795431141248,0.0291986837991414,14,v4_strict_ratio_crossK_reuse,0.6910130896792641,0.2520391257162474,0.5737673831307388,1.8145874081780544,5,2,0.2520391257162474,2.7416897583481767,3,0.1605714846201572,4.303460800115928,4,0.0736391935063652,9.383767757037344,project://predictive_profile_experiment_v2/selected_hmms/bank_K6_i000247.npz,0.1605714846201572,0.0736391935063652,0.0392254972875592,1.931798996785544,0.9289989442189264,0.2712113214240323,0.0661305181122696,0.2053787734152388,0.2712113214240323,0.0981442421606394,0.0666190530965494,0.0661305181122696,0.1069126607932417,0.0875744153458098,0.080804369584822,0.2226034194826357,1.791759469228055,-2.194608862784964,2.0,0.6931471805599453,1.4743328410104215,3.051840145550348,-2.7161249425724456,-0.680320377182732
bank_K6_i000250,GRU,0.0397059477812944,0.0334781216278392,32,0.0047505164228643,32.0,32.0,0.0631077687429829,0.5513858364794997,bank,,6,8,0.0300911322907847,0.0360552983204193,1.8421335145261288,1.794569661253614,1.770746101849806,1.756448451026393,0.0856850634997361,0.1381039245503708,0.4723425387680933,0.3156109345952239,0.4318505133453504,3.54638086857762,5,4,0.1647818582960775,2.86647173209684,4,0.1647818582960775,2.86647173209684,5,0.1305265739394512,3.6187461641887873,0.557213324070597,0.4595342272600144,0.3300308227344622,0.7855710020837056,4.266235629072591,5,4,0.2850399582911597,1.95486039014018,5,0.2715593595533595,2.051902482709709,5,0.2715593595533595,2.051902482709709,0.9650531261970038,28.614862823989245,18.529366237649253,250.0,0.2,8.0,0.5,21113118.0,0.2548382429140344,0.1647818582960775,0.2850399582911597,0.1305265739394512,0.2715593595533595,15,v4_strict_ratio_crossK_reuse,0.5848638763395865,0.5137945820060861,0.982594222041537,4.511743645353155,5,5,0.3264266777917977,1.791715923147145,5,0.3264266777917977,1.791715923147145,5,0.3264266777917977,1.791715923147145,project://predictive_profile_experiment_v2/selected_hmms/bank_K6_i000250.npz,0.3717590070122236,0.3630212947291887,0.3264266777917977,1.938743796702596,0.9323386870190252,0.2275356343572036,0.0360552983204193,0.18353860621536,0.0761913025149167,0.0360552983204193,0.0860576031712297,0.0634072664569231,0.2275356343572036,0.140054211816413,0.1799398925817952,0.190758790781099,1.791759469228055,-1.979748800792759,5.0,1.6094379124341005,1.3035745279497648,2.919356837750644,-3.3227014546102205,-0.2413444344310489
bank_K6_i000250,Transformer,0.0490442372501442,0.025934520813139,128,0.0148046800121547,128.0,128.0,0.1003504261149126,0.235848858014142,bank,,6,8,0.0300911322907847,0.0360552983204193,1.8421335145261288,1.794569661253614,1.770746101849806,1.756448451026393,0.0856850634997361,0.1381039245503708,0.4723425387680933,0.3156109345952239,0.4318505133453504,3.54638086857762,5,4,0.1647818582960775,2.86647173209684,4,0.1647818582960775,2.86647173209684,5,0.1305265739394512,3.6187461641887873,0.557213324070597,0.4595342272600144,0.3300308227344622,0.7855710020837056,4.266235629072591,5,4,0.2850399582911597,1.95486039014018,5,0.2715593595533595,2.051902482709709,5,0.2715593595533595,2.051902482709709,0.9650531261970038,28.614862823989245,18.529366237649253,250.0,0.2,8.0,0.5,21113118.0,0.2548382429140344,0.1647818582960775,0.2850399582911597,0.1305265739394512,0.2715593595533595,15,v4_strict_ratio_crossK_reuse,0.5848638763395865,0.5137945820060861,0.982594222041537,4.511743645353155,5,5,0.3264266777917977,1.791715923147145,5,0.3264266777917977,1.791715923147145,5,0.3264266777917977,1.791715923147145,project://predictive_profile_experiment_v2/selected_hmms/bank_K6_i000250.npz,0.3717590070122236,0.3630212947291887,0.3264266777917977,1.938743796702596,0.9323386870190252,0.2275356343572036,0.0360552983204193,0.18353860621536,0.0761913025149167,0.0360552983204193,0.0860576031712297,0.0634072664569231,0.2275356343572036,0.140054211816413,0.1799398925817952,0.190758790781099,1.791759469228055,-1.979748800792759,5.0,1.6094379124341005,1.3035745279497648,2.919356837750644,-3.3227014546102205,-0.2413444344310489
bank_K6_i000271,GRU,0.0320533966432515,0.0227938208735568,32,0.00505631668596,32.0,32.0,0.0478921308875193,0.6309063899232981,bank,,6,8,0.0199119358368304,0.0612436665687426,1.929400112001994,1.887000699134708,1.866819369706776,1.852535304238104,0.07686480776389,0.1256142681291647,0.4257847913249797,0.3014068658491645,0.2776458542183452,2.060837293259141,5,2,0.3014068658491645,1.412657903878204,2,0.3014068658491645,1.412657903878204,3,0.0736748468875867,5.77924229655534,0.4866961154996539,0.4546301441564966,0.1052745995710889,0.4550191253221622,2.213632405580107,5,2,0.4546301441564966,1.0705319956349382,2,0.4546301441564966,1.0705319956349382,3,0.1052745995710889,4.623110583963816,0.9551516857708826,22.29738212435995,28.08549455066144,271.0,0.2,0.0,0.5,21134324.0,0.0736748468875867,0.0088835994453136,0.0193461271044618,0.000406830011493,0.0006592079775826,12,v4_strict_ratio_crossK_reuse,0.530796205649033,0.5054846589478821,0.5508464135343425,2.215197972749556,5,2,0.5054846589478821,1.050073817776853,2,0.5054846589478821,1.050073817776853,3,0.1137198594185879,4.667577047340884,project://predictive_profile_experiment_v2/selected_hmms/bank_K6_i000271.npz,0.1137198594185879,0.0255770410440587,0.0008183620974109,1.985895694134692,0.9550139565502884,0.2419005794024792,0.0612436665687426,0.1577191086305664,0.1658685065154934,0.0612436665687426,0.1509753615067545,0.0995742064139685,0.0904614759356504,0.0709159312571043,0.1190602723998068,0.2419005794024792,1.791759469228055,-2.074539431645506,2.0,0.6931471805599453,0.7882710605748611,3.335253234896883,-2.79289483786306,-0.787415827239495
bank_K6_i000271,Transformer,0.038888226365682,0.0356000538089946,32,0.0027962010589006,32.0,32.0,0.0810216553270926,0.2746381430682901,bank,,6,8,0.0199119358368304,0.0612436665687426,1.929400112001994,1.887000699134708,1.866819369706776,1.852535304238104,0.07686480776389,0.1256142681291647,0.4257847913249797,0.3014068658491645,0.2776458542183452,2.060837293259141,5,2,0.3014068658491645,1.412657903878204,2,0.3014068658491645,1.412657903878204,3,0.0736748468875867,5.77924229655534,0.4866961154996539,0.4546301441564966,0.1052745995710889,0.4550191253221622,2.213632405580107,5,2,0.4546301441564966,1.0705319956349382,2,0.4546301441564966,1.0705319956349382,3,0.1052745995710889,4.623110583963816,0.9551516857708826,22.29738212435995,28.08549455066144,271.0,0.2,0.0,0.5,21134324.0,0.0736748468875867,0.0088835994453136,0.0193461271044618,0.000406830011493,0.0006592079775826,12,v4_strict_ratio_crossK_reuse,0.530796205649033,0.5054846589478821,0.5508464135343425,2.215197972749556,5,2,0.5054846589478821,1.050073817776853,2,0.5054846589478821,1.050073817776853,3,0.1137198594185879,4.667577047340884,project://predictive_profile_experiment_v2/selected_hmms/bank_K6_i000271.npz,0.1137198594185879,0.0255770410440587,0.0008183620974109,1.985895694134692,0.9550139565502884,0.2419005794024792,0.0612436665687426,0.1577191086305664,0.1658685065154934,0.0612436665687426,0.1509753615067545,0.0995742064139685,0.0904614759356504,0.0709159312571043,0.1190602723998068,0.2419005794024792,1.791759469228055,-2.074539431645506,2.0,0.6931471805599453,0.7882710605748611,3.335253234896883,-2.79289483786306,-0.787415827239495
bank_K6_i000573,GRU,0.0497357334137719,0.0359784221706698,128,0.0154648353006145,128.0,128.0,0.0705440071854105,0.9676326227985438,bank,,6,8,0.0533567195882635,0.0004781007994627,0.9067369979109292,0.8182109381600271,0.8058951499067842,0.800920539983585,0.1058164579273442,0.1280814660269855,0.890751378069658,0.8087077816181717,2.455829457810548,4.271473663344946,5,4,0.659568431598706,1.350506384774352,4,0.659568431598706,1.350506384774352,5,0.2686153511231958,3.316085154273741,0.9143273376437632,0.8771747807695828,0.8052319697822662,2.961153092535634,4.546072325918401,5,4,0.7317901480568645,1.2494392553269449,5,0.4144968880488976,2.205872622946933,5,0.4144968880488976,2.205872622946933,0.9491125249520324,19.65120098918993,26.14261595660768,573.0,0.2,8.0,0.1,21439229.0,0.7079537000448222,0.659568431598706,0.7317901480568645,0.2686153511231958,0.4144968880488976,13,v4_strict_ratio_crossK_reuse,0.9163106980738678,0.8816370528836448,3.0511480488956058,4.664125418742658,5,4,0.7343878282050335,1.2477204317417463,5,0.4894413534640074,1.872156268751516,5,0.4894413534640074,1.872156268751516,project://predictive_profile_experiment_v2/selected_hmms/bank_K6_i000573.npz,0.8095434143869265,0.7343878282050335,0.4894413534640074,1.7094246651981737,0.8220594957515606,0.2842205977762806,0.0004781007994627,0.2909125890264132,0.2649408585385692,0.0518034783256036,0.20444473201997,0.0004781007994627,0.2842205977762806,0.0661090841842151,0.0356216840558878,0.0923814643000108,1.791759469228055,-2.055088764177224,5.0,1.6094379124341005,0.8806898121577748,3.263566778040019,-7.645688970167331,1.0855787507669044
bank_K6_i000573,Transformer,0.0612848365092341,0.0448688825707613,8,0.0,,,0.1084227267430194,0.5685051239074566,bank,,6,8,0.0533567195882635,0.0004781007994627,0.9067369979109292,0.8182109381600271,0.8058951499067842,0.800920539983585,0.1058164579273442,0.1280814660269855,0.890751378069658,0.8087077816181717,2.455829457810548,4.271473663344946,5,4,0.659568431598706,1.350506384774352,4,0.659568431598706,1.350506384774352,5,0.2686153511231958,3.316085154273741,0.9143273376437632,0.8771747807695828,0.8052319697822662,2.961153092535634,4.546072325918401,5,4,0.7317901480568645,1.2494392553269449,5,0.4144968880488976,2.205872622946933,5,0.4144968880488976,2.205872622946933,0.9491125249520324,19.65120098918993,26.14261595660768,573.0,0.2,8.0,0.1,21439229.0,0.7079537000448222,0.659568431598706,0.7317901480568645,0.2686153511231958,0.4144968880488976,13,v4_strict_ratio_crossK_reuse,0.9163106980738678,0.8816370528836448,3.0511480488956058,4.664125418742658,5,4,0.7343878282050335,1.2477204317417463,5,0.4894413534640074,1.872156268751516,5,0.4894413534640074,1.872156268751516,project://predictive_profile_experiment_v2/selected_hmms/bank_K6_i000573.npz,0.8095434143869265,0.7343878282050335,0.4894413534640074,1.7094246651981737,0.8220594957515606,0.2842205977762806,0.0004781007994627,0.2909125890264132,0.2649408585385692,0.0518034783256036,0.20444473201997,0.0004781007994627,0.2842205977762806,0.0661090841842151,0.0356216840558878,0.0923814643000108,1.791759469228055,-2.055088764177224,5.0,1.6094379124341005,0.8806898121577748,3.263566778040019,-7.645688970167331,1.0855787507669044
bank_K6_i000993,GRU,0.027511614183771,0.024969201299416,256,0.0018982934286444,256.0,256.0,0.016057676265984,35.6428356827691,bank,,6,8,0.1298646974478072,0.0005721295171186,1.7550605146080414,1.754799201766616,1.7547955140026414,1.754795355160684,0.0002651594473572,0.0002691648952466,0.3010606911612388,0.2018856974122354,0.1339714462426215,2.042417604020375,5,2,0.2018856974122354,1.4912432877624586,2,0.2018856974122354,1.4912432877624586,3,0.0452905779149629,6.647313967300364,0.3015823764599369,0.2021540952088417,0.0456189450611698,0.1345099997249641,2.0497464298745376,5,2,0.2021540952088417,1.491844012105605,2,0.2021540952088417,1.491844012105605,3,0.0456189450611698,6.610902028873072,0.3186138938863279,1.467596698887158,1.5955379009815145,993.0,5.0,2.0,0.1,21863264.0,0.0452905779149629,0.020282214954881,0.0222814075026361,0.0106520875497062,0.0106884262285428,22,v4_strict_ratio_crossK_reuse,0.3015850233067015,0.2021581468924187,0.1345190002780596,2.0501519889639064,5,2,0.2021581468924187,1.491827205297812,2,0.2021581468924187,1.491827205297812,3,0.0456326778786418,6.608970530038891,project://predictive_profile_experiment_v2/selected_hmms/bank_K6_i000993.npz,0.0456326778786418,0.0223822484964127,0.0106888400702828,1.821810067954883,0.8761054501600318,0.2255726893934684,0.0005721295171186,0.2176908167964712,0.0284171116640302,0.1606342614241033,0.178785945416446,0.1840315979098785,0.2255726893934684,0.0639610483593568,0.158025216315598,0.0005721295171186,1.791759469228055,-8.220186372684411,2.0,0.6931471805599453,1.5987250248327238,0.4672109213781882,-7.466145163686526,-2.006116735306372
bank_K6_i000993,Transformer,0.027584483779558,0.0171334999356042,256,0.0077593982355926,256.0,256.0,0.026845164360382,-35.07544484186635,bank,,6,8,0.1298646974478072,0.0005721295171186,1.7550605146080414,1.754799201766616,1.7547955140026414,1.754795355160684,0.0002651594473572,0.0002691648952466,0.3010606911612388,0.2018856974122354,0.1339714462426215,2.042417604020375,5,2,0.2018856974122354,1.4912432877624586,2,0.2018856974122354,1.4912432877624586,3,0.0452905779149629,6.647313967300364,0.3015823764599369,0.2021540952088417,0.0456189450611698,0.1345099997249641,2.0497464298745376,5,2,0.2021540952088417,1.491844012105605,2,0.2021540952088417,1.491844012105605,3,0.0456189450611698,6.610902028873072,0.3186138938863279,1.467596698887158,1.5955379009815145,993.0,5.0,2.0,0.1,21863264.0,0.0452905779149629,0.020282214954881,0.0222814075026361,0.0106520875497062,0.0106884262285428,22,v4_strict_ratio_crossK_reuse,0.3015850233067015,0.2021581468924187,0.1345190002780596,2.0501519889639064,5,2,0.2021581468924187,1.491827205297812,2,0.2021581468924187,1.491827205297812,3,0.0456326778786418,6.608970530038891,project://predictive_profile_experiment_v2/selected_hmms/bank_K6_i000993.npz,0.0456326778786418,0.0223822484964127,0.0106888400702828,1.821810067954883,0.8761054501600318,0.2255726893934684,0.0005721295171186,0.2176908167964712,0.0284171116640302,0.1606342614241033,0.178785945416446,0.1840315979098785,0.2255726893934684,0.0639610483593568,0.158025216315598,0.0005721295171186,1.791759469228055,-8.220186372684411,2.0,0.6931471805599453,1.5987250248327238,0.4672109213781882,-7.466145163686526,-2.006116735306372
