dataset_replicate,hmm_id,architecture,A_width_shape,best_shape_rmse,best_dimension,mean_excess_ce_H,K
0,confirm_K3_i000321,GRU,0.0421706352833872,0.0352595188202694,128,0.0245002210409157,3
0,confirm_K3_i000321,Transformer,0.0352188188464726,0.0206580702488645,32,0.0230369853745612,3
0,confirm_K3_i000341,GRU,0.0266219481830322,0.0185699791475358,8,0.0170651833714972,3
0,confirm_K3_i000341,Transformer,0.027289842122997,0.0166557904644018,32,0.0244345439475705,3
0,confirm_K3_i000975,GRU,0.0338690964938006,0.0223070461160049,32,0.0540437069242574,3
0,confirm_K3_i000975,Transformer,0.0428438079167242,0.0365529127693421,8,0.0692254697114604,3
0,confirm_K3_i001202,GRU,0.0197694300308514,0.0169117851869576,256,0.0130053904312444,3
0,confirm_K3_i001202,Transformer,0.0247917537414569,0.0138892034597065,256,0.0217157425142915,3
0,confirm_K4_i000373,GRU,0.0244469309118957,0.0163312573519745,8,0.0090779885249615,4
0,confirm_K4_i000373,Transformer,0.0231292606562905,0.0154506376025639,128,0.0270914733009815,4
0,confirm_K4_i000448,GRU,0.0375238656020392,0.0307755180186159,128,0.0156501202132745,4
0,confirm_K4_i000448,Transformer,0.0361309294142828,0.0290418351683299,128,0.0419459255632205,4
0,confirm_K4_i000654,GRU,0.047525512817903,0.0269778963300133,32,0.0391720169004689,4
0,confirm_K4_i000654,Transformer,0.051056233316806,0.0388235002786412,256,0.0510964446792394,4
0,confirm_K4_i000909,GRU,0.0422293674316307,0.0316830410552128,8,0.0107800170036197,4
0,confirm_K4_i000909,Transformer,0.0424357990577967,0.0329317310737367,32,-0.0013058311738529,4
0,confirm_K5_i000202,GRU,0.0319379982861371,0.0199157428058223,8,0.0087882447347912,5
0,confirm_K5_i000202,Transformer,0.0288466409067381,0.0150829021228843,32,0.0144301341827585,5
0,confirm_K5_i000312,GRU,0.0429118152272448,0.0318276200464982,32,0.0467391053988853,5
0,confirm_K5_i000312,Transformer,0.0597336724915811,0.0383570863249497,128,0.0763470626279036,5
0,confirm_K5_i000834,GRU,0.0458115076632101,0.0368523106189891,8,0.0564768001947841,5
0,confirm_K5_i000834,Transformer,0.03945175531216,0.0297108578338681,128,0.023905119350954,5
0,confirm_K5_i001133,GRU,0.0205282930066508,0.0169201324491303,32,0.0217940100469871,5
0,confirm_K5_i001133,Transformer,0.0218150034134194,0.0170595908100201,128,0.033705058911312,5
0,confirm_K6_i000105,GRU,0.0512607960028443,0.0256825209168669,8,0.0219945786603204,6
0,confirm_K6_i000105,Transformer,0.0483686844778736,0.0272577005897908,8,0.0375770147351336,6
0,confirm_K6_i000708,GRU,0.0475566542644214,0.0408118832836522,256,0.0851592999735615,6
0,confirm_K6_i000708,Transformer,0.0559726158345849,0.0339057804019572,8,0.0826268633059305,6
0,confirm_K6_i000997,GRU,0.0239659780828991,0.0193374969641286,32,0.021873699794903,6
0,confirm_K6_i000997,Transformer,0.0265077982396283,0.016021689389564,8,0.0292924602038608,6
0,confirm_K6_i001189,GRU,0.0363528814794481,0.0276798614348159,8,0.0551021981579266,6
0,confirm_K6_i001189,Transformer,0.0415902172686687,0.0359789556767499,32,0.0743043914032183,6
1,confirm_K3_i000321,GRU,0.0293389642504576,0.024031961013756,128,0.0227835563590837,3
1,confirm_K3_i000321,Transformer,0.0337501854421505,0.0171130786409076,128,0.0234126498570753,3
1,confirm_K3_i000341,GRU,0.0256746485221028,0.0192795685749719,32,0.0227975414943626,3
1,confirm_K3_i000341,Transformer,0.0296536855095147,0.0231823517320692,128,0.0272432768595149,3
1,confirm_K3_i000975,GRU,0.0372195709003625,0.0277758808330113,8,0.0341673531711476,3
1,confirm_K3_i000975,Transformer,0.0392562857966952,0.0221226573293534,256,0.0517188109909869,3
1,confirm_K3_i001202,GRU,0.0261802253578621,0.0122775209084735,8,0.009104021182417,3
1,confirm_K3_i001202,Transformer,0.0193977357689049,0.0153542697443868,32,0.0122427856333644,3
1,confirm_K4_i000373,GRU,0.0191391918223186,0.0128464850308262,256,0.0230738749948421,4
1,confirm_K4_i000373,Transformer,0.0286433671781822,0.0240694022889816,128,0.0241662164129098,4
1,confirm_K4_i000448,GRU,0.0389587771180194,0.0272554525157626,32,0.0106835805720531,4
1,confirm_K4_i000448,Transformer,0.0299198969271653,0.0229517467680488,128,0.0352644957201127,4
1,confirm_K4_i000654,GRU,0.0513395949158926,0.0352096665674737,8,0.0534623594735454,4
1,confirm_K4_i000654,Transformer,0.0641480556805408,0.0236527915527962,8,0.0620768259991596,4
1,confirm_K4_i000909,GRU,0.0316383892200967,0.0191680473668198,8,0.0442259874693593,4
1,confirm_K4_i000909,Transformer,0.0417314747058859,0.0161613445176815,128,0.0160301089785537,4
1,confirm_K5_i000202,GRU,0.0282475735518521,0.0206907356909769,256,0.0104395783797773,5
1,confirm_K5_i000202,Transformer,0.0383434733600928,0.0285905177442393,256,0.0303398705379041,5
1,confirm_K5_i000312,GRU,0.0473680146005371,0.0439957451212586,8,0.054930907316935,5
1,confirm_K5_i000312,Transformer,0.0527745247643069,0.0392767523521213,128,0.078304688089025,5
1,confirm_K5_i000834,GRU,0.0379405831504512,0.0250901730343769,8,0.0125145972285709,5
1,confirm_K5_i000834,Transformer,0.0462064067166549,0.0315531184695286,32,0.0250144331916214,5
1,confirm_K5_i001133,GRU,0.0233002165572996,0.0121228544343075,128,0.0133807597993496,5
1,confirm_K5_i001133,Transformer,0.0246308181913348,0.0174750754961401,8,0.0263847355732007,5
1,confirm_K6_i000105,GRU,0.0414548750496701,0.0338241678408732,256,0.0248167542823067,6
1,confirm_K6_i000105,Transformer,0.0431616305547855,0.0360326849326626,32,0.0083631429282736,6
1,confirm_K6_i000708,GRU,0.0553018840916899,0.0445500036222091,8,0.0527306873514396,6
1,confirm_K6_i000708,Transformer,0.0609915435718379,0.0491436233601982,32,0.100462457864398,6
1,confirm_K6_i000997,GRU,0.0249835908864627,0.0158661449544805,128,0.0288595659491366,6
1,confirm_K6_i000997,Transformer,0.0308841092891531,0.0197207325611496,8,0.0416677876519109,6
1,confirm_K6_i001189,GRU,0.0246232876955658,0.0226262015190802,32,0.0353685742459895,6
1,confirm_K6_i001189,Transformer,0.0277656577460125,0.0140500897660137,8,0.0514886404913864,6
2,confirm_K3_i000321,GRU,0.0343841904770085,0.0264446655143275,32,0.0116951217522932,3
2,confirm_K3_i000321,Transformer,0.0411317981126586,0.0288156288870431,32,0.0356931171338471,3
2,confirm_K3_i000341,GRU,0.0188568426394195,0.0140649004270729,8,0.0246297820659409,3
2,confirm_K3_i000341,Transformer,0.0197239856957485,0.0140947192583848,256,0.019685040960901,3
2,confirm_K3_i000975,GRU,0.0393000589616067,0.0198384446066181,32,0.0409846105133868,3
2,confirm_K3_i000975,Transformer,0.0464417850060147,0.037620165371499,128,0.0488118508662161,3
2,confirm_K3_i001202,GRU,0.0218549253157289,0.016205425337077,32,0.0267608652917138,3
2,confirm_K3_i001202,Transformer,0.0209390670362315,0.0153954224316171,8,0.0068633515792679,3
2,confirm_K4_i000373,GRU,0.0201997335954479,0.0122194967377996,8,0.0132540370868921,4
2,confirm_K4_i000373,Transformer,0.0228778147588102,0.0146407229073894,128,0.0141225723770538,4
2,confirm_K4_i000448,GRU,0.045949377629082,0.0304202346836886,8,0.036847595085347,4
2,confirm_K4_i000448,Transformer,0.0367979759258522,0.0328893881326511,32,0.0284498755729639,4
2,confirm_K4_i000654,GRU,0.0544172869780452,0.034201023220427,8,0.0585473707968384,4
2,confirm_K4_i000654,Transformer,0.0623808256259887,0.0420750394367493,8,0.0746404041627437,4
2,confirm_K4_i000909,GRU,0.0368518444022527,0.0276008771454792,8,0.0305918720118245,4
2,confirm_K4_i000909,Transformer,0.0373869337746696,0.0341338819219816,128,0.031888707032009,4
2,confirm_K5_i000202,GRU,0.0350978984218876,0.0330083247524832,32,0.0315153511222077,5
2,confirm_K5_i000202,Transformer,0.0394919356550713,0.0228340797732299,32,0.0173234907891226,5
2,confirm_K5_i000312,GRU,0.0637414809020469,0.0551458569894135,8,0.0560829676220138,5
2,confirm_K5_i000312,Transformer,0.0388962371022407,0.0300610766353246,256,0.0915551979868928,5
2,confirm_K5_i000834,GRU,0.0279238229163206,0.0158355725074542,8,0.0336459152911148,5
2,confirm_K5_i000834,Transformer,0.0361021718369972,0.0207433868613891,128,0.0378634002570352,5
2,confirm_K5_i001133,GRU,0.0237301716262382,0.012030276426842,32,0.0210063334245168,5
2,confirm_K5_i001133,Transformer,0.0207838242316479,0.01350603424822,8,0.0231921586830103,5
2,confirm_K6_i000105,GRU,0.0435793901909782,0.0260156203690295,128,0.0276969848283044,6
2,confirm_K6_i000105,Transformer,0.0383496004671059,0.0313588361380018,256,0.0128565241354616,6
2,confirm_K6_i000708,GRU,0.0557393191466801,0.0465729016400473,8,0.0483342653613927,6
2,confirm_K6_i000708,Transformer,0.0456067424594629,0.036189147875288,8,0.0620059499059262,6
2,confirm_K6_i000997,GRU,0.0253203455793175,0.0190134097340096,8,-0.0019405828955822,6
2,confirm_K6_i000997,Transformer,0.0224575841675893,0.0158170282218194,256,0.019265551413789,6
2,confirm_K6_i001189,GRU,0.0328827422165389,0.0162322598410181,256,0.0350324052912197,6
2,confirm_K6_i001189,Transformer,0.0350845666295963,0.0268972476597593,8,0.0574878405374489,6
