hmm_id,architecture,A_width_shape,best_shape_rmse,best_dimension,width_gain,d90,d95,mean_excess_ce_H,mean_recovery_ratio,K,generator_family,selection_cluster
external_ring_sparse_specialized_K3_i0049,GRU,0.0230912932728565,0.0159825395598387,32,0.0042957067178303,32.0,32.0,0.0089492147000361,3.863834743315625,3,ring_sparse_specialized,1
external_ring_sparse_specialized_K3_i0049,Transformer,0.026072750812381,0.015979504413021,128,0.014353796835949,128.0,128.0,0.030268883026149,-10.589756775083073,3,ring_sparse_specialized,1
external_ring_sparse_specialized_K3_i0051,GRU,0.0316871687428153,0.0252504286509894,8,0.0,,,0.0360201854706296,2.0741168538756565,3,ring_sparse_specialized,0
external_ring_sparse_specialized_K3_i0051,Transformer,0.0358632393708275,0.0242651060970316,128,0.015064062887318,128.0,128.0,0.0259331432515206,-1.4944022618615802,3,ring_sparse_specialized,0
external_ring_sparse_specialized_K3_i0103,GRU,0.0289387736075292,0.026017118112276,32,0.0064213081940292,32.0,32.0,-5.6498084789937536e-05,9.417535444924289,3,ring_sparse_specialized,3
external_ring_sparse_specialized_K3_i0103,Transformer,0.0291825051875058,0.0279600742224304,32,0.0020353149249776,32.0,32.0,0.0190226399226389,3.4351103191529746,3,ring_sparse_specialized,3
external_ring_sparse_specialized_K3_i0190,GRU,0.033426710938789,0.0274103220193954,32,0.010906325189263,32.0,32.0,0.016595855922925,1.4404331771459131,3,ring_sparse_specialized,2
external_ring_sparse_specialized_K3_i0190,Transformer,0.0365362696125811,0.0316812620686121,32,0.0134057440287051,32.0,32.0,0.040777982676785,0.1851532502561469,3,ring_sparse_specialized,2
external_ring_sparse_specialized_K4_i0003,GRU,0.0501459305685605,0.0357916649821879,8,0.0,,,0.0471910301644226,0.3072810870960844,4,ring_sparse_specialized,3
external_ring_sparse_specialized_K4_i0003,Transformer,0.0462959126403033,0.0389139502627463,8,0.0,,,0.0791002956163837,0.027353093804136,4,ring_sparse_specialized,3
external_ring_sparse_specialized_K4_i0048,GRU,0.0208171028204784,0.0139282070456985,8,0.0,,,0.0282347110866651,0.6549736353197337,4,ring_sparse_specialized,1
external_ring_sparse_specialized_K4_i0048,Transformer,0.0315637466457126,0.0305702300710538,128,0.0026730949239824,128.0,128.0,0.0633858731679597,-0.2708076890787383,4,ring_sparse_specialized,1
external_ring_sparse_specialized_K4_i0053,GRU,0.0281205366997794,0.0171721951195549,128,0.0171233842929772,128.0,128.0,0.0233886162170766,0.7596713335984603,4,ring_sparse_specialized,2
external_ring_sparse_specialized_K4_i0053,Transformer,0.0277028428659326,0.0215718098056033,8,0.0,,,0.0227467445594402,2.6602735958562445,4,ring_sparse_specialized,2
external_ring_sparse_specialized_K4_i0248,GRU,0.0257953216049375,0.0246134642313692,32,0.0020393414645842,32.0,32.0,0.0043801018769544,2.5330925529104764,4,ring_sparse_specialized,0
external_ring_sparse_specialized_K4_i0248,Transformer,0.0289406076582439,0.0207773442287777,32,0.017882111720151,32.0,32.0,0.0118628267621003,1.1866381221883564,4,ring_sparse_specialized,0
external_ring_sparse_specialized_K5_i0011,GRU,0.0203806114261433,0.0155291618177971,32,0.0066718343457903,32.0,32.0,0.0473106017045649,0.3262509936552533,5,ring_sparse_specialized,2
external_ring_sparse_specialized_K5_i0011,Transformer,0.0310565997395533,0.0224050498490292,8,0.0,,,0.0766482305525878,0.2436440875582149,5,ring_sparse_specialized,2
external_ring_sparse_specialized_K5_i0063,GRU,0.035535412945164,0.0346730135721409,8,0.0,,,0.0125559247062586,2.576029972879424,5,ring_sparse_specialized,1
external_ring_sparse_specialized_K5_i0063,Transformer,0.0240243190640315,0.017802413862644,8,0.0,,,0.036522050850191,1.0126665951979623,5,ring_sparse_specialized,1
external_ring_sparse_specialized_K5_i0153,GRU,0.0260682415917705,0.0183734627907341,128,0.0092343211144655,128.0,128.0,0.0396004858424877,0.0107121114536103,5,ring_sparse_specialized,3
external_ring_sparse_specialized_K5_i0153,Transformer,0.0363096087997584,0.0305890454870633,32,0.0156713790553135,32.0,32.0,0.0400647911241268,0.3777338692729902,5,ring_sparse_specialized,3
external_ring_sparse_specialized_K5_i0201,GRU,0.0378909334446933,0.0349639018604399,32,0.004042476637803,32.0,32.0,0.0624069160234237,0.6213775622359904,5,ring_sparse_specialized,0
external_ring_sparse_specialized_K5_i0201,Transformer,0.0449571017484364,0.0407780246118371,8,0.0,,,0.0836992158834773,0.3827855764556268,5,ring_sparse_specialized,0
external_ring_sparse_specialized_K6_i0034,GRU,0.0378067677447214,0.0150958477564727,8,0.0,,,0.0555092942240461,0.0071953131967599,6,ring_sparse_specialized,1
external_ring_sparse_specialized_K6_i0034,Transformer,0.0303083366600294,0.0200442377420886,8,0.0,,,0.0767965475575087,0.1880913619831628,6,ring_sparse_specialized,1
external_ring_sparse_specialized_K6_i0099,GRU,0.0299570590208885,0.0115316986783657,8,0.0,,,0.0493086127788422,0.1028594538743063,6,ring_sparse_specialized,0
external_ring_sparse_specialized_K6_i0099,Transformer,0.0269672210336207,0.0210307550653703,32,0.0146816242165706,32.0,32.0,0.0709866556873518,-0.1905000107973921,6,ring_sparse_specialized,0
external_ring_sparse_specialized_K6_i0135,GRU,0.0325483763058949,0.0313343724587113,32,0.0015262185153909,32.0,32.0,0.0517520415668959,0.7763969219475203,6,ring_sparse_specialized,3
external_ring_sparse_specialized_K6_i0135,Transformer,0.0477507899208924,0.0290451738409268,32,0.0283290609634987,32.0,32.0,0.1059495309543552,-0.5946023821682627,6,ring_sparse_specialized,3
external_ring_sparse_specialized_K6_i0232,GRU,0.0272187607441169,0.0190329961419286,8,0.0,,,0.0256114501138118,1.4043686073131407,6,ring_sparse_specialized,2
external_ring_sparse_specialized_K6_i0232,Transformer,0.0233627135657796,0.0208358214223907,128,0.0042321177384994,128.0,128.0,0.0443274757974267,-1.4450467406898293,6,ring_sparse_specialized,2
external_sticky_dense_logistic_normal_K3_i0051,GRU,0.0231160286489162,0.0214030014326184,8,0.0,,,0.009156221530807,1.7049513352343546,3,sticky_dense_logistic_normal,3
external_sticky_dense_logistic_normal_K3_i0051,Transformer,0.0226266038819006,0.0154018694671129,32,0.0135601856426017,32.0,32.0,0.0330026938338796,-3.031557049705871,3,sticky_dense_logistic_normal,3
external_sticky_dense_logistic_normal_K3_i0059,GRU,0.0229104933131735,0.0167679790489225,8,0.0,,,0.0171395636937137,-1.3278576506264113,3,sticky_dense_logistic_normal,0
external_sticky_dense_logistic_normal_K3_i0059,Transformer,0.0305794369474298,0.0247854665689495,8,0.0,,,0.0140803793080431,4.99585459068807,3,sticky_dense_logistic_normal,0
external_sticky_dense_logistic_normal_K3_i0178,GRU,0.0266838173525516,0.0222570320648293,32,0.0054117979181193,32.0,32.0,0.02535814179475,0.5834582624449444,3,sticky_dense_logistic_normal,2
external_sticky_dense_logistic_normal_K3_i0178,Transformer,0.0264582014151258,0.0176730367676321,32,0.0042575752579391,32.0,32.0,0.0273459335184252,1.150937669099236,3,sticky_dense_logistic_normal,2
external_sticky_dense_logistic_normal_K3_i0217,GRU,0.0247130283744174,0.0200430751095828,32,0.0126357705234908,32.0,32.0,0.027964954610678,0.8120437344941625,3,sticky_dense_logistic_normal,1
external_sticky_dense_logistic_normal_K3_i0217,Transformer,0.0552273528729919,0.0464309534632462,128,0.0028278253456183,128.0,128.0,0.0425595641493921,1.1634476537960603,3,sticky_dense_logistic_normal,1
external_sticky_dense_logistic_normal_K4_i0038,GRU,0.0291785241190396,0.0219519643361367,32,0.0159338615897469,32.0,32.0,0.0143586381734348,0.5879281789085334,4,sticky_dense_logistic_normal,2
external_sticky_dense_logistic_normal_K4_i0038,Transformer,0.0375227357896861,0.0341705845121845,32,0.009321428203595,32.0,32.0,0.0268121867836453,-8.693036967151722,4,sticky_dense_logistic_normal,2
external_sticky_dense_logistic_normal_K4_i0108,GRU,0.0182086236281505,0.0121915794834337,128,0.0017864339448136,128.0,128.0,0.0263521605368673,1.1751879031715042,4,sticky_dense_logistic_normal,0
external_sticky_dense_logistic_normal_K4_i0108,Transformer,0.032412461128066,0.0270207871882944,32,0.0064164825981109,32.0,32.0,0.033077918851,-0.1849485785851522,4,sticky_dense_logistic_normal,0
external_sticky_dense_logistic_normal_K4_i0131,GRU,0.0310075290769564,0.0210326352390175,8,0.0,,,0.0103252585153054,1.2626837369033608,4,sticky_dense_logistic_normal,1
external_sticky_dense_logistic_normal_K4_i0131,Transformer,0.038766475044431,0.0348131151978199,32,0.0024780935858257,32.0,32.0,0.0489534699672067,-0.253282192169578,4,sticky_dense_logistic_normal,1
external_sticky_dense_logistic_normal_K4_i0211,GRU,0.049216563186084,0.0453626591446183,128,0.0085982700545898,128.0,128.0,0.0068414953056437,1.5246900706339996,4,sticky_dense_logistic_normal,3
external_sticky_dense_logistic_normal_K4_i0211,Transformer,0.0283857270986058,0.0211324396596065,128,0.0184480349835324,128.0,128.0,0.0188965694808425,0.6946565705577624,4,sticky_dense_logistic_normal,3
external_sticky_dense_logistic_normal_K5_i0048,GRU,0.041234103234981,0.026687912408789,8,0.0,,,0.0252914956076643,0.9394422432419168,5,sticky_dense_logistic_normal,0
external_sticky_dense_logistic_normal_K5_i0048,Transformer,0.027637373943014,0.021523765121062,8,0.0,,,0.0399022729062738,0.2689817428508921,5,sticky_dense_logistic_normal,0
external_sticky_dense_logistic_normal_K5_i0094,GRU,0.0185597639469062,0.0114223357895901,32,0.0092273073053297,32.0,32.0,0.0212292752319037,-0.8641645601269478,5,sticky_dense_logistic_normal,1
external_sticky_dense_logistic_normal_K5_i0094,Transformer,0.0243925121589534,0.0164980999372588,8,0.0,,,0.0258600445244172,3.4079137343356503,5,sticky_dense_logistic_normal,1
external_sticky_dense_logistic_normal_K5_i0152,GRU,0.0532355064742844,0.0455512358354471,8,0.0,,,0.0193536510376873,1.035135189772691,5,sticky_dense_logistic_normal,3
external_sticky_dense_logistic_normal_K5_i0152,Transformer,0.0437010898633341,0.0371454708232187,8,0.0,,,0.0560612071198301,0.2329938587981017,5,sticky_dense_logistic_normal,3
external_sticky_dense_logistic_normal_K5_i0236,GRU,0.0243771093040715,0.0154894710633179,8,0.0,,,0.0157484701939818,1.9867454312778043,5,sticky_dense_logistic_normal,2
external_sticky_dense_logistic_normal_K5_i0236,Transformer,0.0223159464403844,0.0171513019958204,32,0.0145457620176532,32.0,32.0,0.0310466777948933,0.2117931304239289,5,sticky_dense_logistic_normal,2
external_sticky_dense_logistic_normal_K6_i0086,GRU,0.0328885854848748,0.0250846533828981,128,0.017332609115893,128.0,128.0,0.0250762651491297,0.7146161498707683,6,sticky_dense_logistic_normal,2
external_sticky_dense_logistic_normal_K6_i0086,Transformer,0.0333529785056236,0.0265402974963284,8,0.0,,,0.0413815718685388,0.4251681160271146,6,sticky_dense_logistic_normal,2
external_sticky_dense_logistic_normal_K6_i0090,GRU,0.0318598086274135,0.0199816161188652,8,0.0,,,0.044121453228673,0.6297837584425445,6,sticky_dense_logistic_normal,3
external_sticky_dense_logistic_normal_K6_i0090,Transformer,0.0441633407306719,0.0379794698322676,32,0.0149985280609437,32.0,32.0,0.0644441370133698,0.7093756815329542,6,sticky_dense_logistic_normal,3
external_sticky_dense_logistic_normal_K6_i0146,GRU,0.0259503603376313,0.0172617135104802,8,0.0,,,0.0189437508535041,1.3947841644563066,6,sticky_dense_logistic_normal,1
external_sticky_dense_logistic_normal_K6_i0146,Transformer,0.0454213557290061,0.0378614095905788,8,0.0,,,0.0409376636099472,0.9397875563743088,6,sticky_dense_logistic_normal,1
external_sticky_dense_logistic_normal_K6_i0159,GRU,0.0206036937873199,0.0129178372309654,32,0.0089880013785536,32.0,32.0,0.0188057801432866,1.872132391804524,6,sticky_dense_logistic_normal,0
external_sticky_dense_logistic_normal_K6_i0159,Transformer,0.0201662931822262,0.0151332808795091,32,0.0099388067623837,32.0,32.0,0.0163944494036295,0.951450599252543,6,sticky_dense_logistic_normal,0
