n_train,method,alpha,beta,outcome,diagnostic,spearman_rho,n_hmms
64,additive,0.1,,shape_rmse,unseen_test_context_rate,0.5511588783020379,48
64,additive,0.1,,shape_rmse,mean_train_count_for_test_context,-0.8720147633521494,48
64,additive,0.1,,shape_rmse,empirical_effective_context_count,0.9818714719930526,48
64,additive,0.1,,shape_rmse,mean_backoff_weight,,48
64,additive,0.1,,excess_ce_H,unseen_test_context_rate,0.5581067152552249,48
64,additive,0.1,,excess_ce_H,mean_train_count_for_test_context,-0.8693009118541033,48
64,additive,0.1,,excess_ce_H,empirical_effective_context_count,0.980894485453756,48
64,additive,0.1,,excess_ce_H,mean_backoff_weight,,48
64,additive,0.5,,shape_rmse,unseen_test_context_rate,0.3480432073737116,48
64,additive,0.5,,shape_rmse,mean_train_count_for_test_context,-0.9282457663916628,48
64,additive,0.5,,shape_rmse,empirical_effective_context_count,0.955601389491967,48
64,additive,0.5,,shape_rmse,mean_backoff_weight,,48
64,additive,0.5,,excess_ce_H,unseen_test_context_rate,0.4101937801190172,48
64,additive,0.5,,excess_ce_H,mean_train_count_for_test_context,-0.9088145896656536,48
64,additive,0.5,,excess_ce_H,empirical_effective_context_count,0.9656969170646982,48
64,additive,0.5,,excess_ce_H,mean_backoff_weight,,48
64,additive,1.0,,shape_rmse,unseen_test_context_rate,-0.2816045165088608,48
64,additive,1.0,,shape_rmse,mean_train_count_for_test_context,0.1411202778983933,48
64,additive,1.0,,shape_rmse,empirical_effective_context_count,-0.27181936604429,48
64,additive,1.0,,shape_rmse,mean_backoff_weight,,48
64,additive,1.0,,excess_ce_H,unseen_test_context_rate,0.0035281984527902,48
64,additive,1.0,,excess_ce_H,mean_train_count_for_test_context,-0.1227746417716022,48
64,additive,1.0,,excess_ce_H,empirical_effective_context_count,0.0553625705601389,48
64,additive,1.0,,excess_ce_H,mean_backoff_weight,,48
64,interpolated_backoff,0.1,1.0,shape_rmse,unseen_test_context_rate,0.5380231240624187,48
64,interpolated_backoff,0.1,1.0,shape_rmse,mean_train_count_for_test_context,-0.8828701693443335,48
64,interpolated_backoff,0.1,1.0,shape_rmse,empirical_effective_context_count,0.9859965262700824,48
64,interpolated_backoff,0.1,1.0,shape_rmse,mean_backoff_weight,0.9608119843682152,48
64,interpolated_backoff,0.1,1.0,excess_ce_H,unseen_test_context_rate,0.549204799158954,48
64,interpolated_backoff,0.1,1.0,excess_ce_H,mean_train_count_for_test_context,-0.8786365610073817,48
64,interpolated_backoff,0.1,1.0,excess_ce_H,empirical_effective_context_count,0.9818714719930526,48
64,interpolated_backoff,0.1,1.0,excess_ce_H,mean_backoff_weight,0.965045592705167,48
64,interpolated_backoff,0.1,5.0,shape_rmse,unseen_test_context_rate,0.5560983561359443,48
64,interpolated_backoff,0.1,5.0,shape_rmse,mean_train_count_for_test_context,-0.8748371689101172,48
64,interpolated_backoff,0.1,5.0,shape_rmse,empirical_effective_context_count,0.9779635258358662,48
64,interpolated_backoff,0.1,5.0,shape_rmse,mean_backoff_weight,0.9838254450716456,48
64,interpolated_backoff,0.1,5.0,excess_ce_H,unseen_test_context_rate,0.5720566691377957,48
64,interpolated_backoff,0.1,5.0,excess_ce_H,mean_train_count_for_test_context,-0.8600738167607469,48
64,interpolated_backoff,0.1,5.0,excess_ce_H,empirical_effective_context_count,0.9628745115067304,48
64,interpolated_backoff,0.1,5.0,excess_ce_H,mean_backoff_weight,0.9750325662179764,48
64,interpolated_backoff,0.1,20.0,shape_rmse,unseen_test_context_rate,0.5622319934461797,48
64,interpolated_backoff,0.1,20.0,shape_rmse,mean_train_count_for_test_context,-0.8562744246634824,48
64,interpolated_backoff,0.1,20.0,shape_rmse,empirical_effective_context_count,0.9513677811550152,48
64,interpolated_backoff,0.1,20.0,shape_rmse,mean_backoff_weight,0.955601389491967,48
64,interpolated_backoff,0.1,20.0,excess_ce_H,unseen_test_context_rate,0.5816099449484278,48
64,interpolated_backoff,0.1,20.0,excess_ce_H,mean_train_count_for_test_context,-0.7772470690403821,48
64,interpolated_backoff,0.1,20.0,excess_ce_H,empirical_effective_context_count,0.8763569257490229,48
64,interpolated_backoff,0.1,20.0,excess_ce_H,mean_backoff_weight,0.8849326964828484,48
64,interpolated_backoff,0.5,1.0,shape_rmse,unseen_test_context_rate,0.1393909788733143,48
64,interpolated_backoff,0.5,1.0,shape_rmse,mean_train_count_for_test_context,-0.9410551454624404,48
64,interpolated_backoff,0.5,1.0,shape_rmse,empirical_effective_context_count,0.8897090751194094,48
64,interpolated_backoff,0.5,1.0,shape_rmse,mean_backoff_weight,0.7395788102475033,48
64,interpolated_backoff,0.5,1.0,excess_ce_H,unseen_test_context_rate,0.272214080626819,48
64,interpolated_backoff,0.5,1.0,excess_ce_H,mean_train_count_for_test_context,-0.9322622666087712,48
64,interpolated_backoff,0.5,1.0,excess_ce_H,empirical_effective_context_count,0.9280286582718194,48
64,interpolated_backoff,0.5,1.0,excess_ce_H,mean_backoff_weight,0.818280503690838,48
64,interpolated_backoff,0.5,5.0,shape_rmse,unseen_test_context_rate,-0.0664386908648507,48
64,interpolated_backoff,0.5,5.0,shape_rmse,mean_train_count_for_test_context,-0.8601823708206686,48
64,interpolated_backoff,0.5,5.0,shape_rmse,empirical_effective_context_count,0.7491315675206253,48
64,interpolated_backoff,0.5,5.0,shape_rmse,mean_backoff_weight,0.6372123317412071,48
64,interpolated_backoff,0.5,5.0,excess_ce_H,unseen_test_context_rate,0.1966020737847135,48
64,interpolated_backoff,0.5,5.0,excess_ce_H,mean_train_count_for_test_context,-0.8802648719062093,48
64,interpolated_backoff,0.5,5.0,excess_ce_H,empirical_effective_context_count,0.8441163699522363,48
64,interpolated_backoff,0.5,5.0,excess_ce_H,mean_backoff_weight,0.77594442032132,48
64,interpolated_backoff,0.5,20.0,shape_rmse,unseen_test_context_rate,-0.36758399880455,48
64,interpolated_backoff,0.5,20.0,shape_rmse,mean_train_count_for_test_context,-0.5413590968302214,48
64,interpolated_backoff,0.5,20.0,shape_rmse,empirical_effective_context_count,0.3310898827616153,48
64,interpolated_backoff,0.5,20.0,shape_rmse,mean_backoff_weight,0.2810464611376465,48
64,interpolated_backoff,0.5,20.0,excess_ce_H,unseen_test_context_rate,0.1516039735175883,48
64,interpolated_backoff,0.5,20.0,excess_ce_H,mean_train_count_for_test_context,-0.6059487624837169,48
64,interpolated_backoff,0.5,20.0,excess_ce_H,empirical_effective_context_count,0.5584020842379505,48
64,interpolated_backoff,0.5,20.0,excess_ce_H,mean_backoff_weight,0.5397307859313939,48
64,interpolated_backoff,1.0,1.0,shape_rmse,unseen_test_context_rate,-0.5213048913938125,48
64,interpolated_backoff,1.0,1.0,shape_rmse,mean_train_count_for_test_context,-0.0455927051671732,48
64,interpolated_backoff,1.0,1.0,shape_rmse,empirical_effective_context_count,-0.1910551454624403,48
64,interpolated_backoff,1.0,1.0,shape_rmse,mean_backoff_weight,-0.4147850629613547,48
64,interpolated_backoff,1.0,1.0,excess_ce_H,unseen_test_context_rate,-0.2633664445067449,48
64,interpolated_backoff,1.0,1.0,excess_ce_H,mean_train_count_for_test_context,-0.3072079895788102,48
64,interpolated_backoff,1.0,1.0,excess_ce_H,empirical_effective_context_count,0.1272253582283977,48
64,interpolated_backoff,1.0,1.0,excess_ce_H,mean_backoff_weight,-0.0920538428137212,48
64,interpolated_backoff,1.0,5.0,shape_rmse,unseen_test_context_rate,-0.6777397827929137,48
64,interpolated_backoff,1.0,5.0,shape_rmse,mean_train_count_for_test_context,0.1480677377333912,48
64,interpolated_backoff,1.0,5.0,shape_rmse,empirical_effective_context_count,-0.3951367781155014,48
64,interpolated_backoff,1.0,5.0,shape_rmse,mean_backoff_weight,-0.5350629613547546,48
64,interpolated_backoff,1.0,5.0,excess_ce_H,unseen_test_context_rate,-0.4371166483126169,48
64,interpolated_backoff,1.0,5.0,excess_ce_H,mean_train_count_for_test_context,-0.0735996526270082,48
64,interpolated_backoff,1.0,5.0,excess_ce_H,empirical_effective_context_count,-0.1305905340859748,48
64,interpolated_backoff,1.0,5.0,excess_ce_H,mean_backoff_weight,-0.2629179331306991,48
64,interpolated_backoff,1.0,20.0,shape_rmse,unseen_test_context_rate,-0.7986755697593251,48
64,interpolated_backoff,1.0,20.0,shape_rmse,mean_train_count_for_test_context,0.3545375597047329,48
64,interpolated_backoff,1.0,20.0,shape_rmse,empirical_effective_context_count,-0.6012809379070777,48
64,interpolated_backoff,1.0,20.0,shape_rmse,mean_backoff_weight,-0.6480677377333912,48
64,interpolated_backoff,1.0,20.0,excess_ce_H,unseen_test_context_rate,-0.5145741743454126,48
64,interpolated_backoff,1.0,20.0,excess_ce_H,mean_train_count_for_test_context,0.1016066000868432,48
64,interpolated_backoff,1.0,20.0,excess_ce_H,empirical_effective_context_count,-0.294398610508033,48
64,interpolated_backoff,1.0,20.0,excess_ce_H,mean_backoff_weight,-0.3374945722970039,48
128,additive,0.1,,shape_rmse,unseen_test_context_rate,0.068402053296293,48
128,additive,0.1,,shape_rmse,mean_train_count_for_test_context,-0.8424880590534086,48
128,additive,0.1,,shape_rmse,empirical_effective_context_count,0.9703647416413372,48
128,additive,0.1,,shape_rmse,mean_backoff_weight,,48
128,additive,0.1,,excess_ce_H,unseen_test_context_rate,0.0736679256532298,48
128,additive,0.1,,excess_ce_H,mean_train_count_for_test_context,-0.8416196265740339,48
128,additive,0.1,,excess_ce_H,empirical_effective_context_count,0.9662396873643074,48
128,additive,0.1,,excess_ce_H,mean_backoff_weight,,48
128,additive,0.5,,shape_rmse,unseen_test_context_rate,0.0055373090763665,48
128,additive,0.5,,shape_rmse,mean_train_count_for_test_context,-0.8796135475466783,48
128,additive,0.5,,shape_rmse,empirical_effective_context_count,0.978072079895788,48
128,additive,0.5,,shape_rmse,mean_backoff_weight,,48
128,additive,0.5,,excess_ce_H,unseen_test_context_rate,0.0442984726109326,48
128,additive,0.5,,excess_ce_H,mean_train_count_for_test_context,-0.8731003039513678,48
128,additive,0.5,,excess_ce_H,empirical_effective_context_count,0.971450282240556,48
128,additive,0.5,,excess_ce_H,mean_backoff_weight,,48
128,additive,1.0,,shape_rmse,unseen_test_context_rate,-0.0758394194086677,48
128,additive,1.0,,shape_rmse,mean_train_count_for_test_context,-0.8582283977420755,48
128,additive,1.0,,shape_rmse,empirical_effective_context_count,0.873643074250977,48
128,additive,1.0,,shape_rmse,mean_backoff_weight,,48
128,additive,1.0,,excess_ce_H,unseen_test_context_rate,0.0218777995860365,48
128,additive,1.0,,excess_ce_H,mean_train_count_for_test_context,-0.8615935735996526,48
128,additive,1.0,,excess_ce_H,empirical_effective_context_count,0.889383412939644,48
128,additive,1.0,,excess_ce_H,mean_backoff_weight,,48
128,interpolated_backoff,0.1,1.0,shape_rmse,unseen_test_context_rate,0.0659591228214254,48
128,interpolated_backoff,0.1,1.0,shape_rmse,mean_train_count_for_test_context,-0.8488927485887973,48
128,interpolated_backoff,0.1,1.0,shape_rmse,empirical_effective_context_count,0.972752930959618,48
128,interpolated_backoff,0.1,1.0,shape_rmse,mean_backoff_weight,0.9745983499782892,48
128,interpolated_backoff,0.1,1.0,excess_ce_H,unseen_test_context_rate,0.0758937067525536,48
128,interpolated_backoff,0.1,1.0,excess_ce_H,mean_train_count_for_test_context,-0.851715154146765,48
128,interpolated_backoff,0.1,1.0,excess_ce_H,empirical_effective_context_count,0.9702561875814156,48
128,interpolated_backoff,0.1,1.0,excess_ce_H,mean_backoff_weight,0.9772036474164134,48
128,interpolated_backoff,0.1,5.0,shape_rmse,unseen_test_context_rate,0.0609103998400323,48
128,interpolated_backoff,0.1,5.0,shape_rmse,mean_train_count_for_test_context,-0.8541033434650457,48
128,interpolated_backoff,0.1,5.0,shape_rmse,empirical_effective_context_count,0.9730785931393832,48
128,interpolated_backoff,0.1,5.0,shape_rmse,mean_backoff_weight,0.991858445505862,48
128,interpolated_backoff,0.1,5.0,excess_ce_H,unseen_test_context_rate,0.0875654856880322,48
128,interpolated_backoff,0.1,5.0,excess_ce_H,mean_train_count_for_test_context,-0.8468302214502821,48
128,interpolated_backoff,0.1,5.0,excess_ce_H,empirical_effective_context_count,0.961788970907512,48
128,interpolated_backoff,0.1,5.0,excess_ce_H,mean_backoff_weight,0.9872991749891444,48
128,interpolated_backoff,0.1,20.0,shape_rmse,unseen_test_context_rate,0.0586303313968225,48
128,interpolated_backoff,0.1,20.0,shape_rmse,mean_train_count_for_test_context,-0.8526921406860616,48
128,interpolated_backoff,0.1,20.0,shape_rmse,empirical_effective_context_count,0.961137646547981,48
128,interpolated_backoff,0.1,20.0,shape_rmse,mean_backoff_weight,0.9773122014763352,48
128,interpolated_backoff,0.1,20.0,excess_ce_H,unseen_test_context_rate,0.1243180174988182,48
128,interpolated_backoff,0.1,20.0,excess_ce_H,mean_train_count_for_test_context,-0.8158923143725575,48
128,interpolated_backoff,0.1,20.0,excess_ce_H,empirical_effective_context_count,0.912505427702996,48
128,interpolated_backoff,0.1,20.0,excess_ce_H,mean_backoff_weight,0.9300911854103344,48
128,interpolated_backoff,0.5,1.0,shape_rmse,unseen_test_context_rate,-0.0536901831032014,48
128,interpolated_backoff,0.5,1.0,shape_rmse,mean_train_count_for_test_context,-0.9196699956578376,48
128,interpolated_backoff,0.5,1.0,shape_rmse,empirical_effective_context_count,0.9804602692140686,48
128,interpolated_backoff,0.5,1.0,shape_rmse,mean_backoff_weight,0.9046895353886236,48
128,interpolated_backoff,0.5,1.0,excess_ce_H,unseen_test_context_rate,-0.0052658723569368,48
128,interpolated_backoff,0.5,1.0,excess_ce_H,mean_train_count_for_test_context,-0.9065349544072948,48
128,interpolated_backoff,0.5,1.0,excess_ce_H,empirical_effective_context_count,0.9701476335214936,48
128,interpolated_backoff,0.5,1.0,excess_ce_H,mean_backoff_weight,0.9231437255753364,48
128,interpolated_backoff,0.5,5.0,shape_rmse,unseen_test_context_rate,-0.1411470941034617,48
128,interpolated_backoff,0.5,5.0,shape_rmse,mean_train_count_for_test_context,-0.9398610508033,48
128,interpolated_backoff,0.5,5.0,shape_rmse,empirical_effective_context_count,0.9491966999565784,48
128,interpolated_backoff,0.5,5.0,shape_rmse,mean_backoff_weight,0.894051237516283,48
128,interpolated_backoff,0.5,5.0,excess_ce_H,unseen_test_context_rate,-0.0357753596208389,48
128,interpolated_backoff,0.5,5.0,excess_ce_H,mean_train_count_for_test_context,-0.90979157620495,48
128,interpolated_backoff,0.5,5.0,excess_ce_H,empirical_effective_context_count,0.9445288753799392,48
128,interpolated_backoff,0.5,5.0,excess_ce_H,mean_backoff_weight,0.91804168475901,48
128,interpolated_backoff,0.5,20.0,shape_rmse,unseen_test_context_rate,-0.2944545532373755,48
128,interpolated_backoff,0.5,20.0,shape_rmse,mean_train_count_for_test_context,-0.9102257924446376,48
128,interpolated_backoff,0.5,20.0,shape_rmse,empirical_effective_context_count,0.8512809379070776,48
128,interpolated_backoff,0.5,20.0,shape_rmse,mean_backoff_weight,0.8034085974815458,48
128,interpolated_backoff,0.5,20.0,excess_ce_H,unseen_test_context_rate,0.0108031814333034,48
128,interpolated_backoff,0.5,20.0,excess_ce_H,mean_train_count_for_test_context,-0.7847372991749891,48
128,interpolated_backoff,0.5,20.0,excess_ce_H,empirical_effective_context_count,0.7948328267477204,48
128,interpolated_backoff,0.5,20.0,excess_ce_H,mean_backoff_weight,0.7856057316543639,48
128,interpolated_backoff,1.0,1.0,shape_rmse,unseen_test_context_rate,-0.3208924897098317,48
128,interpolated_backoff,1.0,1.0,shape_rmse,mean_train_count_for_test_context,-0.8839557099435519,48
128,interpolated_backoff,1.0,1.0,shape_rmse,empirical_effective_context_count,0.7857142857142857,48
128,interpolated_backoff,1.0,1.0,shape_rmse,mean_backoff_weight,0.5755536257056014,48
128,interpolated_backoff,1.0,1.0,excess_ce_H,unseen_test_context_rate,-0.1455986563021094,48
128,interpolated_backoff,1.0,1.0,excess_ce_H,mean_train_count_for_test_context,-0.8935084672166739,48
128,interpolated_backoff,1.0,1.0,excess_ce_H,empirical_effective_context_count,0.8520408163265306,48
128,interpolated_backoff,1.0,1.0,excess_ce_H,mean_backoff_weight,0.7270950933564915,48
128,interpolated_backoff,1.0,5.0,shape_rmse,unseen_test_context_rate,-0.4106837564971877,48
128,interpolated_backoff,1.0,5.0,shape_rmse,mean_train_count_for_test_context,-0.6910551454624404,48
128,interpolated_backoff,1.0,5.0,shape_rmse,empirical_effective_context_count,0.4955492835432045,48
128,interpolated_backoff,1.0,5.0,shape_rmse,mean_backoff_weight,0.3411854103343465,48
128,interpolated_backoff,1.0,5.0,excess_ce_H,unseen_test_context_rate,-0.1621562961873232,48
128,interpolated_backoff,1.0,5.0,excess_ce_H,mean_train_count_for_test_context,-0.7409900130264871,48
128,interpolated_backoff,1.0,5.0,excess_ce_H,empirical_effective_context_count,0.6272253582283976,48
128,interpolated_backoff,1.0,5.0,excess_ce_H,mean_backoff_weight,0.5274641771602258,48
128,interpolated_backoff,1.0,20.0,shape_rmse,unseen_test_context_rate,-0.4724627538393952,48
128,interpolated_backoff,1.0,20.0,shape_rmse,mean_train_count_for_test_context,-0.169344333478072,48
128,interpolated_backoff,1.0,20.0,shape_rmse,empirical_effective_context_count,-0.1042118975249674,48
128,interpolated_backoff,1.0,20.0,shape_rmse,mean_backoff_weight,-0.2053842813721233,48
128,interpolated_backoff,1.0,20.0,excess_ce_H,unseen_test_context_rate,-0.054070194510403,48
128,interpolated_backoff,1.0,20.0,excess_ce_H,mean_train_count_for_test_context,-0.4488710377768128,48
128,interpolated_backoff,1.0,20.0,excess_ce_H,empirical_effective_context_count,0.2997177594442032,48
128,interpolated_backoff,1.0,20.0,excess_ce_H,mean_backoff_weight,0.2368649587494572,48
256,additive,0.1,,shape_rmse,unseen_test_context_rate,-0.3026090984787272,48
256,additive,0.1,,shape_rmse,mean_train_count_for_test_context,-0.789622231871472,48
256,additive,0.1,,shape_rmse,empirical_effective_context_count,0.9456144159791576,48
256,additive,0.1,,shape_rmse,mean_backoff_weight,,48
256,additive,0.1,,excess_ce_H,unseen_test_context_rate,-0.3051068588465761,48
256,additive,0.1,,excess_ce_H,mean_train_count_for_test_context,-0.7940729483282675,48
256,additive,0.1,,excess_ce_H,empirical_effective_context_count,0.9434433347807208,48
256,additive,0.1,,excess_ce_H,mean_backoff_weight,,48
256,additive,0.5,,shape_rmse,unseen_test_context_rate,-0.3256319331736815,48
256,additive,0.5,,shape_rmse,mean_train_count_for_test_context,-0.8369518019973947,48
256,additive,0.5,,shape_rmse,empirical_effective_context_count,0.9683022145028224,48
256,additive,0.5,,shape_rmse,mean_backoff_weight,,48
256,additive,0.5,,excess_ce_H,unseen_test_context_rate,-0.3120571485658076,48
256,additive,0.5,,excess_ce_H,mean_train_count_for_test_context,-0.8333695180199739,48
256,additive,0.5,,excess_ce_H,empirical_effective_context_count,0.9545158488927488,48
256,additive,0.5,,excess_ce_H,mean_backoff_weight,,48
256,additive,1.0,,shape_rmse,unseen_test_context_rate,-0.3633155352451399,48
256,additive,1.0,,shape_rmse,mean_train_count_for_test_context,-0.8583369518019973,48
256,additive,1.0,,shape_rmse,empirical_effective_context_count,0.9669995657837605,48
256,additive,1.0,,shape_rmse,mean_backoff_weight,,48
256,additive,1.0,,excess_ce_H,unseen_test_context_rate,-0.3144463106567934,48
256,additive,1.0,,excess_ce_H,mean_train_count_for_test_context,-0.8353234910985671,48
256,additive,1.0,,excess_ce_H,empirical_effective_context_count,0.9294398610508032,48
256,additive,1.0,,excess_ce_H,mean_backoff_weight,,48
256,interpolated_backoff,0.1,1.0,shape_rmse,unseen_test_context_rate,-0.3150979003179713,48
256,interpolated_backoff,0.1,1.0,shape_rmse,mean_train_count_for_test_context,-0.8105731654363872,48
256,interpolated_backoff,0.1,1.0,shape_rmse,empirical_effective_context_count,0.9573382544507164,48
256,interpolated_backoff,0.1,1.0,shape_rmse,mean_backoff_weight,0.9775293095961788,48
256,interpolated_backoff,0.1,1.0,excess_ce_H,unseen_test_context_rate,-0.3096136873363903,48
256,interpolated_backoff,0.1,1.0,excess_ce_H,mean_train_count_for_test_context,-0.8000434216239686,48
256,interpolated_backoff,0.1,1.0,excess_ce_H,empirical_effective_context_count,0.946808510638298,48
256,interpolated_backoff,0.1,1.0,excess_ce_H,mean_backoff_weight,0.9841511072514112,48
256,interpolated_backoff,0.1,5.0,shape_rmse,unseen_test_context_rate,-0.3147178063489508,48
256,interpolated_backoff,0.1,5.0,shape_rmse,mean_train_count_for_test_context,-0.8308727746417716,48
256,interpolated_backoff,0.1,5.0,shape_rmse,empirical_effective_context_count,0.9648284845853234,48
256,interpolated_backoff,0.1,5.0,shape_rmse,mean_backoff_weight,0.9895788102475032,48
256,interpolated_backoff,0.1,5.0,excess_ce_H,unseen_test_context_rate,-0.3052697562618706,48
256,interpolated_backoff,0.1,5.0,excess_ce_H,mean_train_count_for_test_context,-0.8214285714285714,48
256,interpolated_backoff,0.1,5.0,excess_ce_H,empirical_effective_context_count,0.9501736864958747,48
256,interpolated_backoff,0.1,5.0,excess_ce_H,mean_backoff_weight,0.9820885801128962,48
256,interpolated_backoff,0.1,20.0,shape_rmse,unseen_test_context_rate,-0.3135775244418894,48
256,interpolated_backoff,0.1,20.0,shape_rmse,mean_train_count_for_test_context,-0.8412939643942682,48
256,interpolated_backoff,0.1,20.0,shape_rmse,empirical_effective_context_count,0.9626574033868868,48
256,interpolated_backoff,0.1,20.0,shape_rmse,mean_backoff_weight,0.979483282674772,48
256,interpolated_backoff,0.1,20.0,excess_ce_H,unseen_test_context_rate,-0.2573236170268596,48
256,interpolated_backoff,0.1,20.0,excess_ce_H,mean_train_count_for_test_context,-0.7895136778115502,48
256,interpolated_backoff,0.1,20.0,excess_ce_H,empirical_effective_context_count,0.8929656969170646,48
256,interpolated_backoff,0.1,20.0,excess_ce_H,mean_backoff_weight,0.9168475900998698,48
256,interpolated_backoff,0.5,1.0,shape_rmse,unseen_test_context_rate,-0.3579399205404217,48
256,interpolated_backoff,0.5,1.0,shape_rmse,mean_train_count_for_test_context,-0.8693009118541033,48
256,interpolated_backoff,0.5,1.0,shape_rmse,empirical_effective_context_count,0.9768779852366478,48
256,interpolated_backoff,0.5,1.0,shape_rmse,mean_backoff_weight,0.9421406860616588,48
256,interpolated_backoff,0.5,1.0,excess_ce_H,unseen_test_context_rate,-0.3503380411600122,48
256,interpolated_backoff,0.5,1.0,excess_ce_H,mean_train_count_for_test_context,-0.8608336951801997,48
256,interpolated_backoff,0.5,1.0,excess_ce_H,empirical_effective_context_count,0.9595093356491532,48
256,interpolated_backoff,0.5,1.0,excess_ce_H,mean_backoff_weight,0.949413808076422,48
256,interpolated_backoff,0.5,5.0,shape_rmse,unseen_test_context_rate,-0.3813428492043965,48
256,interpolated_backoff,0.5,5.0,shape_rmse,mean_train_count_for_test_context,-0.8905775075987841,48
256,interpolated_backoff,0.5,5.0,shape_rmse,empirical_effective_context_count,0.980134607034303,48
256,interpolated_backoff,0.5,5.0,shape_rmse,mean_backoff_weight,0.965045592705167,48
256,interpolated_backoff,0.5,5.0,excess_ce_H,unseen_test_context_rate,-0.353270194635313,48
256,interpolated_backoff,0.5,5.0,excess_ce_H,mean_train_count_for_test_context,-0.8566000868432478,48
256,interpolated_backoff,0.5,5.0,excess_ce_H,empirical_effective_context_count,0.939969604863222,48
256,interpolated_backoff,0.5,5.0,excess_ce_H,mean_backoff_weight,0.9418150238818932,48
256,interpolated_backoff,0.5,20.0,shape_rmse,unseen_test_context_rate,-0.4387913376649192,48
256,interpolated_backoff,0.5,20.0,shape_rmse,mean_train_count_for_test_context,-0.9058836300477636,48
256,interpolated_backoff,0.5,20.0,shape_rmse,empirical_effective_context_count,0.961788970907512,48
256,interpolated_backoff,0.5,20.0,shape_rmse,mean_backoff_weight,0.9413808076422058,48
256,interpolated_backoff,0.5,20.0,excess_ce_H,unseen_test_context_rate,-0.2900116983626202,48
256,interpolated_backoff,0.5,20.0,excess_ce_H,mean_train_count_for_test_context,-0.791033434650456,48
256,interpolated_backoff,0.5,20.0,excess_ce_H,empirical_effective_context_count,0.8409683022145028,48
256,interpolated_backoff,0.5,20.0,excess_ce_H,mean_backoff_weight,0.8463960052105949,48
256,interpolated_backoff,1.0,1.0,shape_rmse,unseen_test_context_rate,-0.4334157229602012,48
256,interpolated_backoff,1.0,1.0,shape_rmse,mean_train_count_for_test_context,-0.9205384281372124,48
256,interpolated_backoff,1.0,1.0,shape_rmse,empirical_effective_context_count,0.9688449848024316,48
256,interpolated_backoff,1.0,1.0,shape_rmse,mean_backoff_weight,0.8716891011723839,48
256,interpolated_backoff,1.0,1.0,excess_ce_H,unseen_test_context_rate,-0.3692341413341728,48
256,interpolated_backoff,1.0,1.0,excess_ce_H,mean_train_count_for_test_context,-0.8733174120712114,48
256,interpolated_backoff,1.0,1.0,excess_ce_H,empirical_effective_context_count,0.9219496309161964,48
256,interpolated_backoff,1.0,1.0,excess_ce_H,mean_backoff_weight,0.885909683022145,48
256,interpolated_backoff,1.0,5.0,shape_rmse,unseen_test_context_rate,-0.5195341565125539,48
256,interpolated_backoff,1.0,5.0,shape_rmse,mean_train_count_for_test_context,-0.9445288753799392,48
256,interpolated_backoff,1.0,5.0,shape_rmse,empirical_effective_context_count,0.8964394268345636,48
256,interpolated_backoff,1.0,5.0,shape_rmse,mean_backoff_weight,0.802540165002171,48
256,interpolated_backoff,1.0,5.0,excess_ce_H,unseen_test_context_rate,-0.4053430683911177,48
256,interpolated_backoff,1.0,5.0,excess_ce_H,mean_train_count_for_test_context,-0.8529092488059054,48
256,interpolated_backoff,1.0,5.0,excess_ce_H,empirical_effective_context_count,0.8481328701693442,48
256,interpolated_backoff,1.0,5.0,excess_ce_H,mean_backoff_weight,0.8137212331741208,48
256,interpolated_backoff,1.0,20.0,shape_rmse,unseen_test_context_rate,-0.5877338743825128,48
256,interpolated_backoff,1.0,20.0,shape_rmse,mean_train_count_for_test_context,-0.8268562744246635,48
256,interpolated_backoff,1.0,20.0,shape_rmse,empirical_effective_context_count,0.676183239253148,48
256,interpolated_backoff,1.0,20.0,shape_rmse,mean_backoff_weight,0.5896656534954408,48
256,interpolated_backoff,1.0,20.0,excess_ce_H,unseen_test_context_rate,-0.2802921525833824,48
256,interpolated_backoff,1.0,20.0,excess_ce_H,mean_train_count_for_test_context,-0.6846504559270515,48
256,interpolated_backoff,1.0,20.0,excess_ce_H,empirical_effective_context_count,0.6426400347372992,48
256,interpolated_backoff,1.0,20.0,excess_ce_H,mean_backoff_weight,0.6234259661311333,48
512,additive,0.1,,shape_rmse,unseen_test_context_rate,-0.604713080547614,48
512,additive,0.1,,shape_rmse,mean_train_count_for_test_context,-0.7629179331306991,48
512,additive,0.1,,shape_rmse,empirical_effective_context_count,0.9236864958749456,48
512,additive,0.1,,shape_rmse,mean_backoff_weight,,48
512,additive,0.1,,excess_ce_H,unseen_test_context_rate,-0.5878265071391279,48
512,additive,0.1,,excess_ce_H,mean_train_count_for_test_context,-0.7653061224489796,48
512,additive,0.1,,excess_ce_H,empirical_effective_context_count,0.9154363873208858,48
512,additive,0.1,,excess_ce_H,mean_backoff_weight,,48
512,additive,0.5,,shape_rmse,unseen_test_context_rate,-0.6213824633013283,48
512,additive,0.5,,shape_rmse,mean_train_count_for_test_context,-0.8024316109422492,48
512,additive,0.5,,shape_rmse,empirical_effective_context_count,0.9398610508033,48
512,additive,0.5,,shape_rmse,mean_backoff_weight,,48
512,additive,0.5,,excess_ce_H,unseen_test_context_rate,-0.5961883473478315,48
512,additive,0.5,,excess_ce_H,mean_train_count_for_test_context,-0.7940729483282675,48
512,additive,0.5,,excess_ce_H,empirical_effective_context_count,0.9209726443768996,48
512,additive,0.5,,excess_ce_H,mean_backoff_weight,,48
512,additive,1.0,,shape_rmse,unseen_test_context_rate,-0.6501059273948623,48
512,additive,1.0,,shape_rmse,mean_train_count_for_test_context,-0.8221884498480242,48
512,additive,1.0,,shape_rmse,empirical_effective_context_count,0.94811115935736,48
512,additive,1.0,,shape_rmse,mean_backoff_weight,,48
512,additive,1.0,,excess_ce_H,unseen_test_context_rate,-0.5737634122426719,48
512,additive,1.0,,excess_ce_H,mean_train_count_for_test_context,-0.7911419887103778,48
512,additive,1.0,,excess_ce_H,empirical_effective_context_count,0.8994789405123751,48
512,additive,1.0,,excess_ce_H,mean_backoff_weight,,48
512,interpolated_backoff,0.1,1.0,shape_rmse,unseen_test_context_rate,-0.6245317277955155,48
512,interpolated_backoff,0.1,1.0,shape_rmse,mean_train_count_for_test_context,-0.77594442032132,48
512,interpolated_backoff,0.1,1.0,shape_rmse,empirical_effective_context_count,0.9307425097698652,48
512,interpolated_backoff,0.1,1.0,shape_rmse,mean_backoff_weight,0.9250976986539295,48
512,interpolated_backoff,0.1,1.0,excess_ce_H,unseen_test_context_rate,-0.5913558552791651,48
512,interpolated_backoff,0.1,1.0,excess_ce_H,mean_train_count_for_test_context,-0.7721450282240555,48
512,interpolated_backoff,0.1,1.0,excess_ce_H,empirical_effective_context_count,0.9224924012158054,48
512,interpolated_backoff,0.1,1.0,excess_ce_H,mean_backoff_weight,0.9472427268779852,48
512,interpolated_backoff,0.1,5.0,shape_rmse,unseen_test_context_rate,-0.6292013268731032,48
512,interpolated_backoff,0.1,5.0,shape_rmse,mean_train_count_for_test_context,-0.8108988276161527,48
512,interpolated_backoff,0.1,5.0,shape_rmse,empirical_effective_context_count,0.947351280937907,48
512,interpolated_backoff,0.1,5.0,shape_rmse,mean_backoff_weight,0.9848024316109422,48
512,interpolated_backoff,0.1,5.0,excess_ce_H,unseen_test_context_rate,-0.5910843669607008,48
512,interpolated_backoff,0.1,5.0,excess_ce_H,mean_train_count_for_test_context,-0.7881024750325663,48
512,interpolated_backoff,0.1,5.0,excess_ce_H,empirical_effective_context_count,0.9222752930959616,48
512,interpolated_backoff,0.1,5.0,excess_ce_H,mean_backoff_weight,0.9741641337386018,48
512,interpolated_backoff,0.1,20.0,shape_rmse,unseen_test_context_rate,-0.629690005846339,48
512,interpolated_backoff,0.1,20.0,shape_rmse,mean_train_count_for_test_context,-0.820343030829353,48
512,interpolated_backoff,0.1,20.0,shape_rmse,empirical_effective_context_count,0.949522362136344,48
512,interpolated_backoff,0.1,20.0,shape_rmse,mean_backoff_weight,0.980785931393834,48
512,interpolated_backoff,0.1,20.0,excess_ce_H,unseen_test_context_rate,-0.5272303144578729,48
512,interpolated_backoff,0.1,20.0,excess_ce_H,mean_train_count_for_test_context,-0.7654146765089014,48
512,interpolated_backoff,0.1,20.0,excess_ce_H,empirical_effective_context_count,0.8703864524533217,48
512,interpolated_backoff,0.1,20.0,excess_ce_H,mean_backoff_weight,0.9065349544072948,48
512,interpolated_backoff,0.5,1.0,shape_rmse,unseen_test_context_rate,-0.6491285694483903,48
512,interpolated_backoff,0.5,1.0,shape_rmse,mean_train_count_for_test_context,-0.8306556665219278,48
512,interpolated_backoff,0.5,1.0,shape_rmse,empirical_effective_context_count,0.9552757273122012,48
512,interpolated_backoff,0.5,1.0,shape_rmse,mean_backoff_weight,0.8947025618758142,48
512,interpolated_backoff,0.5,1.0,excess_ce_H,unseen_test_context_rate,-0.6088940006519656,48
512,interpolated_backoff,0.5,1.0,excess_ce_H,mean_train_count_for_test_context,-0.8177377333912289,48
512,interpolated_backoff,0.5,1.0,excess_ce_H,empirical_effective_context_count,0.9318280503690836,48
512,interpolated_backoff,0.5,1.0,excess_ce_H,mean_backoff_weight,0.916521927920104,48
512,interpolated_backoff,0.5,5.0,shape_rmse,unseen_test_context_rate,-0.6643862129460899,48
512,interpolated_backoff,0.5,5.0,shape_rmse,mean_train_count_for_test_context,-0.8425966131133303,48
512,interpolated_backoff,0.5,5.0,shape_rmse,empirical_effective_context_count,0.9594007815892314,48
512,interpolated_backoff,0.5,5.0,shape_rmse,mean_backoff_weight,0.9687364307425098,48
512,interpolated_backoff,0.5,5.0,excess_ce_H,unseen_test_context_rate,-0.6092197866341229,48
512,interpolated_backoff,0.5,5.0,excess_ce_H,mean_train_count_for_test_context,-0.8279418150238819,48
512,interpolated_backoff,0.5,5.0,excess_ce_H,empirical_effective_context_count,0.9262917933130698,48
512,interpolated_backoff,0.5,5.0,excess_ce_H,mean_backoff_weight,0.948762483716891,48
512,interpolated_backoff,0.5,20.0,shape_rmse,unseen_test_context_rate,-0.7007656476203201,48
512,interpolated_backoff,0.5,20.0,shape_rmse,mean_train_count_for_test_context,-0.8676726009552757,48
512,interpolated_backoff,0.5,20.0,shape_rmse,empirical_effective_context_count,0.9598349978289188,48
512,interpolated_backoff,0.5,20.0,shape_rmse,mean_backoff_weight,0.962983065566652,48
512,interpolated_backoff,0.5,20.0,excess_ce_H,unseen_test_context_rate,-0.5291307326871237,48
512,interpolated_backoff,0.5,20.0,excess_ce_H,mean_train_count_for_test_context,-0.7807207989578809,48
512,interpolated_backoff,0.5,20.0,excess_ce_H,empirical_effective_context_count,0.844984802431611,48
512,interpolated_backoff,0.5,20.0,excess_ce_H,mean_backoff_weight,0.8648501953973078,48
512,interpolated_backoff,1.0,1.0,shape_rmse,unseen_test_context_rate,-0.6787750938247034,48
512,interpolated_backoff,1.0,1.0,shape_rmse,mean_train_count_for_test_context,-0.8601823708206686,48
512,interpolated_backoff,1.0,1.0,shape_rmse,empirical_effective_context_count,0.9608119843682152,48
512,interpolated_backoff,1.0,1.0,shape_rmse,mean_backoff_weight,0.8445505861919236,48
512,interpolated_backoff,1.0,1.0,excess_ce_H,unseen_test_context_rate,-0.6011294347438838,48
512,interpolated_backoff,1.0,1.0,excess_ce_H,mean_train_count_for_test_context,-0.83608336951802,48
512,interpolated_backoff,1.0,1.0,excess_ce_H,empirical_effective_context_count,0.90566652192792,48
512,interpolated_backoff,1.0,1.0,excess_ce_H,mean_backoff_weight,0.8599652627008251,48
512,interpolated_backoff,1.0,5.0,shape_rmse,unseen_test_context_rate,-0.7127654312964466,48
512,interpolated_backoff,1.0,5.0,shape_rmse,mean_train_count_for_test_context,-0.9027355623100304,48
512,interpolated_backoff,1.0,5.0,shape_rmse,empirical_effective_context_count,0.9471341728180632,48
512,interpolated_backoff,1.0,5.0,shape_rmse,mean_backoff_weight,0.8929656969170646,48
512,interpolated_backoff,1.0,5.0,excess_ce_H,unseen_test_context_rate,-0.5733290309331288,48
512,interpolated_backoff,1.0,5.0,excess_ce_H,mean_train_count_for_test_context,-0.8345636126791142,48
512,interpolated_backoff,1.0,5.0,excess_ce_H,empirical_effective_context_count,0.8767911419887103,48
512,interpolated_backoff,1.0,5.0,excess_ce_H,mean_backoff_weight,0.8738601823708205,48
512,interpolated_backoff,1.0,20.0,shape_rmse,unseen_test_context_rate,-0.7306293626514044,48
512,interpolated_backoff,1.0,20.0,shape_rmse,mean_train_count_for_test_context,-0.9299826313504124,48
512,interpolated_backoff,1.0,20.0,shape_rmse,empirical_effective_context_count,0.8814589665653495,48
512,interpolated_backoff,1.0,20.0,shape_rmse,mean_backoff_weight,0.8171949630916197,48
512,interpolated_backoff,1.0,20.0,excess_ce_H,unseen_test_context_rate,-0.4681544563600186,48
512,interpolated_backoff,1.0,20.0,excess_ce_H,mean_train_count_for_test_context,-0.7545592705167172,48
512,interpolated_backoff,1.0,20.0,excess_ce_H,empirical_effective_context_count,0.765631784628745,48
512,interpolated_backoff,1.0,20.0,excess_ce_H,mean_backoff_weight,0.7647633521493703,48
1024,additive,0.1,,shape_rmse,unseen_test_context_rate,-0.7797694007967463,48
1024,additive,0.1,,shape_rmse,mean_train_count_for_test_context,-0.7153712548849327,48
1024,additive,0.1,,shape_rmse,empirical_effective_context_count,0.8889491966999564,48
1024,additive,0.1,,shape_rmse,mean_backoff_weight,,48
1024,additive,0.1,,excess_ce_H,unseen_test_context_rate,-0.7495478911988277,48
1024,additive,0.1,,excess_ce_H,mean_train_count_for_test_context,-0.6667390360399478,48
1024,additive,0.1,,excess_ce_H,empirical_effective_context_count,0.8395570994355188,48
1024,additive,0.1,,excess_ce_H,mean_backoff_weight,,48
1024,additive,0.5,,shape_rmse,unseen_test_context_rate,-0.8171242757231826,48
1024,additive,0.5,,shape_rmse,mean_train_count_for_test_context,-0.7775727312201477,48
1024,additive,0.5,,shape_rmse,empirical_effective_context_count,0.929656969170647,48
1024,additive,0.5,,shape_rmse,mean_backoff_weight,,48
1024,additive,0.5,,excess_ce_H,unseen_test_context_rate,-0.7675174374462388,48
1024,additive,0.5,,excess_ce_H,mean_train_count_for_test_context,-0.7337168910117239,48
1024,additive,0.5,,excess_ce_H,empirical_effective_context_count,0.8666956144159792,48
1024,additive,0.5,,excess_ce_H,mean_backoff_weight,,48
1024,additive,1.0,,shape_rmse,unseen_test_context_rate,-0.8106988016104719,48
1024,additive,1.0,,shape_rmse,mean_train_count_for_test_context,-0.7730134607034304,48
1024,additive,1.0,,shape_rmse,empirical_effective_context_count,0.9252062527138516,48
1024,additive,1.0,,shape_rmse,mean_backoff_weight,,48
1024,additive,1.0,,excess_ce_H,unseen_test_context_rate,-0.695366986604361,48
1024,additive,1.0,,excess_ce_H,mean_train_count_for_test_context,-0.7224272687798523,48
1024,additive,1.0,,excess_ce_H,empirical_effective_context_count,0.8205601389491967,48
1024,additive,1.0,,excess_ce_H,mean_backoff_weight,,48
1024,interpolated_backoff,0.1,1.0,shape_rmse,unseen_test_context_rate,-0.80743161138367,48
1024,interpolated_backoff,0.1,1.0,shape_rmse,mean_train_count_for_test_context,-0.7480460269214069,48
1024,interpolated_backoff,0.1,1.0,shape_rmse,empirical_effective_context_count,0.9123968736430744,48
1024,interpolated_backoff,0.1,1.0,shape_rmse,mean_backoff_weight,0.9008901432913592,48
1024,interpolated_backoff,0.1,1.0,excess_ce_H,unseen_test_context_rate,-0.7745418964338632,48
1024,interpolated_backoff,0.1,1.0,excess_ce_H,mean_train_count_for_test_context,-0.7016934433347808,48
1024,interpolated_backoff,0.1,1.0,excess_ce_H,empirical_effective_context_count,0.8638732088580113,48
1024,interpolated_backoff,0.1,1.0,excess_ce_H,mean_backoff_weight,0.947459834997829,48
1024,interpolated_backoff,0.1,5.0,shape_rmse,unseen_test_context_rate,-0.8091741128379644,48
1024,interpolated_backoff,0.1,5.0,shape_rmse,mean_train_count_for_test_context,-0.7757273122014763,48
1024,interpolated_backoff,0.1,5.0,shape_rmse,empirical_effective_context_count,0.9274858879722102,48
1024,interpolated_backoff,0.1,5.0,shape_rmse,mean_backoff_weight,0.98349978289188,48
1024,interpolated_backoff,0.1,5.0,excess_ce_H,unseen_test_context_rate,-0.7662105613555179,48
1024,interpolated_backoff,0.1,5.0,excess_ce_H,mean_train_count_for_test_context,-0.7272036474164134,48
1024,interpolated_backoff,0.1,5.0,excess_ce_H,empirical_effective_context_count,0.8676726009552757,48
1024,interpolated_backoff,0.1,5.0,excess_ce_H,mean_backoff_weight,0.946808510638298,48
1024,interpolated_backoff,0.1,20.0,shape_rmse,unseen_test_context_rate,-0.8072682518723299,48
1024,interpolated_backoff,0.1,20.0,shape_rmse,mean_train_count_for_test_context,-0.7958098132870168,48
1024,interpolated_backoff,0.1,20.0,shape_rmse,empirical_effective_context_count,0.933022145028224,48
1024,interpolated_backoff,0.1,20.0,shape_rmse,mean_backoff_weight,0.9754667824576638,48
1024,interpolated_backoff,0.1,20.0,excess_ce_H,unseen_test_context_rate,-0.6973273007404424,48
1024,interpolated_backoff,0.1,20.0,excess_ce_H,mean_train_count_for_test_context,-0.7213417281806339,48
1024,interpolated_backoff,0.1,20.0,excess_ce_H,empirical_effective_context_count,0.821645679548415,48
1024,interpolated_backoff,0.1,20.0,excess_ce_H,mean_backoff_weight,0.8663699522362135,48
1024,interpolated_backoff,0.5,1.0,shape_rmse,unseen_test_context_rate,-0.8247477195857206,48
1024,interpolated_backoff,0.5,1.0,shape_rmse,mean_train_count_for_test_context,-0.7889709075119409,48
1024,interpolated_backoff,0.5,1.0,shape_rmse,empirical_effective_context_count,0.9362787668258792,48
1024,interpolated_backoff,0.5,1.0,shape_rmse,mean_backoff_weight,0.879830655666522,48
1024,interpolated_backoff,0.5,1.0,excess_ce_H,unseen_test_context_rate,-0.7715469720592945,48
1024,interpolated_backoff,0.5,1.0,excess_ce_H,mean_train_count_for_test_context,-0.7578158923143726,48
1024,interpolated_backoff,0.5,1.0,excess_ce_H,empirical_effective_context_count,0.8802648719062093,48
1024,interpolated_backoff,0.5,1.0,excess_ce_H,mean_backoff_weight,0.901758575770734,48
1024,interpolated_backoff,0.5,5.0,shape_rmse,unseen_test_context_rate,-0.8285594415169897,48
1024,interpolated_backoff,0.5,5.0,shape_rmse,mean_train_count_for_test_context,-0.7997177594442032,48
1024,interpolated_backoff,0.5,5.0,shape_rmse,empirical_effective_context_count,0.9409465914025184,48
1024,interpolated_backoff,0.5,5.0,shape_rmse,mean_backoff_weight,0.9770950933564916,48
1024,interpolated_backoff,0.5,5.0,excess_ce_H,unseen_test_context_rate,-0.7510725799713353,48
1024,interpolated_backoff,0.5,5.0,excess_ce_H,mean_train_count_for_test_context,-0.7606382978723404,48
1024,interpolated_backoff,0.5,5.0,excess_ce_H,empirical_effective_context_count,0.8689752496743379,48
1024,interpolated_backoff,0.5,5.0,excess_ce_H,mean_backoff_weight,0.9252062527138516,48
1024,interpolated_backoff,0.5,20.0,shape_rmse,unseen_test_context_rate,-0.8260001425059947,48
1024,interpolated_backoff,0.5,20.0,shape_rmse,mean_train_count_for_test_context,-0.8268562744246635,48
1024,interpolated_backoff,0.5,20.0,shape_rmse,empirical_effective_context_count,0.9431176726009552,48
1024,interpolated_backoff,0.5,20.0,shape_rmse,mean_backoff_weight,0.9660225792444636,48
1024,interpolated_backoff,0.5,20.0,excess_ce_H,unseen_test_context_rate,-0.6760905642662293,48
1024,interpolated_backoff,0.5,20.0,excess_ce_H,mean_train_count_for_test_context,-0.7298089448545376,48
1024,interpolated_backoff,0.5,20.0,excess_ce_H,empirical_effective_context_count,0.8082935301780286,48
1024,interpolated_backoff,0.5,20.0,excess_ce_H,mean_backoff_weight,0.8405340859748155,48
1024,interpolated_backoff,1.0,1.0,shape_rmse,unseen_test_context_rate,-0.8263813146991217,48
1024,interpolated_backoff,1.0,1.0,shape_rmse,mean_train_count_for_test_context,-0.8036257056013895,48
1024,interpolated_backoff,1.0,1.0,shape_rmse,empirical_effective_context_count,0.9402952670429874,48
1024,interpolated_backoff,1.0,1.0,shape_rmse,mean_backoff_weight,0.8534520191055145,48
1024,interpolated_backoff,1.0,1.0,excess_ce_H,unseen_test_context_rate,-0.7160047382036604,48
1024,interpolated_backoff,1.0,1.0,excess_ce_H,mean_train_count_for_test_context,-0.7457663916630483,48
1024,interpolated_backoff,1.0,1.0,excess_ce_H,empirical_effective_context_count,0.8342379504993486,48
1024,interpolated_backoff,1.0,1.0,excess_ce_H,mean_backoff_weight,0.8602909248805906,48
1024,interpolated_backoff,1.0,5.0,shape_rmse,unseen_test_context_rate,-0.8185400581547968,48
1024,interpolated_backoff,1.0,5.0,shape_rmse,mean_train_count_for_test_context,-0.8407511940946591,48
1024,interpolated_backoff,1.0,5.0,shape_rmse,empirical_effective_context_count,0.947459834997829,48
1024,interpolated_backoff,1.0,5.0,shape_rmse,mean_backoff_weight,0.9493052540165,48
1024,interpolated_backoff,1.0,5.0,excess_ce_H,unseen_test_context_rate,-0.6784865037658839,48
1024,interpolated_backoff,1.0,5.0,excess_ce_H,mean_train_count_for_test_context,-0.7564046895353886,48
1024,interpolated_backoff,1.0,5.0,excess_ce_H,empirical_effective_context_count,0.8188232739904473,48
1024,interpolated_backoff,1.0,5.0,excess_ce_H,mean_backoff_weight,0.8577941815023882,48
1024,interpolated_backoff,1.0,20.0,shape_rmse,unseen_test_context_rate,-0.7712202530366143,48
1024,interpolated_backoff,1.0,20.0,shape_rmse,mean_train_count_for_test_context,-0.8860182370820668,48
1024,interpolated_backoff,1.0,20.0,shape_rmse,empirical_effective_context_count,0.915219279201042,48
1024,interpolated_backoff,1.0,20.0,shape_rmse,mean_backoff_weight,0.8833043855840208,48
1024,interpolated_backoff,1.0,20.0,excess_ce_H,unseen_test_context_rate,-0.6176623123769198,48
1024,interpolated_backoff,1.0,20.0,excess_ce_H,mean_train_count_for_test_context,-0.7110290924880591,48
1024,interpolated_backoff,1.0,20.0,excess_ce_H,empirical_effective_context_count,0.7484802431610943,48
1024,interpolated_backoff,1.0,20.0,excess_ce_H,mean_backoff_weight,0.7640034737299175,48
2048,additive,0.1,,shape_rmse,unseen_test_context_rate,-0.6956276934869797,48
2048,additive,0.1,,shape_rmse,mean_train_count_for_test_context,-0.4996743378202345,48
2048,additive,0.1,,shape_rmse,empirical_effective_context_count,0.7355623100303951,48
2048,additive,0.1,,shape_rmse,mean_backoff_weight,,48
2048,additive,0.1,,excess_ce_H,unseen_test_context_rate,-0.6683675737137681,48
2048,additive,0.1,,excess_ce_H,mean_train_count_for_test_context,-0.5086843247937474,48
2048,additive,0.1,,excess_ce_H,empirical_effective_context_count,0.6947459834997829,48
2048,additive,0.1,,excess_ce_H,mean_backoff_weight,,48
2048,additive,0.5,,shape_rmse,unseen_test_context_rate,-0.8062620102278576,48
2048,additive,0.5,,shape_rmse,mean_train_count_for_test_context,-0.7367564046895355,48
2048,additive,0.5,,shape_rmse,empirical_effective_context_count,0.8990447242726878,48
2048,additive,0.5,,shape_rmse,mean_backoff_weight,,48
2048,additive,0.5,,excess_ce_H,unseen_test_context_rate,-0.6964520922704438,48
2048,additive,0.5,,excess_ce_H,mean_train_count_for_test_context,-0.6135475466782457,48
2048,additive,0.5,,excess_ce_H,empirical_effective_context_count,0.7478289188015632,48
2048,additive,0.5,,excess_ce_H,mean_backoff_weight,,48
2048,additive,1.0,,shape_rmse,unseen_test_context_rate,-0.799941619554633,48
2048,additive,1.0,,shape_rmse,mean_train_count_for_test_context,-0.7528224055579679,48
2048,additive,1.0,,shape_rmse,empirical_effective_context_count,0.9031697785497176,48
2048,additive,1.0,,shape_rmse,mean_backoff_weight,,48
2048,additive,1.0,,excess_ce_H,unseen_test_context_rate,-0.6323138669169395,48
2048,additive,1.0,,excess_ce_H,mean_train_count_for_test_context,-0.6068171949630916,48
2048,additive,1.0,,excess_ce_H,empirical_effective_context_count,0.7057099435518889,48
2048,additive,1.0,,excess_ce_H,mean_backoff_weight,,48
2048,interpolated_backoff,0.1,1.0,shape_rmse,unseen_test_context_rate,-0.7577324018412729,48
2048,interpolated_backoff,0.1,1.0,shape_rmse,mean_train_count_for_test_context,-0.6316760746851932,48
2048,interpolated_backoff,0.1,1.0,shape_rmse,empirical_effective_context_count,0.8342379504993486,48
2048,interpolated_backoff,0.1,1.0,shape_rmse,mean_backoff_weight,0.886561007381676,48
2048,interpolated_backoff,0.1,1.0,excess_ce_H,unseen_test_context_rate,-0.6911759400562739,48
2048,interpolated_backoff,0.1,1.0,excess_ce_H,mean_train_count_for_test_context,-0.5554711246200609,48
2048,interpolated_backoff,0.1,1.0,excess_ce_H,empirical_effective_context_count,0.7298089448545376,48
2048,interpolated_backoff,0.1,1.0,excess_ce_H,mean_backoff_weight,0.920646982197134,48
2048,interpolated_backoff,0.1,5.0,shape_rmse,unseen_test_context_rate,-0.7960394653129033,48
2048,interpolated_backoff,0.1,5.0,shape_rmse,mean_train_count_for_test_context,-0.7278549717759445,48
2048,interpolated_backoff,0.1,5.0,shape_rmse,empirical_effective_context_count,0.896873643074251,48
2048,interpolated_backoff,0.1,5.0,shape_rmse,mean_backoff_weight,0.9571211463308728,48
2048,interpolated_backoff,0.1,5.0,excess_ce_H,unseen_test_context_rate,-0.6972764910539079,48
2048,interpolated_backoff,0.1,5.0,excess_ce_H,mean_train_count_for_test_context,-0.610616587060356,48
2048,interpolated_backoff,0.1,5.0,excess_ce_H,empirical_effective_context_count,0.7540165002171081,48
2048,interpolated_backoff,0.1,5.0,excess_ce_H,mean_backoff_weight,0.8696265740338689,48
2048,interpolated_backoff,0.1,20.0,shape_rmse,unseen_test_context_rate,-0.8108236834963588,48
2048,interpolated_backoff,0.1,20.0,shape_rmse,mean_train_count_for_test_context,-0.7735562310030396,48
2048,interpolated_backoff,0.1,20.0,shape_rmse,empirical_effective_context_count,0.917390360399479,48
2048,interpolated_backoff,0.1,20.0,shape_rmse,mean_backoff_weight,0.9660225792444636,48
2048,interpolated_backoff,0.1,20.0,excess_ce_H,unseen_test_context_rate,-0.6625967822295196,48
2048,interpolated_backoff,0.1,20.0,excess_ce_H,mean_train_count_for_test_context,-0.6314589665653496,48
2048,interpolated_backoff,0.1,20.0,excess_ce_H,empirical_effective_context_count,0.7332826747720365,48
2048,interpolated_backoff,0.1,20.0,excess_ce_H,mean_backoff_weight,0.7995006513243595,48
2048,interpolated_backoff,0.5,1.0,shape_rmse,unseen_test_context_rate,-0.8185180721420233,48
2048,interpolated_backoff,0.5,1.0,shape_rmse,mean_train_count_for_test_context,-0.7604211897524967,48
2048,interpolated_backoff,0.5,1.0,shape_rmse,empirical_effective_context_count,0.9136995223621364,48
2048,interpolated_backoff,0.5,1.0,shape_rmse,mean_backoff_weight,0.8363004776378637,48
2048,interpolated_backoff,0.5,1.0,excess_ce_H,unseen_test_context_rate,-0.7056853586452414,48
2048,interpolated_backoff,0.5,1.0,excess_ce_H,mean_train_count_for_test_context,-0.6354754667824576,48
2048,interpolated_backoff,0.5,1.0,excess_ce_H,empirical_effective_context_count,0.7613981762917933,48
2048,interpolated_backoff,0.5,1.0,excess_ce_H,mean_backoff_weight,0.8700607902735563,48
2048,interpolated_backoff,0.5,5.0,shape_rmse,unseen_test_context_rate,-0.8286856571380803,48
2048,interpolated_backoff,0.5,5.0,shape_rmse,mean_train_count_for_test_context,-0.7768128528006947,48
2048,interpolated_backoff,0.5,5.0,shape_rmse,empirical_effective_context_count,0.9227095093356492,48
2048,interpolated_backoff,0.5,5.0,shape_rmse,mean_backoff_weight,0.9565783760312636,48
2048,interpolated_backoff,0.5,5.0,excess_ce_H,unseen_test_context_rate,-0.7030472825381564,48
2048,interpolated_backoff,0.5,5.0,excess_ce_H,mean_train_count_for_test_context,-0.6457881024750325,48
2048,interpolated_backoff,0.5,5.0,excess_ce_H,empirical_effective_context_count,0.7620495006513244,48
2048,interpolated_backoff,0.5,5.0,excess_ce_H,mean_backoff_weight,0.8622448979591837,48
2048,interpolated_backoff,0.5,20.0,shape_rmse,unseen_test_context_rate,-0.8196172705199755,48
2048,interpolated_backoff,0.5,20.0,shape_rmse,mean_train_count_for_test_context,-0.7959183673469388,48
2048,interpolated_backoff,0.5,20.0,shape_rmse,empirical_effective_context_count,0.928354320451585,48
2048,interpolated_backoff,0.5,20.0,shape_rmse,mean_backoff_weight,0.9656969170646982,48
2048,interpolated_backoff,0.5,20.0,excess_ce_H,unseen_test_context_rate,-0.6363259409964646,48
2048,interpolated_backoff,0.5,20.0,excess_ce_H,mean_train_count_for_test_context,-0.6254884932696482,48
2048,interpolated_backoff,0.5,20.0,excess_ce_H,empirical_effective_context_count,0.7108119843682154,48
2048,interpolated_backoff,0.5,20.0,excess_ce_H,mean_backoff_weight,0.7773556231003039,48
2048,interpolated_backoff,1.0,1.0,shape_rmse,unseen_test_context_rate,-0.8140113587924198,48
2048,interpolated_backoff,1.0,1.0,shape_rmse,mean_train_count_for_test_context,-0.7663916630481981,48
2048,interpolated_backoff,1.0,1.0,shape_rmse,empirical_effective_context_count,0.9123968736430744,48
2048,interpolated_backoff,1.0,1.0,shape_rmse,mean_backoff_weight,0.8092705167173253,48
2048,interpolated_backoff,1.0,1.0,excess_ce_H,unseen_test_context_rate,-0.6567160709074757,48
2048,interpolated_backoff,1.0,1.0,excess_ce_H,mean_train_count_for_test_context,-0.6313504125054277,48
2048,interpolated_backoff,1.0,1.0,excess_ce_H,empirical_effective_context_count,0.7267694311767261,48
2048,interpolated_backoff,1.0,1.0,excess_ce_H,mean_backoff_weight,0.8250108554059922,48
2048,interpolated_backoff,1.0,5.0,shape_rmse,unseen_test_context_rate,-0.8160448757916312,48
2048,interpolated_backoff,1.0,5.0,shape_rmse,mean_train_count_for_test_context,-0.789622231871472,48
2048,interpolated_backoff,1.0,5.0,shape_rmse,empirical_effective_context_count,0.9252062527138516,48
2048,interpolated_backoff,1.0,5.0,shape_rmse,mean_backoff_weight,0.9422492401215804,48
2048,interpolated_backoff,1.0,5.0,excess_ce_H,unseen_test_context_rate,-0.6394036964547305,48
2048,interpolated_backoff,1.0,5.0,excess_ce_H,mean_train_count_for_test_context,-0.629830655666522,48
2048,interpolated_backoff,1.0,5.0,excess_ce_H,empirical_effective_context_count,0.7129830655666521,48
2048,interpolated_backoff,1.0,5.0,excess_ce_H,mean_backoff_weight,0.8102475032566218,48
2048,interpolated_backoff,1.0,20.0,shape_rmse,unseen_test_context_rate,-0.7898839543963715,48
2048,interpolated_backoff,1.0,20.0,shape_rmse,mean_train_count_for_test_context,-0.8226226660877115,48
2048,interpolated_backoff,1.0,20.0,shape_rmse,empirical_effective_context_count,0.9235779418150238,48
2048,interpolated_backoff,1.0,20.0,shape_rmse,mean_backoff_weight,0.939969604863222,48
2048,interpolated_backoff,1.0,20.0,excess_ce_H,unseen_test_context_rate,-0.5902145690413745,48
2048,interpolated_backoff,1.0,20.0,excess_ce_H,mean_train_count_for_test_context,-0.6071428571428571,48
2048,interpolated_backoff,1.0,20.0,excess_ce_H,empirical_effective_context_count,0.6705384281372123,48
2048,interpolated_backoff,1.0,20.0,excess_ce_H,mean_backoff_weight,0.7297003907946157,48
