dataset_replicate,hmm_id,architecture,dimension,shape_rmse,shape_rmse_sd,excess_ce_H,excess_ce_H_sd,best_val_ce
0,confirm_K3_i000321,GRU,8,0.04047025535006393,0.007628559893880421,0.056853997858436166,0.04304950097435345,1.3590292831261952
0,confirm_K3_i000321,GRU,32,0.0374816323600198,0.012895508120184678,0.0232015755296462,0.045304711950357006,1.3661825731396675
0,confirm_K3_i000321,GRU,128,0.035259518820269405,0.021695288256454243,0.018420133145721,0.029846702695109445,1.3574675333996613
0,confirm_K3_i000321,GRU,256,0.0554711346031956,0.018315787201004928,-0.0004748223701405314,0.05825314497692732,1.3603396192193031
0,confirm_K3_i000321,Transformer,8,0.024556639131840266,0.015350222748129558,0.004044570676556533,0.023437090300298814,1.3481464063127835
0,confirm_K3_i000321,Transformer,32,0.020658070248864534,0.019830472325759053,0.009227100165755833,0.04200222692789733,1.3327863762776058
0,confirm_K3_i000321,Transformer,128,0.06401361626668253,0.02239606062838087,0.05404539471077043,0.014180666602438859,1.350643174101909
0,confirm_K3_i000321,Transformer,256,0.031646949738503065,0.0038297623039057153,0.024830875945162065,0.027208477901593822,1.3468749796350796
0,confirm_K3_i000341,GRU,8,0.0185699791475358,0.006753405748326693,0.010307208746863467,0.004382375860181744,1.9461040856937568
0,confirm_K3_i000341,GRU,32,0.021793218206618697,0.005818456770973031,0.023871917079084,0.02112363838761293,1.9606687873601916
0,confirm_K3_i000341,GRU,128,0.03192935265492027,0.013420979998611414,0.0115993405880463,0.03783646212076686,1.947102611263593
0,confirm_K3_i000341,GRU,256,0.03419524272305386,0.017382620731773678,0.022482267071995198,0.03902063337830277,1.9510501933594544
0,confirm_K3_i000341,Transformer,8,0.027952469178078667,0.013300628834067798,0.018688570509546067,0.019829294860019914,1.9646268784999847
0,confirm_K3_i000341,Transformer,32,0.016655790464401833,0.010866252227580017,0.017030828744364835,0.005641335516648711,1.976987313479185
0,confirm_K3_i000341,Transformer,128,0.0381876078773283,0.023558264890672736,0.0361478140455415,0.034599955794059174,1.961957623561223
0,confirm_K3_i000341,Transformer,256,0.026363500972179366,0.019431790066524613,0.025870962490829767,0.010348730618704208,1.9693828262388706
0,confirm_K3_i000975,GRU,8,0.03757105227474564,0.005664571609869361,0.10443707597309122,0.03833477266126017,1.022181926916043
0,confirm_K3_i000975,GRU,32,0.022307046116004967,0.006336679417371789,0.019228499800500964,0.017712049207281005,0.9752904282261928
0,confirm_K3_i000975,GRU,128,0.030362657607431332,0.005231894287939598,0.032537717789945735,0.02958645826063442,0.9376165407399336
0,confirm_K3_i000975,GRU,256,0.04523562997702063,0.017330106989143,0.05997153413349154,0.057268000217739715,0.9610632546246052
0,confirm_K3_i000975,Transformer,8,0.03655291276934207,0.018940400493026345,0.1084489826565362,0.05146051011863706,1.0404047245780628
0,confirm_K3_i000975,Transformer,32,0.04710349676240091,0.005340428860679996,0.053067762822447,0.03595379591181812,0.9526610324780146
0,confirm_K3_i000975,Transformer,128,0.04314973897440303,0.01126720051711301,0.04034676320407563,0.0480722470096488,0.992101160188516
0,confirm_K3_i000975,Transformer,256,0.04456908316075093,0.0181791768365319,0.07503837016278274,0.011775895234585831,0.9770857859402896
0,confirm_K3_i001202,GRU,8,0.018895349686739064,0.004605736829804675,-0.0056287606152304005,0.007875830986429843,2.008117765188217
0,confirm_K3_i001202,GRU,32,0.021909117919432165,0.012917534968756552,0.0182035456506008,0.022252284249555145,1.9851310191055136
0,confirm_K3_i001202,GRU,128,0.021361467330276968,0.011877047447542002,0.017348976473767666,0.03478014668757827,2.001719889541467
0,confirm_K3_i001202,GRU,256,0.016911785186957566,0.009820277783602612,0.022097800215839635,0.017605256024787127,2.008629113435745
0,confirm_K3_i001202,Transformer,8,0.029756070092276137,0.013750760944746815,0.023794779221971,0.018355889627790757,1.996604638795058
0,confirm_K3_i001202,Transformer,32,0.0256480520497243,0.006421952794195214,0.014268926323214269,0.02758144764728723,2.0034703152875104
0,confirm_K3_i001202,Transformer,128,0.02987368936412063,0.003402034687838566,0.020584485472002798,0.02360423328320071,2.0005983312924704
0,confirm_K3_i001202,Transformer,256,0.013889203459706468,0.007395218920757925,0.02821477903997806,0.013559982993911245,2.000652795036634
0,confirm_K4_i000373,GRU,8,0.016331257351974465,0.0020770832980219756,0.0172629492578189,0.007782363342717822,1.9727298480768998
0,confirm_K4_i000373,GRU,32,0.023647302177578,0.013496633365405412,0.0030555314915657003,0.013535543790217562,1.9840817873676622
0,confirm_K4_i000373,GRU,128,0.02546534231706557,0.017857198013144025,0.016218867112922534,0.0028192802478063214,1.9721020683646202
0,confirm_K4_i000373,GRU,256,0.0323438218009649,0.009851296236998004,-0.00022539376246120033,0.01040659672728732,1.982139168928067
0,confirm_K4_i000373,Transformer,8,0.022070961756190468,0.006655569193542518,0.031216446270275033,0.007445306496881411,1.974251142392556
0,confirm_K4_i000373,Transformer,32,0.028446002643498502,0.008536868014007869,0.012365240563678666,0.03327649736940796,1.9832988294462364
0,confirm_K4_i000373,Transformer,128,0.015450637602563868,0.012130255844546182,0.022603572616704367,0.025085936241846456,1.9788353306551774
0,confirm_K4_i000373,Transformer,256,0.026549440622909367,0.006543594938632823,0.04218063375326783,0.03040848824592878,2.0087446868419647
0,confirm_K4_i000448,GRU,8,0.043875184024551865,0.03132126940707113,0.04147554184957777,0.0614323262317454,1.7880710350970428
0,confirm_K4_i000448,GRU,32,0.03852868906476447,0.0061221312758498675,-0.0007060394091958957,0.056045545278014086,1.7933816860119502
0,confirm_K4_i000448,GRU,128,0.0307755180186159,0.007584191064492679,0.026325459241513766,0.007900973465388808,1.7673145110408466
0,confirm_K4_i000448,GRU,256,0.03691607130022476,0.014251671519142695,-0.004494480828797367,0.019923634844965968,1.7864079525073369
0,confirm_K4_i000448,Transformer,8,0.04337718597101727,0.00227494771306313,0.06277679399613963,0.04382990222550261,1.8046545224885149
0,confirm_K4_i000448,Transformer,32,0.037458448717531935,0.021023457027720762,0.005620186487480367,0.012054146308312868,1.799694709479809
0,confirm_K4_i000448,Transformer,128,0.029041835168329866,0.009401688893076306,0.0389480416572532,0.014218811905791983,1.8034407186011474
0,confirm_K4_i000448,Transformer,256,0.03464624780025213,0.025018000046923713,0.06043868011200881,0.042128428184614916,1.793803942700227
0,confirm_K4_i000654,GRU,8,0.04826512244748743,0.03184347978110397,0.039068186695813197,0.056270496715090705,0.9810943181316057
0,confirm_K4_i000654,GRU,32,0.0269778963300133,0.0080416099602301,0.019932896559873268,0.020840470307128562,0.8845281588534514
0,confirm_K4_i000654,GRU,128,0.06896401777921242,0.060189309898607775,0.0751549421900899,0.05132238652918304,0.8766532071555654
0,confirm_K4_i000654,GRU,256,0.0458950147148988,0.019916061472849706,0.022532042156099334,0.039819639714909226,0.9242230051507553
0,confirm_K4_i000654,Transformer,8,0.0757609262642207,0.04441262419105353,0.09973486827357518,0.09323826567568158,0.9547346023221811
0,confirm_K4_i000654,Transformer,32,0.04700091621637986,0.004607869263964111,0.0434467103734007,0.04317398478836619,0.921837309996287
0,confirm_K4_i000654,Transformer,128,0.04263959050798216,0.0254319257890999,0.03418760191941166,0.04569627053388627,0.9106452508519093
0,confirm_K4_i000654,Transformer,256,0.03882350027864117,0.026733265531823702,0.027016598150570264,0.04411028838797828,0.9253210611641407
0,confirm_K4_i000909,GRU,8,0.0316830410552128,0.014512269458222957,0.0307463579378566,0.025996897881616396,1.6548979145785172
0,confirm_K4_i000909,GRU,32,0.049721200130187104,0.02925824469084642,-0.005082833468711331,0.05951289111436797,1.6340865939855576
0,confirm_K4_i000909,GRU,128,0.0414003695907769,0.023806083778616427,0.043542121648991176,0.049178754869596795,1.6742046202222507
0,confirm_K4_i000909,GRU,256,0.046112858950346135,0.021078360313081315,-0.02608557810365737,0.023027153424458206,1.6483468810717266
0,confirm_K4_i000909,Transformer,8,0.04850773747198709,0.02308938157196154,-0.000721280971960068,0.030861318994781787,1.641825250039498
0,confirm_K4_i000909,Transformer,32,0.0329317310737367,0.01978733966200103,-0.002793175677255599,0.02809325665719816,1.653028001387914
0,confirm_K4_i000909,Transformer,128,0.04947238678817543,0.028143680980727302,-0.030228088497912767,0.0495301671822509,1.61082024872303
0,confirm_K4_i000909,Transformer,256,0.0388313408972877,0.012432416760493274,0.028519220451716634,0.01439629484259813,1.6475656032562256
0,confirm_K5_i000202,GRU,8,0.019915742805822333,0.006807049445051427,0.013654367934254069,0.012219605317828916,1.9025428916017217
0,confirm_K5_i000202,GRU,32,0.03890775380930513,0.019263983367888454,0.0086699543501809,0.04347865045974294,1.906505028406779
0,confirm_K5_i000202,GRU,128,0.03430432404199593,0.017282489678564085,0.0171627966668082,0.018976056114759398,1.9258998110890388
0,confirm_K5_i000202,GRU,256,0.034624172487424866,0.013017537099487915,-0.004334140012078033,0.03761824330296727,1.8898945624629657
0,confirm_K5_i000202,Transformer,8,0.03193490426626753,0.025793718863797138,0.004063677599616099,0.027265221494243125,1.9000571345289547
0,confirm_K5_i000202,Transformer,32,0.015082902122884267,0.009343252298864785,0.022654957384454565,0.032197135026928995,1.9055037734409173
0,confirm_K5_i000202,Transformer,128,0.0301113423127933,0.012655656555149334,0.02647000731089437,0.024082794705914685,1.9272268476585548
0,confirm_K5_i000202,Transformer,256,0.03825741492500743,0.009831419231455599,0.004531894436068933,0.01730425709237308,1.920873925089836
0,confirm_K5_i000312,GRU,8,0.043154625240296306,0.023341180929555918,0.09173506866190023,0.037841571381738964,1.4595597349107265
0,confirm_K5_i000312,GRU,32,0.0318276200464982,0.024768978349292425,0.0181978555549502,0.01868288039767214,1.3852224815636873
0,confirm_K5_i000312,GRU,128,0.057306685391127495,0.019059779642751774,0.048338996820580966,0.06884794894648029,1.4071224642296631
0,confirm_K5_i000312,GRU,256,0.039358330231057066,0.01050429205428205,0.028684500558110032,0.014557553162624732,1.3650475094715755
0,confirm_K5_i000312,Transformer,8,0.050165860412717866,0.0447141507709667,0.09827441096597107,0.027336058416763027,1.4264950715005398
0,confirm_K5_i000312,Transformer,32,0.07936430029602456,0.01299387574001733,0.06645724793566472,0.10071070588015074,1.3945401658614476
0,confirm_K5_i000312,Transformer,128,0.03835708632494963,0.007607011056216737,0.06514311825526947,0.020234052941724038,1.361822783946991
0,confirm_K5_i000312,Transformer,256,0.0710474429326324,0.0487111473685086,0.07551347335470913,0.09147000396866939,1.4143491635719936
0,confirm_K5_i000834,GRU,8,0.03685231061898907,0.003406880148011085,0.07022743528227422,0.008641723676759078,1.6335064557691414
0,confirm_K5_i000834,GRU,32,0.0577976943544474,0.004348388076840416,0.058043220193588874,0.027087506242682538,1.5980971542497475
0,confirm_K5_i000834,GRU,128,0.0471084378823966,0.011708850008284939,0.054375075848305365,0.013061357688787358,1.5943760524193447
0,confirm_K5_i000834,GRU,256,0.04148758779700736,0.030279819400124846,0.043261469454968095,0.036812447534366854,1.614213107774655
0,confirm_K5_i000834,Transformer,8,0.0438009235900113,0.014081412165227961,0.006622918994629534,0.045537735951845945,1.618827972561121
0,confirm_K5_i000834,Transformer,32,0.037186864449412736,0.030866686975043245,0.014427630654378966,0.03451909797137761,1.598973484088977
0,confirm_K5_i000834,Transformer,128,0.029710857833868135,0.018250543913084102,0.0206591795398832,0.018705366917666985,1.6235704893867176
0,confirm_K5_i000834,Transformer,256,0.047108375375348066,0.0029368662617078795,0.05391074821492447,0.04609682843434008,1.6083111117283504
0,confirm_K5_i001133,GRU,8,0.025729074735201796,0.013504376208126475,-0.002863498311372066,0.020015363630334595,2.0035708931585154
0,confirm_K5_i001133,GRU,32,0.016920132449130335,0.008649043956818802,0.026744468230871832,0.02143435617846495,2.0001290577153363
0,confirm_K5_i001133,GRU,128,0.021400893318186103,0.014371898078372136,0.03305482935793033,0.0145602313379733,2.019831780344248
0,confirm_K5_i001133,GRU,256,0.018063071524085133,0.006254142870164666,0.030240240910518367,0.04113290740491124,2.0086581582824388
0,confirm_K5_i001133,Transformer,8,0.019772928264716733,0.004669728098735324,0.003123142539330567,0.012544294572806437,2.0046246436734996
0,confirm_K5_i001133,Transformer,32,0.020621066572029365,0.00922767783100172,0.018827881136405735,0.013225219475866152,2.004624392837286
0,confirm_K5_i001133,Transformer,128,0.017059590810020068,0.0027886700739870626,0.041960806368657365,0.045675701169245256,2.0182559552292028
0,confirm_K5_i001133,Transformer,256,0.029806428006911367,0.022044439243930805,0.0709084056008544,0.01666308159072908,2.020504898081223
0,confirm_K6_i000105,GRU,8,0.025682520916866864,0.005573052796507956,0.016628719564071467,0.01622696957721173,1.6874077593286831
0,confirm_K6_i000105,GRU,32,0.0826261044969402,0.03689536437681539,-0.04243341366868111,0.06132600615742094,1.6516352333128452
0,confirm_K6_i000105,GRU,128,0.0395552865365833,0.014546772672017103,0.05714412003337457,0.05736497021984145,1.646699811021487
0,confirm_K6_i000105,GRU,256,0.057179272060986996,0.05173874542150541,0.056638888712516634,0.06886448698780145,1.6626903464396794
0,confirm_K6_i000105,Transformer,8,0.0272577005897908,0.012796764789125196,0.032756944195222036,0.017123153980282378,1.6772204885880153
0,confirm_K6_i000105,Transformer,32,0.0384885621180871,0.02679404305474234,0.012357358828972898,0.027105918513625548,1.6514704823493958
0,confirm_K6_i000105,Transformer,128,0.06102300304590644,0.027274389177861767,0.019271659052164433,0.046526038716309226,1.6588100555042427
0,confirm_K6_i000105,Transformer,256,0.06670547215771026,0.05172773345280048,0.08592209686417496,0.04747213063168669,1.6758983520170052
0,confirm_K6_i000708,GRU,8,0.04342857371725,0.0357892378022324,0.12996327357134643,0.06908816023428693,1.0059294700622559
0,confirm_K6_i000708,GRU,32,0.05959007428467444,0.009794905473820871,0.08100021358968236,0.02272614162368933,0.8769309346874555
0,confirm_K6_i000708,GRU,128,0.046396085772108936,0.006572679134953313,0.027787934756690433,0.025436042889261292,0.8312833017359177
0,confirm_K6_i000708,GRU,256,0.04081188328365227,0.027133630449442954,0.10188577797652697,0.038593452322641074,0.8591436787197987
0,confirm_K6_i000708,Transformer,8,0.033905780401957165,0.02881010904524396,0.12670987200380784,0.04722175089619249,0.9537619994953275
0,confirm_K6_i000708,Transformer,32,0.07945418179731403,0.01638474084613966,0.04696398826083956,0.04955458471731342,0.883935189495484
0,confirm_K6_i000708,Transformer,128,0.056143947544659435,0.011712012401566782,0.0345652914458654,0.023954568324085792,0.8699104934930801
0,confirm_K6_i000708,Transformer,256,0.0543865535944091,0.021593607079433995,0.12226830151320918,0.07507694269919311,0.8823153134435415
0,confirm_K6_i000997,GRU,8,0.02813510181249303,0.004174372313096903,0.014269621715639669,0.03404651450593145,1.937178215632836
0,confirm_K6_i000997,GRU,32,0.019337496964128665,0.010730882570762873,0.021619569803967533,0.008473573469584035,1.932260197897752
0,confirm_K6_i000997,GRU,128,0.020199350487374732,0.007256214809787743,0.021800097371831233,0.01966046421207402,1.9479629981021087
0,confirm_K6_i000997,GRU,256,0.028191963067599867,0.011947968951963983,0.029805510288173433,0.03183258254542558,1.9344103522598743
0,confirm_K6_i000997,Transformer,8,0.016021689389564,0.0105240557949743,0.013559278394475266,0.03624159255661805,1.9366857322553794
0,confirm_K6_i000997,Transformer,32,0.029549477418944203,0.014151414157355732,0.032136742319360034,0.026662814631908314,1.9380392308036487
0,confirm_K6_i000997,Transformer,128,0.0367832270958688,0.012348968110700034,0.04931659405002444,0.02600008115382076,1.9600261648495991
0,confirm_K6_i000997,Transformer,256,0.02367679905413597,0.006073962160048256,0.022157226051583465,0.022509222261039612,1.9358154721558092
0,confirm_K6_i001189,GRU,8,0.02767986143481597,0.011390103467744184,0.052315217836916804,0.046470573348792565,1.897982760022084
0,confirm_K6_i001189,GRU,32,0.036586945228810536,0.020752054340492442,0.06063262878280893,0.01953196303163962,1.8344429135322573
0,confirm_K6_i001189,GRU,128,0.03907219617528734,0.01988849116983153,0.06096172837835573,0.03699450667454162,1.886242696394523
0,confirm_K6_i001189,GRU,256,0.042072523078878675,0.030580240998899073,0.0464992176336251,0.06534413974911145,1.8783352971076965
0,confirm_K6_i001189,Transformer,8,0.03986146569756866,0.017957985015625462,0.08015484619559873,0.02689650209495059,1.8990335936347644
0,confirm_K6_i001189,Transformer,32,0.035978955676749934,0.01366833053690158,0.07444290825150429,0.014208054816871103,1.8895721199611828
0,confirm_K6_i001189,Transformer,128,0.04613005291608127,0.018675137464681822,0.0717799887897772,0.027821986986907007,1.892439770201842
0,confirm_K6_i001189,Transformer,256,0.04439039478427511,0.024720827847559912,0.0708398223759929,0.025042191720298243,1.8889821358025072
1,confirm_K3_i000321,GRU,8,0.03356268557899846,0.004662687830604297,0.02158940896597633,0.030139024976329334,1.3536034611364205
1,confirm_K3_i000321,GRU,32,0.02924061639538297,0.013835304672277409,0.014423768373401267,0.018763052649446596,1.3432100961605709
1,confirm_K3_i000321,GRU,128,0.024031961013756,0.01509489495633653,0.016228599500726932,0.05399077045073034,1.3554821374515693
1,confirm_K3_i000321,GRU,256,0.030520594013692934,0.014575015480622455,0.0388924485962304,0.00919858899495012,1.3614660240709782
1,confirm_K3_i000321,Transformer,8,0.0349420984414723,0.016180300368082108,0.013231059563230734,0.05136335372898399,1.3837354344626267
1,confirm_K3_i000321,Transformer,32,0.054692698776119764,0.01073097103973563,0.0332609818896366,0.04167309082245995,1.334618194649617
1,confirm_K3_i000321,Transformer,128,0.017113078640907567,0.010617400657356356,0.017601264667581766,0.010135079407077209,1.3536660224199295
1,confirm_K3_i000321,Transformer,256,0.0282528659101025,0.005132987585734866,0.029557293307852034,0.011008232588274358,1.3466617595404387
1,confirm_K3_i000341,GRU,8,0.021364482512177863,0.003594241996103386,0.0217712656162113,0.006355328291567907,1.9439649619162083
1,confirm_K3_i000341,GRU,32,0.0192795685749719,0.010902674149845097,-0.009643801996913467,0.011376268389773158,1.9486504308879375
1,confirm_K3_i000341,GRU,128,0.022310493037648732,0.006265164145466899,0.013090892185959302,0.014252933835812906,1.9474638017515344
1,confirm_K3_i000341,GRU,256,0.03974404996361283,0.03599273475356409,0.06597181017219327,0.05008992737815746,1.9592288347582023
1,confirm_K3_i000341,Transformer,8,0.028194981983893502,0.01870360978215562,0.0273974250258933,0.02836243549041908,1.9537845539549987
1,confirm_K3_i000341,Transformer,32,0.043800535265790606,0.013472703402558156,0.007936928222768633,0.03318306371362245,1.952389769256115
1,confirm_K3_i000341,Transformer,128,0.023182351732069163,0.005783901602998712,0.042170359244141004,0.01670648397432377,1.9522937412063281
1,confirm_K3_i000341,Transformer,256,0.023436873056305665,0.010998588734440368,0.03146839494525693,0.013544784513439054,1.9577938963969546
1,confirm_K3_i000975,GRU,8,0.027775880833011368,0.013700591995629459,0.073038400879043,0.047549152954225814,1.0029888153076172
1,confirm_K3_i000975,GRU,32,0.038382549101869834,0.021924259777943395,-0.002420572767120901,0.03268274389974664,0.952735768010219
1,confirm_K3_i000975,GRU,128,0.029370234917573197,0.009821565979580175,0.020230597923733534,0.026402351939966606,0.9412261682252089
1,confirm_K3_i000975,GRU,256,0.0533496187489955,0.010153876517451865,0.04582098664893477,0.010590956248974832,0.9240560500572125
1,confirm_K3_i000975,Transformer,8,0.061022825917298434,0.016720399138161993,0.1009997158453243,0.021847502840105438,0.976473044604063
1,confirm_K3_i000975,Transformer,32,0.046523629472039,0.008640653100141943,0.02421718380901983,0.02290110535123515,0.9248242129882177
1,confirm_K3_i000975,Transformer,128,0.027356030468089904,0.014389736910220637,0.0465058328415331,0.014519322844650278,0.9409654332945744
1,confirm_K3_i000975,Transformer,256,0.022122657329353434,0.01077998816118153,0.03515251146807047,0.03604637334221057,0.975449767584602
1,confirm_K3_i001202,GRU,8,0.012277520908473533,0.004874398447756813,0.0006210695115319334,0.002876163586078797,1.9994132481515408
1,confirm_K3_i001202,GRU,32,0.031367035142778034,0.02102815897089375,0.008616697332023733,0.03929491843842884,1.996406717846791
1,confirm_K3_i001202,GRU,128,0.024823507763503335,0.015024781951653984,0.011967660527188667,0.006947534793512599,2.0029936047891774
1,confirm_K3_i001202,GRU,256,0.0362528376166934,0.012191203997218429,0.015210657358923666,0.04415272294496985,2.0119052107135453
1,confirm_K3_i001202,Transformer,8,0.017240532919110166,0.007724135279462312,0.006853892446318367,0.007707776102846817,1.9888454265892506
1,confirm_K3_i001202,Transformer,32,0.015354269744386867,0.00900740414400906,0.013630339543778833,0.0191057669698574,1.993737434347471
1,confirm_K3_i001202,Transformer,128,0.015697189308828633,0.010552868817756555,0.0312963242737046,0.025672773074206193,2.0102364644408226
1,confirm_K3_i001202,Transformer,256,0.029298951103293835,0.024554719390100718,-0.0028094137303440333,0.014753821344448814,2.011327867706617
1,confirm_K4_i000373,GRU,8,0.024715680805077734,0.028771308580342755,0.03540797403427753,0.0348000700106025,1.9721739528079827
1,confirm_K4_i000373,GRU,32,0.02013967308801717,0.0010041726667420975,0.0119206246830304,0.027533378567353595,1.9678831249475481
1,confirm_K4_i000373,GRU,128,0.018854928365353334,0.009559430473151784,0.023403240948645234,0.027837758631434915,1.9761288960774739
1,confirm_K4_i000373,GRU,256,0.012846485030826133,0.007416800863246099,0.021563660313415462,0.01562575807282159,1.985320548216502
1,confirm_K4_i000373,Transformer,8,0.03084337047229227,0.012930101405279702,0.016790512909221598,0.024156401205821205,1.9628390943010652
1,confirm_K4_i000373,Transformer,32,0.02768304176033363,0.02115230023020288,0.012476760854053465,0.01757769475376263,1.9640659838914871
1,confirm_K4_i000373,Transformer,128,0.024069402288981634,0.01523040306652332,0.043352560410626705,0.014919103419861907,2.002654199798902
1,confirm_K4_i000373,Transformer,256,0.031977654191121266,0.010722522723297394,0.02404503147773737,0.024788069997671993,1.976492238541444
1,confirm_K4_i000448,GRU,8,0.04182563546859707,0.010105798542490753,0.03379067774578367,0.0207677439614592,1.7939307888348897
1,confirm_K4_i000448,GRU,32,0.027255452515762568,0.011298457785851857,0.013915806968653568,0.02689971104190934,1.787790909409523
1,confirm_K4_i000448,GRU,128,0.054006654986514364,0.015517499297019814,-0.002977537652210029,0.06375469907832847,1.7774716118971507
1,confirm_K4_i000448,GRU,256,0.03274736550120353,0.01849714644744937,-0.0019946247740146006,0.05117850596460916,1.794559999058644
1,confirm_K4_i000448,Transformer,8,0.039882842283875966,0.012163922281757184,0.034423882722501305,0.02764924703258829,1.8206185214221478
1,confirm_K4_i000448,Transformer,32,0.023582998942878297,0.0032355316154385784,0.014257922728503099,0.003230662912646499,1.7444108861188095
1,confirm_K4_i000448,Transformer,128,0.0229517467680488,0.007977448179318383,0.0454345543778383,0.008981120346759719,1.7953649871051311
1,confirm_K4_i000448,Transformer,256,0.033261999713858036,0.012255635535211829,0.04694162305160793,0.02296119143123462,1.8015619963407516
1,confirm_K4_i000654,GRU,8,0.035209666567473666,0.014258505723919587,0.06536978300952813,0.04027438250992529,0.9165575845787922
1,confirm_K4_i000654,GRU,32,0.03926573816369037,0.00947114289661878,0.0382205254489571,0.022207986804787028,0.8309057590862116
1,confirm_K4_i000654,GRU,128,0.07208403185989463,0.04897852163272566,0.09085328694724944,0.0439973950836165,0.8885820588717858
1,confirm_K4_i000654,GRU,256,0.0587989430725116,0.025997368928054692,0.019405842488446866,0.04257595345499296,0.8996536824852228
1,confirm_K4_i000654,Transformer,8,0.023652791552796166,0.007786511274770941,0.04617405128025911,0.0279845042155178,0.9293894705673059
1,confirm_K4_i000654,Transformer,32,0.10011866381491097,0.016234424474833562,0.06104226103965349,0.11697208669771915,0.8854336800674597
1,confirm_K4_i000654,Transformer,128,0.06203354047038217,0.015807793864680432,0.0329941244576763,0.06776492507797559,0.9068301028261582
1,confirm_K4_i000654,Transformer,256,0.07078722688407393,0.03446415095176705,0.10809686721904976,0.055365505153093526,0.8916314880674084
1,confirm_K4_i000909,GRU,8,0.019168047366819766,0.011124487627099071,0.0460263190668862,0.022444081720459023,1.6283780361215274
1,confirm_K4_i000909,GRU,32,0.03744423704487453,0.016331355086137245,0.006346923411095266,0.023205040208832503,1.6361416764557362
1,confirm_K4_i000909,GRU,128,0.04516921968879917,0.040431613866365915,0.07336797545373842,0.042528582787250226,1.6365732786556084
1,confirm_K4_i000909,GRU,256,0.024772052779893302,0.012572750505421929,0.0511627319457174,0.013320572073596918,1.6319868577023346
1,confirm_K4_i000909,Transformer,8,0.06753938717409423,0.041837766972018,0.009574492573940835,0.04517904125489088,1.6243769774834316
1,confirm_K4_i000909,Transformer,32,0.036018972045389834,0.01605337039500753,0.0025042492153288,0.027497144491899748,1.6244761211176713
1,confirm_K4_i000909,Transformer,128,0.016161344517681465,0.006614877161693776,0.03155381957710197,0.032863575326379256,1.6306969684859116
1,confirm_K4_i000909,Transformer,256,0.04720619508637817,0.024151730336943934,0.020487874547843198,0.02075947015412999,1.6287466958165169
1,confirm_K5_i000202,GRU,8,0.026650009398208233,0.010175634146728639,0.011148293128199668,0.017148356598765572,1.9006732217967508
1,confirm_K5_i000202,GRU,32,0.032059306896830966,0.004272787570428049,-0.008935951381338333,0.039380893734833,1.8978799109657605
1,confirm_K5_i000202,GRU,128,0.033590242221392265,0.02088543497051799,0.0099910416310899,0.05166064294948126,1.9010638855397701
1,confirm_K5_i000202,GRU,256,0.020690735690976868,0.01686617578036214,0.02955493014115813,0.012981531058516528,1.9160517665247123
1,confirm_K5_i000202,Transformer,8,0.040201406706621,0.010560563765033613,0.004316999823438399,0.034226682645435526,1.9252166027824085
1,confirm_K5_i000202,Transformer,32,0.0381718522698126,0.014795895428957003,0.023359717737224964,0.03227540553473304,1.9021212023993332
1,confirm_K5_i000202,Transformer,128,0.0464101167196983,0.005581607558043428,0.056747160167085364,0.037304013460787745,1.9156728958090146
1,confirm_K5_i000202,Transformer,256,0.028590517744239267,0.011214178923729935,0.03693560442386786,0.03736206514677304,1.9071423423786957
1,confirm_K5_i000312,GRU,8,0.043995745121258596,0.011087549475708709,0.08210200190835393,0.01633735995587139,1.4407639528314273
1,confirm_K5_i000312,GRU,32,0.04667287856092343,0.012450477891860474,0.032546116613280766,0.03900852264843052,1.416286762803793
1,confirm_K5_i000312,GRU,128,0.04495580232189993,0.01677486356306443,0.06221866478813879,0.01116309750416957,1.362327768156926
1,confirm_K5_i000312,GRU,256,0.053847632398066336,0.020144477855696317,0.042856845957966634,0.08657630239257628,1.4029380269348621
1,confirm_K5_i000312,Transformer,8,0.06017767359795273,0.01587335792794349,0.11768520494593376,0.041953964646993976,1.4310122604171436
1,confirm_K5_i000312,Transformer,32,0.061317247383001566,0.03144535590656372,0.038556445343228135,0.019852768441244284,1.3796832002699375
1,confirm_K5_i000312,Transformer,128,0.03927675235212127,0.019293467853819447,0.04425092409345701,0.028659220570088403,1.3932941034436226
1,confirm_K5_i000312,Transformer,256,0.05032642572415206,0.0266151104772962,0.11272617797348096,0.07080951903701999,1.4037987453242142
1,confirm_K5_i000834,GRU,8,0.025090173034376866,0.015351579892021926,0.046246323537234596,0.03691941894679165,1.6194379702210426
1,confirm_K5_i000834,GRU,32,0.05208833272143107,0.012473009278891542,-0.0157906750327307,0.02968032661264519,1.5933381989598274
1,confirm_K5_i000834,GRU,128,0.04055856231844104,0.016426520050451605,-0.017670737155870368,0.02281365352824794,1.5915512256324291
1,confirm_K5_i000834,GRU,256,0.03402526452755563,0.009732942696134691,0.0372734775656503,0.019877826439295837,1.6182451881468296
1,confirm_K5_i000834,Transformer,8,0.04043711983190477,0.018607628978354687,0.04820311670641517,0.03706041751125047,1.6200699682037036
1,confirm_K5_i000834,Transformer,32,0.0315531184695286,0.010201216361051656,0.039022004655405,0.015447760163753906,1.6069190862278144
1,confirm_K5_i000834,Transformer,128,0.053381125298028236,0.017802412950416784,-0.0247563063587703,0.02136792623932549,1.6132508218288422
1,confirm_K5_i000834,Transformer,256,0.059454263267158136,0.008825667087186212,0.037588917763436,0.058715170721596925,1.6181516386568546
1,confirm_K5_i001133,GRU,8,0.016269054495366166,0.008176952231018202,0.004319087385007101,0.020330103673834355,2.0065778978168964
1,confirm_K5_i001133,GRU,32,0.025590777580138165,0.011112573171665852,-0.010649772267671,0.010749863296701034,2.0080903607110185
1,confirm_K5_i001133,GRU,128,0.012122854434307433,0.003716641857173989,0.023110524534054933,0.011205605215752236,2.017483423153559
1,confirm_K5_i001133,GRU,256,0.03921817971938673,0.019342366101490926,0.036743199546007695,0.05882874316047031,2.0211696003874144
1,confirm_K5_i001133,Transformer,8,0.017475075496140035,0.0045701703536425164,0.0364961854804241,0.012246547892118615,2.0140177123248577
1,confirm_K5_i001133,Transformer,32,0.0184897319936198,0.006444004057608769,0.014850686707961901,0.013821419525792867,2.013060433169206
1,confirm_K5_i001133,Transformer,128,0.034511936048103396,0.024744462359700358,0.019352086602517332,0.040406729398207324,2.013597355534633
1,confirm_K5_i001133,Transformer,256,0.028046529227475834,0.0202258514350067,0.0348399835018996,0.048192393177011295,2.0090927879015603
1,confirm_K6_i000105,GRU,8,0.05242681313516923,0.014054864300949432,0.05190927753427737,0.050798229003710095,1.6812261740366619
1,confirm_K6_i000105,GRU,32,0.03919160705069253,0.023017249770463,-0.015206548377085535,0.02098097295313543,1.681617610156536
1,confirm_K6_i000105,GRU,128,0.040376912171945396,0.012801335640276044,0.036621813670586666,0.03996903593847403,1.691198531538248
1,confirm_K6_i000105,GRU,256,0.0338241678408732,0.008808983966271243,0.025942474301448568,0.021349068745517508,1.6832288913428783
1,confirm_K6_i000105,Transformer,8,0.04235110110868764,0.007554684882358885,0.01693043082534383,0.060895151719154154,1.673588190227747
1,confirm_K6_i000105,Transformer,32,0.03603268493266263,0.005004859338419269,0.0003451230086795332,0.02634987591640481,1.6647784846524398
1,confirm_K6_i000105,Transformer,128,0.04543855612938907,0.021406489318393635,0.023282309071015462,0.04104002341564112,1.6972785517573357
1,confirm_K6_i000105,Transformer,256,0.048824180048402464,0.03211478443970861,-0.0071052911919443,0.03314149403333312,1.6752992818752925
1,confirm_K6_i000708,GRU,8,0.0445500036222091,0.015778538163083555,0.11811336603404503,0.05298110467131777,0.951494611799717
1,confirm_K6_i000708,GRU,32,0.0713763570624467,0.014731624907981506,0.0017145857377988006,0.011515930706237706,0.8698530898739895
1,confirm_K6_i000708,GRU,128,0.05776709016596463,0.003719557767926235,0.0328383729024869,0.010675348600326606,0.8821505631009737
1,confirm_K6_i000708,GRU,256,0.04751408551613926,0.02156413069160344,0.058256424731427635,0.04845160145152178,0.8920055702328682
1,confirm_K6_i000708,Transformer,8,0.06732827160613114,0.022433123273963462,0.11557863877854167,0.08226274417313205,0.8995834775269032
1,confirm_K6_i000708,Transformer,32,0.0491436233601982,0.0012318990100312062,0.09443802984199344,0.02211492547079045,0.8505751931418976
1,confirm_K6_i000708,Transformer,128,0.07609930693681542,0.030058578966851837,0.11384682954988301,0.054198510308991456,0.9325687705228726
1,confirm_K6_i000708,Transformer,256,0.05139497238420693,0.030111365265082703,0.07798633328717373,0.049033456653817406,0.9120012757678827
1,confirm_K6_i000997,GRU,8,0.0201634795005746,0.00935841897678625,0.005019139792218432,0.02698785178236601,1.9217909425497055
1,confirm_K6_i000997,GRU,32,0.03752512796033327,0.005501333659200832,0.0228000671125398,0.02913206254719079,1.931263950963815
1,confirm_K6_i000997,GRU,128,0.01586614495448047,0.009057854156341279,0.04247169101803953,0.02055577466193456,1.923729255795479
1,confirm_K6_i000997,GRU,256,0.0263796111304624,0.014178767183072535,0.04514736587374863,0.010494411419763318,1.9350410439074042
1,confirm_K6_i000997,Transformer,8,0.0197207325611496,0.0050579657686368245,0.018642936195626434,0.004009302517067733,1.9280820600688457
1,confirm_K6_i000997,Transformer,32,0.0371666389517729,0.018175300546806796,0.0277496070123659,0.029650750137094454,1.9399720231691997
1,confirm_K6_i000997,Transformer,128,0.024372432047299632,0.011405585351847313,0.0529684638437575,0.022678891672285352,1.9576466369132197
1,confirm_K6_i000997,Transformer,256,0.0422766335963902,0.025846048859091062,0.0673101435558941,0.0356614620934444,1.9387235430379712
1,confirm_K6_i001189,GRU,8,0.026506917125883236,0.00986264037843599,0.0583161240659358,0.03459743480308821,1.9066306836903097
1,confirm_K6_i001189,GRU,32,0.022626201519080166,0.006227668116677274,0.005955090209067033,0.004005560071059663,1.8827385231852531
1,confirm_K6_i001189,GRU,128,0.023008480420490002,0.015895013848689805,0.041547464911361735,0.017137926722095752,1.8860050352911155
1,confirm_K6_i001189,GRU,256,0.026351551716809796,0.0032413305825581377,0.03565561779759347,0.024666750846522027,1.8696037580569584
1,confirm_K6_i001189,Transformer,8,0.014050089766013733,0.008945041029238548,0.04106862851403174,0.014532969528278088,1.9253501010437806
1,confirm_K6_i001189,Transformer,32,0.0421543332837049,0.01360804238713277,0.057077097479721096,0.015775682164808322,1.8789129331707954
1,confirm_K6_i001189,Transformer,128,0.0303945724950709,0.017958928243444056,0.06015369056087749,0.027646904366109944,1.888068402806918
1,confirm_K6_i001189,Transformer,256,0.024463635439260598,0.010578340076850322,0.0476551454109154,0.02766398286236426,1.9033432602882385
2,confirm_K3_i000321,GRU,8,0.0402570119385205,0.012726360029766534,0.0111891062578274,0.026835010110268797,1.357592993726333
2,confirm_K3_i000321,GRU,32,0.0264446655143275,0.012388187994145719,0.01939264749693007,0.041937422025320886,1.3364637220899265
2,confirm_K3_i000321,GRU,128,0.042040666062433334,0.0145468257213689,-0.0004771916547702329,0.04854404698494046,1.353581781188647
2,confirm_K3_i000321,GRU,256,0.02879441839275253,0.008910691278115198,0.016675924909185666,0.03838637521478099,1.375949711849292
2,confirm_K3_i000321,Transformer,8,0.036823149520100865,0.021569052616718754,0.033953009200166896,0.01663363321577899,1.3576048910617828
2,confirm_K3_i000321,Transformer,32,0.0288156288870431,0.024332297296583538,0.02002213960098353,0.013011151056732445,1.3483968277772267
2,confirm_K3_i000321,Transformer,128,0.0553125671659869,0.01827974231457024,0.03432772621718177,0.05732218132630289,1.3766846135258675
2,confirm_K3_i000321,Transformer,256,0.043575846877503537,0.00048752869828958873,0.0544695935170564,0.030975677323844347,1.3260174691677094
2,confirm_K3_i000341,GRU,8,0.014064900427072867,0.008761193666228562,0.020630509704543165,0.006548865258137336,1.9377151541411877
2,confirm_K3_i000341,GRU,32,0.020992536487629998,0.009232341436565308,0.03276184057215157,0.02821199660626308,1.9448332885901134
2,confirm_K3_i000341,GRU,128,0.0215774479758585,0.006690565943839542,0.022969532559507132,0.02161471243043995,1.9494810216128826
2,confirm_K3_i000341,GRU,256,0.0187924856671166,0.005345271166461192,0.022157245427561867,0.025635887203059794,1.9564146175980566
2,confirm_K3_i000341,Transformer,8,0.020226260602879836,0.010504550206616779,0.0014537260434956008,0.016725587484726065,1.9419980098803835
2,confirm_K3_i000341,Transformer,32,0.015736200902312498,0.006663378882081248,0.02560533439138837,0.008687682155943273,1.943875261892875
2,confirm_K3_i000341,Transformer,128,0.028838762019416934,0.008047611791784178,0.03426117057620787,0.038255167772462524,1.968723013997078
2,confirm_K3_i000341,Transformer,256,0.014094719258384765,0.0023675920225794973,0.0174199328325123,0.015520793029485882,1.9624835091332595
2,confirm_K3_i000975,GRU,8,0.04534520200029246,0.02352256896212004,0.09474346704337762,0.018789125075396606,1.0202967015405495
2,confirm_K3_i000975,GRU,32,0.019838444606618134,0.013211935504129304,-0.006199112365108933,0.011618130866514097,0.94960875933369
2,confirm_K3_i000975,GRU,128,0.03204063497661113,0.005612382181490368,0.0162276306952414,0.012825558451975503,0.885671354830265
2,confirm_K3_i000975,GRU,256,0.059975954262905105,0.04254484303173523,0.059166456680037276,0.03710619835159012,0.9312291399886211
2,confirm_K3_i000975,Transformer,8,0.059795398387791576,0.03012556429811703,0.08941872832232484,0.04033791714803879,1.0074610399703186
2,confirm_K3_i000975,Transformer,32,0.049374711000269966,0.038895787049036214,0.038789326121943905,0.025026783148567752,0.9355877432972193
2,confirm_K3_i000975,Transformer,128,0.037620165371499,0.016746138477186655,0.014164463103351699,0.012755370984573024,0.9565172487248977
2,confirm_K3_i000975,Transformer,256,0.0389768652644984,0.030703616246414992,0.05287488591724407,0.04634635464261357,0.9402185423920552
2,confirm_K3_i001202,GRU,8,0.019677741828100333,0.003282374371155054,-0.002875594754259633,0.01437598096435475,2.004082808891932
2,confirm_K3_i001202,GRU,32,0.016205425337076935,0.007518284496807374,0.02445448094681807,0.017170148829647843,1.9835695065557957
2,confirm_K3_i001202,GRU,128,0.0352476589715795,0.01658672412156528,0.05574085468129227,0.024021249593976123,2.0051149117449922
2,confirm_K3_i001202,GRU,256,0.016288875126158935,0.005359805281312915,0.029723720293004432,0.023702757281057425,2.0098447700341544
2,confirm_K3_i001202,Transformer,8,0.015395422431617067,0.010311209588946548,0.011012905876595902,0.015794035208492332,1.9929730656246345
2,confirm_K3_i001202,Transformer,32,0.018380617582688132,0.005029670509522432,0.0109500279434116,0.01641141236689719,1.9844681409498055
2,confirm_K3_i001202,Transformer,128,0.025598139056611267,0.017043850201432856,-0.0013136674555548659,0.018917841349695905,2.0017187669873238
2,confirm_K3_i001202,Transformer,256,0.0243820890740097,0.013143254143064867,0.006804139952619033,0.008519190165937954,2.0054477006196976
2,confirm_K4_i000373,GRU,8,0.012219496737799568,0.004169464287134848,0.006113818496195433,0.01589777866627384,1.9874500582615535
2,confirm_K4_i000373,GRU,32,0.0189407166912945,0.005578447905208332,0.005248503098615,0.010758520880847154,1.9741816620031993
2,confirm_K4_i000373,GRU,128,0.024293500731314335,0.012745699466179655,0.03964156280927653,0.045555731190441595,1.9922859457631905
2,confirm_K4_i000373,GRU,256,0.025345220221383264,0.0122029103682128,0.0020122639434814,0.012013962257692896,1.9706790198882418
2,confirm_K4_i000373,Transformer,8,0.025680689946221,0.01595605667011707,0.020972799469757,0.00921765007165309,1.9741505943238733
2,confirm_K4_i000373,Transformer,32,0.030332262149822434,0.0034229423337283583,-0.0070831440789223,0.013562010121443088,1.980249288181464
2,confirm_K4_i000373,Transformer,128,0.014640722907389367,0.01083426500419801,0.0122868356205304,0.024685541941084597,1.9763447468479478
2,confirm_K4_i000373,Transformer,256,0.020857584031808,0.018966404130239787,0.030313798496850234,0.017264171443598854,1.9821691649655502
2,confirm_K4_i000448,GRU,8,0.03042023468368857,0.0053447231110249445,0.026780920683984338,0.035678637576751555,1.7798554661373298
2,confirm_K4_i000448,GRU,32,0.0484048844554287,0.01490804868997239,0.02816257870161967,0.044669937237357786,1.7749290963013966
2,confirm_K4_i000448,GRU,128,0.039495715243031936,0.035597577061771864,0.07342203205788563,0.06189767021586238,1.735953290015459
2,confirm_K4_i000448,GRU,256,0.06547667613417883,0.037669915010547866,0.019024848897898565,0.09982502689191872,1.7902544463674228
2,confirm_K4_i000448,Transformer,8,0.037853481348092466,0.004631041036558866,0.033791008054856804,0.009075966730244106,1.8076202844580014
2,confirm_K4_i000448,Transformer,32,0.0328893881326511,0.011093230068605677,-0.0130305787328438,0.017026537461868833,1.7890413577357929
2,confirm_K4_i000448,Transformer,128,0.04201135120227923,0.00979681057942747,0.0457954182819966,0.032580762080973415,1.7964033198853333
2,confirm_K4_i000448,Transformer,256,0.034437683020385766,0.03716642244836127,0.047243654687846026,0.03736789937888843,1.8070084589223068
2,confirm_K4_i000654,GRU,8,0.03420102322042697,0.019212966401182256,0.09040398713493251,0.037677252961295815,0.9251255709677935
2,confirm_K4_i000654,GRU,32,0.0503274359286802,0.006332578031945807,-0.004106313570897734,0.03699273797692285,0.8737343313793341
2,confirm_K4_i000654,GRU,128,0.07745299013754776,0.04646519254736609,0.06810805640164913,0.07296930856866266,0.8953927773982286
2,confirm_K4_i000654,GRU,256,0.0556876986255258,0.014184182829537713,0.07978375322166983,0.012424537395261163,0.862124557296435
2,confirm_K4_i000654,Transformer,8,0.04207503943674923,0.013392939297484712,0.07115953730090363,0.02077124090327058,0.8892987314611673
2,confirm_K4_i000654,Transformer,32,0.047742860046279,0.012396007978085457,0.05491064927522247,0.03422903011772997,0.8755592573434114
2,confirm_K4_i000654,Transformer,128,0.09468961761397747,0.04212038143735264,0.10175446114484377,0.09412032270262298,0.8801545221358538
2,confirm_K4_i000654,Transformer,256,0.06501578540694913,0.04906413647837036,0.0707369689300051,0.08869776025274537,0.8713490292429924
2,confirm_K4_i000909,GRU,8,0.027600877145479236,0.003221843108552464,0.02749477555374713,0.026908448154449267,1.670496627688408
2,confirm_K4_i000909,GRU,32,0.0422469858019811,0.018550924088087048,0.0122156315050563,0.04389486178562789,1.6463402658700943
2,confirm_K4_i000909,GRU,128,0.03831307742895746,0.026342482527050237,0.030740310549938737,0.01939700521831738,1.6450023489693801
2,confirm_K4_i000909,GRU,256,0.0392464372325931,0.024587464107100578,0.05191677043855597,0.05827155072879967,1.6493758782744408
2,confirm_K4_i000909,Transformer,8,0.04182963702772913,0.0019445199767265837,0.02989594370147,0.04451875615736715,1.6664057423671086
2,confirm_K4_i000909,Transformer,32,0.0385653032325378,0.019963695530215434,0.04109447429597784,0.0038161722589364886,1.6374728841086228
2,confirm_K4_i000909,Transformer,128,0.034133881921981565,0.008323723345572234,0.0282891117535076,0.049254849491885674,1.6478258060912292
2,confirm_K4_i000909,Transformer,256,0.03501891291642973,0.01549520194281172,0.028275298377080833,0.028040591222012537,1.6569767035543919
2,confirm_K5_i000202,GRU,8,0.03460239778620277,0.005953365502609092,0.0160621422634396,0.03398124980927256,1.9002578457196553
2,confirm_K5_i000202,GRU,32,0.0330083247524832,0.008410899943937183,0.03484029006022934,0.03058408895412996,1.8930263159175713
2,confirm_K5_i000202,GRU,128,0.03742366176249883,0.02156733404654869,0.04356406063893164,0.04139071477811648,1.9158415272831917
2,confirm_K5_i000202,GRU,256,0.03535720938636566,0.008485543422870119,0.031594911526230236,0.03896624707213423,1.902408815920353
2,confirm_K5_i000202,Transformer,8,0.025557642547969068,0.017903601737708157,0.023763457249191666,0.030157784455501154,1.9001453643043835
2,confirm_K5_i000202,Transformer,32,0.022834079773229866,0.010596575006225779,0.03617167652705037,0.028346309258001974,1.9015584290027618
2,confirm_K5_i000202,Transformer,128,0.04173465038446993,0.011679751702201988,0.043038161407497805,0.04447648883978258,1.9135451453427474
2,confirm_K5_i000202,Transformer,256,0.0678413699146162,0.025972160033115067,-0.0336793320272492,0.024924799890489326,1.9166263391574223
2,confirm_K5_i000312,GRU,8,0.05514585698941351,0.02914538170288253,0.09280037254386343,0.06347533306180043,1.4407976493239403
2,confirm_K5_i000312,GRU,32,0.06493391321713243,0.017354172711040814,-0.005917860862680265,0.02426685489731228,1.411243277291457
2,confirm_K5_i000312,GRU,128,0.058006328328016,0.018862198324173286,0.026474387648634065,0.021249662429864178,1.4399084076285362
2,confirm_K5_i000312,GRU,256,0.07687982507362573,0.027951405189776037,0.11097497115823819,0.05438713007582835,1.4005044661462307
2,confirm_K5_i000312,Transformer,8,0.037756752237320966,0.013003048249179777,0.0613737664649208,0.03485230843827022,1.397419565046827
2,confirm_K5_i000312,Transformer,32,0.032906909829776294,0.012940805008857671,0.0721078303485433,0.05448638295826668,1.443745316316684
2,confirm_K5_i000312,Transformer,128,0.05486020970654093,0.006818542863523671,0.09292133520338135,0.05926632746219811,1.452858168631792
2,confirm_K5_i000312,Transformer,256,0.030061076635324566,0.009197169717749113,0.13981785993072587,0.03315093683190811,1.4555196166038513
2,confirm_K5_i000834,GRU,8,0.015835572507454165,0.0058384898286896756,0.026954135349794364,0.01777597913072049,1.6023374162614346
2,confirm_K5_i000834,GRU,32,0.028301569494758566,0.010500095096918408,0.0431569551938813,0.014433952912985293,1.6197749711573124
2,confirm_K5_i000834,GRU,128,0.030724085845942103,0.013540789404015211,0.032254833530787765,0.013397215204489183,1.599766389777263
2,confirm_K5_i000834,GRU,256,0.03683406381712743,0.015501759244055618,0.0322177370899957,0.042390613145244394,1.6167568763097127
2,confirm_K5_i000834,Transformer,8,0.04371527868078429,0.022322786682393212,0.06011036391199043,0.033716232151004895,1.5932562276721
2,confirm_K5_i000834,Transformer,32,0.049532388884199564,0.023521840859829946,0.027117496779962533,0.027142514358022136,1.6023893592258294
2,confirm_K5_i000834,Transformer,128,0.020743386861389067,0.00807434335459016,0.016385275673274333,0.0066018719453243765,1.588115104784568
2,confirm_K5_i000834,Transformer,256,0.0304176329216157,0.012060959001425817,0.047840464662913605,0.02873207062126455,1.6378001670042674
2,confirm_K5_i001133,GRU,8,0.021323779810593763,0.011656241572380073,-0.004090286077193,0.002439520577382082,2.0040357609589896
2,confirm_K5_i001133,GRU,32,0.012030276426841999,0.002783716748950941,0.006954941370952467,0.013016335207468154,2.002091176807881
2,confirm_K5_i001133,GRU,128,0.0269431332032156,0.015342392448106906,0.037107768872249466,0.01552947090360787,2.010636616498232
2,confirm_K5_i001133,GRU,256,0.034623497064301505,0.024897861486042457,0.04405290953205857,0.05274227446166218,1.9994158645470936
2,confirm_K5_i001133,Transformer,8,0.013506034248220033,0.005781785977791484,0.003651244659094366,0.01570187185889383,2.0081550603111586
2,confirm_K5_i001133,Transformer,32,0.014534412963677199,0.0012224480354552604,0.009261554200319768,0.002041696384529798,2.002857841551304
2,confirm_K5_i001133,Transformer,128,0.0199602555428269,0.00978298164461295,0.04401915343490077,0.019992023468798095,2.038050235559543
2,confirm_K5_i001133,Transformer,256,0.0351345941718676,0.010583159220725781,0.0358366824377262,0.031461463952578615,2.0161634696026645
2,confirm_K6_i000105,GRU,8,0.04013451319939467,0.0024167483313292906,0.003799011007737265,0.045006112361012846,1.7093852683901787
2,confirm_K6_i000105,GRU,32,0.051752209098177605,0.028936328518674205,0.03524616330443927,0.03322169687790505,1.6941445929308732
2,confirm_K6_i000105,GRU,128,0.026015620369029466,0.01052357513085845,0.03807130674103017,0.013676356860043443,1.684392253557841
2,confirm_K6_i000105,GRU,256,0.05641521809731117,0.03142311241200068,0.033671458260010834,0.057505411631504216,1.6576201828817527
2,confirm_K6_i000105,Transformer,8,0.03969214522686333,0.019484309200511904,-0.0026394454679974674,0.02030431497064812,1.6884486315151055
2,confirm_K6_i000105,Transformer,32,0.042912747162317265,0.01578723739267483,0.010391053751897,0.04092711642827342,1.6908112354576588
2,confirm_K6_i000105,Transformer,128,0.03943467334124107,0.009200530387187168,0.013874751523923035,0.014813860452677217,1.6753985894223054
2,confirm_K6_i000105,Transformer,256,0.0313588361380018,0.002977175873834873,0.029799736734023835,0.03130416368400133,1.699885758260886
2,confirm_K6_i000708,GRU,8,0.04657290164004733,0.013664461777933144,0.12673232929549041,0.023503999414830175,0.9559704139828682
2,confirm_K6_i000708,GRU,32,0.0478162397148262,0.014970052001952687,0.013669701681946,0.033613959074016236,0.9401105791330338
2,confirm_K6_i000708,GRU,128,0.058820353026580535,0.04438869053265219,0.0002941232337695318,0.03500741091297712,0.9193154647946358
2,confirm_K6_i000708,GRU,256,0.06974778220526649,0.01378696619545058,0.052640907234364896,0.0406663272476234,0.9054252933710814
2,confirm_K6_i000708,Transformer,8,0.03618914787528794,0.013479791886856907,0.0877572395070535,0.025553255157454442,0.9513000715523958
2,confirm_K6_i000708,Transformer,32,0.036839137486857236,0.01668457607095084,0.021943020091865634,0.015172148530758356,0.9119013125697771
2,confirm_K6_i000708,Transformer,128,0.05804200430481876,0.02650320387947585,0.07372737155995189,0.052715441101257185,0.9155835378915071
2,confirm_K6_i000708,Transformer,256,0.051356680170887604,0.028796438943610222,0.0645961684648337,0.02592059330303576,0.9766755985716978
2,confirm_K6_i000997,GRU,8,0.019013409734009636,0.011101779479929864,-0.008616711650595433,0.011964462195923625,1.94282532731692
2,confirm_K6_i000997,GRU,32,0.02665530421661073,0.019492716007464123,0.0012805179215417666,0.006483987379893329,1.926505060245593
2,confirm_K6_i000997,GRU,128,0.028642162367651297,0.0103551466377749,0.00021821662355919988,0.00918393169040617,1.9460972808301449
2,confirm_K6_i000997,GRU,256,0.026970505998998234,0.019234024021520763,-0.0006443544768347,0.006198502048300309,1.9461383086939652
2,confirm_K6_i000997,Transformer,8,0.02287208564487413,0.009746608979356874,0.026202610677177263,0.021386266993724267,1.9584059653182824
2,confirm_K6_i000997,Transformer,32,0.0278052416780602,0.005164908580800084,0.0036204894837683667,0.026553796725392792,1.9343977980315683
2,confirm_K6_i000997,Transformer,128,0.023335981125603266,0.016844860441721662,0.023347712105209303,0.04697229115709471,1.952818705389897
2,confirm_K6_i000997,Transformer,256,0.015817028221819435,0.004531677409764123,0.023891393389001064,0.014634697647295906,1.956189318249623
2,confirm_K6_i001189,GRU,8,0.0197766257574592,0.004638646024583815,0.0570421294214529,0.023939124727249586,1.9019214784105618
2,confirm_K6_i001189,GRU,32,0.04279046763083324,0.025309627481335167,-0.004098378038187534,0.02052655505292989,1.860343663642804
2,confirm_K6_i001189,GRU,128,0.05273161563684494,0.02609933643943999,0.06548520931027356,0.06108674750446855,1.8629860716561477
2,confirm_K6_i001189,GRU,256,0.016232259841018132,0.008117261082839698,0.02170066047134023,0.02341558486457294,1.8830834043522675
2,confirm_K6_i001189,Transformer,8,0.0268972476597593,0.014569552127191824,0.06521532196225743,0.011646932860609435,1.9056299974521
2,confirm_K6_i001189,Transformer,32,0.03567468183709483,0.01431240044376794,0.0346707777025503,0.04060025678145666,1.8626431326071418
2,confirm_K6_i001189,Transformer,128,0.0365362594022379,0.018556940371905813,0.058751610501826035,0.012766876140336773,1.8962309795121353
2,confirm_K6_i001189,Transformer,256,0.04123007761929313,0.03132808893184211,0.07131365198316196,0.059068608607576345,1.899395643423001
