hmm_id,source,generator_family,K,accepted_index,attempt_index,gen_seed,candidate_hmm_file,base_self_probability,transition_logit_scale,emission_logit_scale,state_location_scale,vocab_size,min_stationary_prob,min_symbol_prob,bayes_ce_h1,bayes_ce_h2,bayes_ce_h3,bayes_ce_h4,bayes_gap_1_to_H,context_gain_area,pred_h4_m1_sv1,pred_h4_m1_sv2,pred_h4_m1_signal,pred_h4_m1_effective_rank,pred_h4_m1_numerical_rank,pred_h4_m1_r90,pred_h4_m1_sigma90,pred_h4_m1_kappa90,pred_h4_m1_r95,pred_h4_m1_sigma95,pred_h4_m1_kappa95,pred_h4_m1_r99,pred_h4_m1_sigma99,pred_h4_m1_kappa99,pred_h4_m2_sv1,pred_h4_m2_sv2,pred_h4_m2_signal,pred_h4_m2_effective_rank,pred_h4_m2_numerical_rank,pred_h4_m2_r90,pred_h4_m2_sigma90,pred_h4_m2_kappa90,pred_h4_m2_r95,pred_h4_m2_sigma95,pred_h4_m2_kappa95,pred_h4_m2_r99,pred_h4_m2_sigma99,pred_h4_m2_kappa99,pred_h4_m3_sv1,pred_h4_m3_sv2,pred_h4_m3_signal,pred_h4_m3_effective_rank,pred_h4_m3_numerical_rank,pred_h4_m3_r90,pred_h4_m3_sigma90,pred_h4_m3_kappa90,pred_h4_m3_r95,pred_h4_m3_sigma95,pred_h4_m3_kappa95,pred_h4_m3_r99,pred_h4_m3_sigma99,pred_h4_m3_kappa99,lambda2_abs,tau_hidden,tau_observed_proxy,symbol_entropy,symbol_entropy_normalized,max_symbol_prob,min_symbol_prob_recomputed,marginal_l2_from_uniform,symbol_prob_0,symbol_prob_1,symbol_prob_2,symbol_prob_3,symbol_prob_4,symbol_prob_5,symbol_prob_6,symbol_prob_7,mean_transition_self_probability,stationary_transition_entropy,transition_density_gt_0p01,stationary_emission_entropy,mean_state_max_emission_probability,emission_density_gt_0p01,pred_h4_m1_sv3,pred_h4_m2_sv3,pred_h4_m3_sv3,pred_h4_m1_sv4,pred_h4_m2_sv4,pred_h4_m3_sv4,pred_h4_m1_sv5,pred_h4_m2_sv5,pred_h4_m3_sv5,base_ring_probability,support_size,preferred_emission_mass,residual_floor_mix,log_K,log_gain,rank_value,log_rank,neg_log_sigma,log_tau,log_min_symbol_prob,log_signal,selection_cluster,selection_protocol,selection_order
external_ring_sparse_specialized_K3_i0051,external_generator_bank,ring_sparse_specialized,3,51,51,2046423261,project://predictive_profile_external_generator32_v1/candidate_bank/hmms/external_ring_sparse_specialized_K3_i0051.npz,0.3260412812150417,,,,8,0.3213320948509654,0.013275680583374,1.6808326076070168,1.6740531270529966,1.673577450018055,1.673551134679004,0.0072814729280128,0.0078097806410564,0.4130575662062277,0.3822356935624976,0.3167206784334157,1.9940130812606172,2,2,0.3822356935624976,1.0806357782981106,2,0.3822356935624976,1.0806357782981106,2,0.3822356935624976,1.0806357782981106,0.4194186734540957,0.3900134391263547,0.3280225063411601,1.9947372519914133,2,2,0.3900134391263547,1.0753954386638829,2,0.3900134391263547,1.0753954386638829,2,0.3900134391263547,1.0753954386638829,0.4198830479994934,0.3906384051758582,0.3289001375956829,1.9948083448046416,2,2,0.3906384051758582,1.0748637165116162,2,0.3906384051758582,1.0748637165116162,2,0.3906384051758582,1.0748637165116162,0.5092249732163067,2.037593490755888,3.0709088950789742,1.8445996494444103,0.8870649222263238,0.2461328798149492,0.013275680583374,0.2220506694449736,0.1085392446021318,0.2461328798149492,0.013275680583374,0.1551908830230258,0.0772859626799759,0.0224457761260776,0.1954055984741705,0.1817239746962948,0.3124884209171045,0.7997890708583447,1.0,1.077751572364279,0.5863498617071897,0.9166666666666666,,,,,,,,,,0.725030394837592,2.0,0.8932717861937856,0.427446662105144,1.0986122886681098,-4.852378402457584,2.0,0.6931471805599453,0.9415740811538076,1.1219735748118531,-4.321821445117523,-1.1146730560582438,0,external_generator_profile_stratified_v1,0
external_ring_sparse_specialized_K3_i0049,external_generator_bank,ring_sparse_specialized,3,49,49,2046421243,project://predictive_profile_external_generator32_v1/candidate_bank/hmms/external_ring_sparse_specialized_K3_i0049.npz,0.1465482821033192,,,,8,0.3131394525375147,0.023557338798777,1.8996798065333929,1.898503656116597,1.8984416010586465,1.8984383300113947,0.0012414765219981,0.0013100736744524,0.1812431505920298,0.1447804504372134,0.0538104584653276,1.9513907423447356,2,2,0.1447804504372134,1.2518482298176654,2,0.1447804504372134,1.2518482298176654,2,0.1447804504372134,1.2518482298176654,0.1860441886972282,0.1466099648669328,0.0561069219462931,1.945581051005751,2,2,0.1466099648669328,1.268973694019277,2,0.1466099648669328,1.268973694019277,2,0.1466099648669328,1.268973694019277,0.1863086753670504,0.1466870971730444,0.0562280269940791,1.9451884699949955,2,2,0.1466870971730444,1.2701094980921537,2,0.1466870971730444,1.2701094980921537,2,0.1466870971730444,1.2701094980921537,0.2952571538446254,1.4189572912380155,1.8641310774424291,1.927602259291324,0.9269807400953184,0.2095271350978169,0.023557338798777,0.1820706585991796,0.1131637299934371,0.2081002221688435,0.0445703113548851,0.1699360332732262,0.1144330225327896,0.023557338798777,0.2095271350978169,0.1167122067802246,0.1377377218647646,0.9914017375065384,1.0,1.3880937655641818,0.4871725678784556,1.0,,,,,,,,,,0.4829806239303102,3.0,0.8736017457311489,0.2525965984377253,1.0986122886681098,-6.637671903310442,2.0,0.6931471805599453,1.9199795186682191,0.6227950343073526,-3.748317880790061,-2.880496088212967,1,external_generator_profile_stratified_v1,1
external_ring_sparse_specialized_K3_i0190,external_generator_bank,ring_sparse_specialized,3,190,190,2046563512,project://predictive_profile_external_generator32_v1/candidate_bank/hmms/external_ring_sparse_specialized_K3_i0190.npz,0.0776785802714067,,,,8,0.3103678867615416,0.0290321662850808,1.8524700882690677,1.845670538753607,1.8441064929744488,1.8437801726280707,0.0086899156409967,0.0109066021129111,0.2717062516084444,0.1817186895871604,0.1068459693083861,1.8558549572084737,2,2,0.1817186895871604,1.4952025695635556,2,0.1817186895871604,1.4952025695635556,2,0.1817186895871604,1.4952025695635556,0.2835640675647454,0.21081244791347,0.124850468609133,1.917570064286772,2,2,0.21081244791347,1.3451011568403066,2,0.21081244791347,1.3451011568403066,2,0.21081244791347,1.3451011568403066,0.2871041590442055,0.2153340537685243,0.1287975528528662,1.922113768133816,2,2,0.2153340537685243,1.3332965874168292,2,0.2153340537685243,1.3332965874168292,2,0.2153340537685243,1.3332965874168292,0.5386147919357948,2.1673863455562765,3.059335899456723,1.8984210798272607,0.91294755912862,0.2352853627409907,0.0290321662850808,0.2049593580718503,0.1889034895679363,0.2352853627409907,0.203267420854189,0.0406651393179804,0.0704667038931281,0.0290321662850808,0.1065794299280836,0.1258002874126107,0.0626409846910422,0.7840081473925613,1.0,1.4894932747038667,0.442876340901546,1.0,,,,,,,,,,0.6956002174113957,3.0,0.8408912613253389,0.2788764388286896,1.0986122886681098,-4.51838697467608,2.0,0.6931471805599453,1.556786413235448,1.118197866089337,-3.5393508814396304,-2.080638508886282,2,external_generator_profile_stratified_v1,2
external_ring_sparse_specialized_K3_i0103,external_generator_bank,ring_sparse_specialized,3,103,103,2046475729,project://predictive_profile_external_generator32_v1/candidate_bank/hmms/external_ring_sparse_specialized_K3_i0103.npz,0.3107400199324038,,,,8,0.3239213745886858,0.0138304324721707,1.7504998634271156,1.748644967328905,1.74860057511217,1.74859840787218,0.0019014555549357,0.001950182251651,0.2139895959734148,0.1726891993103045,0.0756131067432994,1.9555553298596395,2,2,0.1726891993103045,1.239160276543398,2,0.1726891993103045,1.239160276543398,2,0.1726891993103045,1.239160276543398,0.2153187329815421,0.18239596711931,0.0796304455941651,1.97302223139812,2,2,0.18239596711931,1.180501610765859,2,0.18239596711931,1.180501610765859,2,0.18239596711931,1.180501610765859,0.2154121069402501,0.1825434721303453,0.0797244950338399,1.973141506417504,2,2,0.1825434721303453,1.1800592178198237,2,0.1825434721303453,1.1800592178198237,2,0.1825434721303453,1.1800592178198237,0.3392850866203193,1.5135120757072251,2.029950422408736,1.7862964098000953,0.8590269906587857,0.3254882172586716,0.0138304324721707,0.2758530441462289,0.0598713778773849,0.087128635432048,0.2221973582352666,0.3254882172586716,0.0138304324721707,0.0421516301927305,0.1525348356989946,0.0967975128327328,0.3048816173730698,0.9793652520709868,1.0,1.2154669768227997,0.5812829779236354,1.0,,,,,,,,,,0.5629232543393673,3.0,0.9000129409323133,0.4332626398650407,1.0986122886681098,-6.23983244838869,2.0,0.6931471805599453,1.7015753116778396,0.7080113702967121,-4.28088386321082,-2.5303587769207656,3,external_generator_profile_stratified_v1,3
external_ring_sparse_specialized_K4_i0248,external_generator_bank,ring_sparse_specialized,4,248,248,2046722034,project://predictive_profile_external_generator32_v1/candidate_bank/hmms/external_ring_sparse_specialized_K4_i0248.npz,0.3093787863102205,,,,8,0.2396251494851647,0.0519909137287253,1.936426459302088,1.93273297100622,1.9324811089648184,1.9324631517951685,0.0039633075069194,0.004251083887621,0.273687586268549,0.2054440602178606,0.1299009947894866,2.48671215028982,3,2,0.2054440602178606,1.33217570748125,3,0.113087744840819,2.4201347958064634,3,0.113087744840819,2.4201347958064634,0.2807140143371449,0.2133252840576859,0.1373441093662534,2.4800075747956067,3,2,0.2133252840576859,1.3158965922728418,3,0.1141756309493681,2.4586158359976937,3,0.1141756309493681,2.4586158359976937,0.2811392448232411,0.2139320065943026,0.1378555189333614,2.479749780070568,3,2,0.2139320065943026,1.3141523295127562,3,0.1142337100339229,2.461088278930569,3,0.1142337100339229,2.461088278930569,0.4216500563540709,1.7290569679941192,2.213413094699072,1.9970153215210176,0.960361366979217,0.1950400019035553,0.0519909137287253,0.1407558555514923,0.0872183207211116,0.1734727335039575,0.0519909137287253,0.0749668623006861,0.1303592576852347,0.179423575317032,0.1075283348396973,0.1950400019035553,0.3093753300970863,1.172779384473205,1.0,1.295881095036127,0.5751756633439846,1.0,0.113087744840819,0.1141756309493681,0.1142337100339229,,,,,,,0.4624193343232272,2.0,0.7824118724101105,0.2610729925321096,1.3862943611198906,-5.460581296179612,3.0,1.0986122886681098,2.1700173937659044,0.7945357109325532,-2.9566863116548725,-1.985265755119909,0,external_generator_profile_stratified_v1,4
external_ring_sparse_specialized_K4_i0048,external_generator_bank,ring_sparse_specialized,4,48,48,2046520234,project://predictive_profile_external_generator32_v1/candidate_bank/hmms/external_ring_sparse_specialized_K4_i0048.npz,0.1322927991222884,,,,8,0.2240800945476468,0.0637912599510815,1.9059355149191155,1.8920716869826677,1.8901153949110272,1.8898685550068008,0.0160669599123146,0.0185169317924074,0.3788226438702275,0.3189465527349164,0.3193730628112653,2.894729390743585,3,3,0.2722858127059674,1.3912683885564971,3,0.2722858127059674,1.3912683885564971,3,0.2722858127059674,1.3912683885564971,0.3959657205494822,0.3375204401862212,0.3539147901751766,2.9035190046853185,3,3,0.2884543131613834,1.372715547948658,3,0.2884543131613834,1.372715547948658,3,0.2884543131613834,1.372715547948658,0.3983061751495598,0.3401640436855674,0.3591386674783434,2.9055609511399494,3,3,0.2911688199302167,1.367956140513329,3,0.2911688199302167,1.367956140513329,3,0.2911688199302167,1.367956140513329,0.5966788930367586,2.4794140022310804,3.8672076378101448,2.030586716046221,0.9765057951116298,0.1875223337436228,0.0637912599510815,0.1096550250714325,0.1623120670115294,0.0937733317750272,0.1089362846289316,0.1615640600468179,0.1875223337436228,0.0637912599510815,0.1081162770886812,0.1139843857543081,0.1168530647873992,0.9333799016243216,1.0,1.3829406617388669,0.5045873776328214,1.0,0.2722858127059674,0.2884543131613834,0.2911688199302167,,,,,,,0.6989801525299386,2.0,0.7860377942211031,0.3792259108973508,1.3862943611198906,-3.989069733445289,3.0,1.0986122886681098,1.2432185655001204,1.352532705988441,-2.7521390893779243,-1.038699100542474,1,external_generator_profile_stratified_v1,5
external_ring_sparse_specialized_K4_i0053,external_generator_bank,ring_sparse_specialized,4,53,53,2046525279,project://predictive_profile_external_generator32_v1/candidate_bank/hmms/external_ring_sparse_specialized_K4_i0053.npz,0.115906863991655,,,,8,0.2195417534999967,0.0427923968598584,1.924719452373715,1.9188293987174232,1.9181574073837444,1.9180742879977823,0.0066451643759324,0.0074833944815349,0.2565018777880797,0.1966261879551418,0.1074140288531194,2.1532533597159413,3,2,0.1966261879551418,1.3045153367190228,2,0.1966261879551418,1.3045153367190228,3,0.0543963027653325,4.715428526358446,0.2723603388259779,0.2065858394745993,0.121220304988206,2.198362332120623,3,2,0.2065858394745993,1.3183882279572503,2,0.2065858394745993,1.3183882279572503,3,0.0660487831180835,4.123623872661605,0.2738495487313038,0.2079931158347881,0.1228189855995919,2.205852103727397,3,2,0.2079931158347881,1.3166279452673155,2,0.2079931158347881,1.3166279452673155,3,0.0675594110734366,4.053462639477881,0.5037019461654925,2.0149182376875765,2.8951629528169374,1.970757827455258,0.9477341814876028,0.2335162382406358,0.0427923968598584,0.1651404789815223,0.1870031569542333,0.1016760736420254,0.1185592069484518,0.2335162382406358,0.0779816735096835,0.1510982537306427,0.0427923968598584,0.0873730001144687,0.1006496293069595,1.0830973353552555,1.0,1.4916049813513206,0.4636081092604028,1.0,0.0543963027653325,0.0660487831180835,0.0675594110734366,,,,,,,0.5751649663625675,3.0,0.829323388899112,0.3727675221075072,1.3862943611198906,-4.895068782243488,2.0,0.6931471805599453,1.5770392654268488,1.0630413971151111,-3.151394835636105,-2.1101456864730026,2,external_generator_profile_stratified_v1,6
external_ring_sparse_specialized_K4_i0003,external_generator_bank,ring_sparse_specialized,4,3,3,2046474829,project://predictive_profile_external_generator32_v1/candidate_bank/hmms/external_ring_sparse_specialized_K4_i0003.npz,0.208927046595191,,,,8,0.2326926534531317,0.041356537192779,1.776619763108482,1.746676269086071,1.740045744408605,1.7387065443265484,0.0379132187819337,0.0472221436235131,0.4630148801586229,0.432963295358164,0.4938094022074236,2.83759189479046,3,3,0.3032645838730907,1.5267687187383017,3,0.3032645838730907,1.5267687187383017,3,0.3032645838730907,1.5267687187383017,0.4942827056146835,0.4669860141252075,0.5621145087884151,2.81874501786942,3,3,0.3157897691979502,1.565227103050468,3,0.3157897691979502,1.565227103050468,3,0.3157897691979502,1.565227103050468,0.5021014018676261,0.4738503227176642,0.5777679415439554,2.812909809882704,3,3,0.3180062820871399,1.578904034763818,3,0.3180062820871399,1.578904034763818,3,0.3180062820871399,1.578904034763818,0.6951263125505487,3.2800469216150443,4.882275895337337,1.9725962148304383,0.9486182589374048,0.1896875994639318,0.041356537192779,0.1565983029584969,0.0584428730919132,0.109654412490218,0.1896875994639318,0.1857295516721429,0.1846473942445214,0.1401466632499813,0.041356537192779,0.0903349685945121,0.2422395990974996,0.788359301955493,0.9375,1.213371341641029,0.6229080813524961,1.0,0.3032645838730907,0.3157897691979502,0.3180062820871399,,,,,,,0.7169957928899158,2.0,0.8054091527838307,0.191327258552935,1.3862943611198906,-3.052892351838575,3.0,1.0986122886681098,1.1526785741453145,1.5856114831427932,-3.1855247758658205,-0.5760496975505717,3,external_generator_profile_stratified_v1,7
external_ring_sparse_specialized_K5_i0201,external_generator_bank,ring_sparse_specialized,5,201,201,2046774611,project://predictive_profile_external_generator32_v1/candidate_bank/hmms/external_ring_sparse_specialized_K5_i0201.npz,0.2052425827237383,,,,8,0.1927208924331446,0.0496901184153549,1.6970275909220387,1.6455203462521273,1.63643591933534,1.6348199469170996,0.062207644004939,0.074524015758207,0.5553254685121907,0.5170835792371198,0.7115186900331215,3.035915650298175,4,3,0.3484777842322616,1.5935749526634513,3,0.3484777842322616,1.5935749526634513,4,0.1196667039520186,4.640601355034004,0.5890335668913257,0.5417381007248478,0.8428947980925939,3.4208775253385904,4,3,0.3644445466781276,1.6162501874710504,4,0.2638830380821866,2.2321766915078136,4,0.2638830380821866,2.2321766915078136,0.5979540141928873,0.5468453313405356,0.8663107893704358,3.4303735446365384,4,3,0.3689752086527755,1.6205804622380269,4,0.2712549820219877,2.204398274035821,4,0.2712549820219877,2.204398274035821,0.7522517064449314,4.036354743964054,5.760430513219232,1.9583390037052175,0.9417619896749836,0.2710654332001639,0.0496901184153549,0.1822517759267139,0.1493838397655255,0.1079570383075457,0.094606736539908,0.0496901184153549,0.2710654332001639,0.0660011473420031,0.1099648156490898,0.1513308707804089,0.2043999467810221,0.8396228781344939,0.8,1.0631429335382554,0.6201982284747829,1.0,0.3484777842322616,0.3644445466781276,0.3689752086527755,0.1196667039520186,0.2638830380821866,0.2712549820219877,,,,0.7054409175072347,2.0,0.8873494367879057,0.5146607456720967,1.6094379124341005,-2.596633846372613,4.0,1.3862943611198906,1.3322493115734355,1.7510122137931037,-3.00194919028854,-0.1709131234384915,0,external_generator_profile_stratified_v1,8
external_ring_sparse_specialized_K5_i0063,external_generator_bank,ring_sparse_specialized,5,63,63,2046635369,project://predictive_profile_external_generator32_v1/candidate_bank/hmms/external_ring_sparse_specialized_K5_i0063.npz,0.2745748799594782,,,,8,0.1750062136741892,0.0608412651772317,1.9046889708991428,1.8968538732063325,1.8961146686993104,1.896040835162734,0.0086481357364087,0.0095350073165834,0.2985177784953854,0.2477583368929504,0.1627173104056595,2.512446119948973,4,2,0.2477583368929504,1.2048748076007902,3,0.1029853301014469,2.898643701984805,3,0.1029853301014469,2.898643701984805,0.3089001673729151,0.2599444093141665,0.1801779204354845,2.659364039031843,4,2,0.2599444093141665,1.1883316444000955,3,0.1162520387892905,2.6571591396586496,4,0.0606050705478665,5.096936024997155,0.3104304202772943,0.260782454704163,0.1818010529177276,2.661734818513127,4,2,0.260782454704163,1.1903807740035768,3,0.1169456995459761,2.6544834182230987,4,0.0612390542085976,5.0691576525640025,0.5081340734413241,2.033074352184685,2.5944944781788126,1.976233349457324,0.9503673509671556,0.2479371454463775,0.0608412651772317,0.1653767335273978,0.0608412651772317,0.0808505080517325,0.2479371454463775,0.1179339802261557,0.1730383867221612,0.0633998305008117,0.1276739055936339,0.1283249782818953,0.2951109792439418,1.272150364007188,0.96,1.288736427353525,0.575928048426823,1.0,0.1029853301014469,0.1162520387892905,0.1169456995459761,0.0401780364350331,0.0606050705478665,0.0612390542085976,,,,0.4732539850999023,2.0,0.8077905371376526,0.318080947089467,1.6094379124341005,-4.652785272590415,3.0,1.0986122886681098,2.151994696696069,0.953391691543883,-2.799487016652236,-1.7138104694200502,1,external_generator_profile_stratified_v1,9
external_ring_sparse_specialized_K5_i0011,external_generator_bank,ring_sparse_specialized,5,11,11,2046582901,project://predictive_profile_external_generator32_v1/candidate_bank/hmms/external_ring_sparse_specialized_K5_i0011.npz,0.0824905695512678,,,,8,0.1926479679873927,0.0552376319365429,1.9037166233693608,1.876365384036752,1.8692971537643976,1.867515290578292,0.0362013327910695,0.0468332894356358,0.3716908502963356,0.2885703103965794,0.2516053252992491,2.751580603562456,4,3,0.1537647321690987,2.4172698449965644,3,0.1537647321690987,2.4172698449965644,4,0.0808382347891351,4.597958518835592,0.3987210506817919,0.3347050882867909,0.3425615767044604,3.282766934967709,4,3,0.2087492050550385,1.910048235041976,4,0.1672703611267977,2.3836921735318386,4,0.1672703611267977,2.3836921735318386,0.409711499348803,0.3411746509679463,0.3654024227200624,3.3362345922033327,4,3,0.2216495999965623,1.848464871378777,4,0.1789140083383135,2.289991170361954,4,0.1789140083383135,2.289991170361954,0.6957320872420478,3.286577250081276,4.8386343179404765,1.988516077102114,0.956274094387732,0.218441370179937,0.0552376319365429,0.1504293937583623,0.218441370179937,0.0852555826867903,0.0552376319365429,0.0752105689600279,0.1450557265339249,0.0898055851094681,0.1604241265897225,0.1705694080035861,0.0745229314543463,0.9117467692185176,0.96,1.4494841842489563,0.4048328370682189,1.0,0.1537647321690987,0.2087492050550385,0.2216495999965623,0.0808382347891351,0.1672703611267977,0.1789140083383135,,,,0.7102161769352506,3.0,0.8870256123491762,0.2437196428120359,1.6094379124341005,-3.0611610161942706,4.0,1.3862943611198906,1.7881438467151465,1.5766325151975271,-2.896110819996011,-1.071303851440998,2,external_generator_profile_stratified_v1,10
external_ring_sparse_specialized_K5_i0153,external_generator_bank,ring_sparse_specialized,5,153,153,2046726179,project://predictive_profile_external_generator32_v1/candidate_bank/hmms/external_ring_sparse_specialized_K5_i0153.npz,0.224681716278929,,,,8,0.1715397660161901,0.0304245927814099,1.8469708231925288,1.8332069055682243,1.8312015811618825,1.8309225811417948,0.0160482420507337,0.0186115664972508,0.3760678265255195,0.2840017965519177,0.2371106178669625,2.3978934940520835,4,2,0.2840017965519177,1.3241741111900729,3,0.1142009844562239,3.2930348920912813,3,0.1142009844562239,3.2930348920912813,0.392528134575604,0.3095735157848244,0.269313793251565,2.487341473327238,4,2,0.3095735157848244,1.2679641977139895,3,0.1256930813434109,3.1229096333724424,4,0.0600078698604054,6.541277593901111,0.394709493513203,0.3132693754439165,0.274033682812979,2.4990782157574887,4,2,0.3132693754439165,1.2599683354106423,3,0.1277238414801093,3.0903352807053803,4,0.061538746087909,6.413999611713807,0.5808087336454802,2.3855458838550248,3.476027276077577,1.9490070170415752,0.9372742527145574,0.2313622654370164,0.0304245927814099,0.1733844120551627,0.1437140781877104,0.0304245927814099,0.0709697423466946,0.2313622654370164,0.06769757620025,0.1679249566314737,0.1625362860794547,0.1253705023359901,0.2303549602359496,1.16193016461829,0.92,1.2841347955426092,0.5262149453564737,0.975,0.1142009844562239,0.1256930813434109,0.1277238414801093,0.0445502236116348,0.0600078698604054,0.061538746087909,,,,0.5624876860249608,3.0,0.9202286334855236,0.4884180332113278,1.6094379124341005,-3.983972036843585,3.0,1.0986122886681098,2.073912205923732,1.245890054345194,-3.4925040245396137,-1.3118780615695618,3,external_generator_profile_stratified_v1,11
external_ring_sparse_specialized_K6_i0099,external_generator_bank,ring_sparse_specialized,6,99,99,2046771693,project://predictive_profile_external_generator32_v1/candidate_bank/hmms/external_ring_sparse_specialized_K6_i0099.npz,0.1663236154762415,,,,8,0.1423582403171787,0.039332419389782,1.8695827637843112,1.8569689708799968,1.850875116847648,1.848886620831099,0.0206961429532122,0.0307669890186588,0.407937097883605,0.2040344477329916,0.2477509574395044,2.5243627983379686,5,3,0.1869291844051336,2.1823082317605285,3,0.1869291844051336,2.1823082317605285,4,0.0650695627891927,6.269246025291544,0.4243175129520637,0.2232334916051014,0.2997812867110377,3.101582460553826,5,3,0.21610052213247,1.9635191473158784,4,0.1354312854614706,3.133083404667081,5,0.0697257082526626,6.085524601836662,0.4276478729918817,0.2414945043256827,0.3200550852044672,3.3073798384539788,5,3,0.2205651888748405,1.9388729253851116,4,0.1462036871298245,2.9250142823836107,5,0.0939588507631377,4.551437884973131,0.6392957960126237,2.7723547132125947,3.008936989346306,1.962960939711112,0.9439846710599872,0.2646765830740644,0.039332419389782,0.1750809639636499,0.2646765830740644,0.1382295726749386,0.1330376708956813,0.039332419389782,0.0727131395970046,0.0969602823813185,0.12350387842184,0.1315464535653703,0.1877123485160735,1.162151391428015,0.9722222222222222,1.2686828333124542,0.4470858108156659,0.6666666666666666,0.1869291844051336,0.21610052213247,0.2205651888748405,0.0650695627891927,0.1354312854614706,0.1462036871298245,0.0230577050929711,0.0697257082526626,0.0939588507631377,0.6104003220029343,3.0,0.943950049418363,0.1552700713786768,1.791759469228055,-3.4813129488834726,4.0,1.3862943611198906,1.9992908856559184,1.101586856699604,-3.2357061793075377,-1.2047021145045045,0,external_generator_profile_stratified_v1,12
external_ring_sparse_specialized_K6_i0034,external_generator_bank,ring_sparse_specialized,6,34,34,2046706108,project://predictive_profile_external_generator32_v1/candidate_bank/hmms/external_ring_sparse_specialized_K6_i0034.npz,0.0808210700861226,,,,8,0.1611451776444961,0.0650899930632414,1.9119930393007756,1.895138204548376,1.88448289164453,1.8819822725465605,0.0300107667542151,0.0456673178540008,0.3671947834174295,0.309903537984895,0.3182860519741261,3.2727032700333787,5,3,0.2805462801650955,1.3088563612440105,3,0.2805462801650955,1.3088563612440105,4,0.0791065193116471,4.641776513650326,0.3837796340886773,0.3337032972465945,0.3993396781854348,3.9533071489901546,5,4,0.1987158880554621,1.9312981857875569,4,0.1987158880554621,1.9312981857875569,5,0.0929141719893315,4.130474672181796,0.3884363039954953,0.3386800211569477,0.4412185811758136,4.311022708334538,5,4,0.2116351598633196,1.835405346854271,5,0.1646629414803447,2.358978289245863,5,0.1646629414803447,2.358978289245863,0.6908929406877734,3.2351250800451887,4.06696610850221,2.020768926812197,0.9717844364981566,0.1896568512649366,0.0650899930632414,0.1194709931518528,0.0650899930632414,0.129057334768138,0.1293640942980501,0.1161946698180099,0.0692282266279842,0.1896568512649366,0.1194103651685046,0.1819984649911349,0.0784606832865745,0.9619538386002976,0.8611111111111112,1.4045362847678942,0.4912793223448905,1.0,0.2805462801650955,0.3042596465665678,0.3220688389085943,0.0791065193116471,0.1987158880554621,0.2116351598633196,0.0494952870233269,0.0929141719893315,0.1646629414803447,0.7202429265972252,2.0,0.7812438587809161,0.3439648627006219,1.791759469228055,-3.086372382347129,4.0,1.3862943611198906,1.6158791726035735,1.4028972935985558,-2.731984457969648,-0.9179429004898022,1,external_generator_profile_stratified_v1,13
external_ring_sparse_specialized_K6_i0232,external_generator_bank,ring_sparse_specialized,6,232,232,2046905890,project://predictive_profile_external_generator32_v1/candidate_bank/hmms/external_ring_sparse_specialized_K6_i0232.npz,0.0631395214726907,,,,8,0.143952482098694,0.0709132053797867,1.9355481854107823,1.9288054629015243,1.9271563099342488,1.9268873732905003,0.008660812120282,0.0108478383750545,0.262725413442831,0.1775343556558765,0.1207006001011841,2.920278584608615,5,3,0.1273003833790803,2.063822641134367,3,0.1273003833790803,2.063822641134367,4,0.0527068562783494,4.9846534586573625,0.2711347633486407,0.1939061685176557,0.1412262254075146,3.30709626253092,5,3,0.1426370089914437,1.9008724682729785,4,0.0847078804179743,3.200821009931775,5,0.0509099399259388,5.3257726043887255,0.2738195780659898,0.1962084938187474,0.1457898582939196,3.363976879897124,5,3,0.1467534976779455,1.865847031918068,4,0.0875446373446018,3.127771001987868,5,0.0558056565820421,4.906663496798692,0.513167328680719,2.0540938579370054,2.7029536546808117,1.9840773731052253,0.95413952897297,0.2522593687694486,0.0709132053797867,0.1628482950587308,0.2522593687694486,0.1188045213672087,0.1316990845241982,0.0851907006458311,0.0953009583501087,0.0709132053797867,0.1721120070996049,0.0737201538638127,0.0770969267736706,1.2763378777678218,1.0,1.4563624450629868,0.4437625087813266,1.0,0.1273003833790803,0.1426370089914437,0.1467534976779455,0.0527068562783494,0.0847078804179743,0.0875446373446018,0.0342652810746235,0.0509099399259388,0.0558056565820421,0.5684816489878416,3.0,0.863222726541363,0.3933349291983202,1.791759469228055,-4.523789446949796,4.0,1.3862943611198906,2.4685466424787528,0.9943451212652654,-2.6462986091934955,-1.957392238821275,2,external_generator_profile_stratified_v1,14
external_ring_sparse_specialized_K6_i0135,external_generator_bank,ring_sparse_specialized,6,135,135,2046808017,project://predictive_profile_external_generator32_v1/candidate_bank/hmms/external_ring_sparse_specialized_K6_i0135.npz,0.1930946931119044,,,,8,0.1611430254732076,0.0414190184361802,1.7931701565689817,1.7705815883320202,1.7529290433101945,1.7461858814406452,0.0469842751283364,0.0781231438892606,0.4989113472738778,0.3844154374743808,0.5556090813340825,3.6086742804558223,5,3,0.3431366196295937,1.453972903890114,4,0.1578942526872228,3.1597815549511195,5,0.127467586328234,3.914025217274936,0.5147532079087952,0.4154907707137494,0.6845902235951393,4.196161683422826,5,4,0.2948020313377512,1.7460979002517407,4,0.2948020313377512,1.7460979002517407,5,0.1797001723765008,2.864511486557197,0.5191460095100283,0.4375979975033497,0.7599027809742256,4.483517737538073,5,4,0.3125461842456362,1.6610217487154513,5,0.2618318092373342,1.9827461415868493,5,0.2618318092373342,1.9827461415868493,0.758273686132149,4.136909978889134,4.473263288588761,1.9900301089470671,0.9570021897992192,0.1711851199435644,0.0414190184361802,0.1360020885133689,0.0474675444029586,0.1360700008300283,0.1711851199435644,0.1395145371110449,0.169591333315145,0.1520370278048871,0.1427154181561911,0.0414190184361802,0.1977792890115875,0.9382302541878478,0.8888888888888888,1.13378771741709,0.6175621905326275,1.0,0.3431366196295937,0.3574722204052086,0.3642213348365173,0.1578942526872228,0.2948020313377512,0.3125461842456362,0.127467586328234,0.1797001723765008,0.2618318092373342,0.7113886208842701,2.0,0.8660677708769461,0.3461145198167862,1.791759469228055,-2.5494689294252657,4.0,1.3862943611198906,1.2214512281284458,1.498118184464181,-3.184015121118282,-0.3789348334508595,3,external_generator_profile_stratified_v1,15
external_sticky_dense_logistic_normal_K3_i0059,external_generator_bank,sticky_dense_logistic_normal,3,59,59,2036431333,project://predictive_profile_external_generator32_v1/candidate_bank/hmms/external_sticky_dense_logistic_normal_K3_i0059.npz,0.7655501227415104,0.4595877901317026,0.4078812407787593,0.1700140814457395,8,0.2425912773486643,0.0438423994761251,1.907125903144902,1.9059036790354729,1.9054080415136232,1.905197938547421,0.001927964597481,0.0028438080517352,0.0967775378062283,0.0305018185710532,0.0102962527599774,1.3544128552541594,2,1,0.0967775378062283,1.0,2,0.0305018185710532,3.17284484467008,2,0.0305018185710532,3.17284484467008,0.1142506779917785,0.0373362776151948,0.0144472150477399,1.3734136471727407,2,1,0.1142506779917785,1.0,2,0.0373362776151948,3.0600446881528858,2,0.0373362776151948,3.0600446881528858,0.1207799596575869,0.0400790742049342,0.0161941308440129,1.3816860379108606,2,1,0.1207799596575869,1.0,2,0.0400790742049342,3.0135416561772126,2,0.0400790742049342,3.0135416561772126,0.7361307575126748,3.789755829719465,5.311021889998036,1.9102753889322288,0.9186482767815876,0.2314479427439096,0.0438423994761251,0.2074358899903031,0.0766767332863447,0.0438423994761251,0.2314479427439096,0.0712945780258524,0.0935275141055624,0.2024095964902352,0.0615482359149317,0.2192529999570388,0.7827941640262398,0.6553311959511883,1.0,1.8376354326842907,0.3008256758534024,1.0,,,,,,,,,,,,,,1.0986122886681098,-5.862611261676368,2.0,0.6931471805599453,3.2877898347720893,1.669784263065742,-3.1271539052643025,-4.237253613258769,0,external_generator_profile_stratified_v1,16
external_sticky_dense_logistic_normal_K3_i0217,external_generator_bank,sticky_dense_logistic_normal,3,217,217,2036590755,project://predictive_profile_external_generator32_v1/candidate_bank/hmms/external_sticky_dense_logistic_normal_K3_i0217.npz,0.8798141896286898,1.0829298827752214,1.2191714903621091,0.4973133370037864,8,0.2211649072235419,0.0167467263427108,1.6868620535601089,1.6740167654160878,1.6671420287370076,1.6635413815220073,0.0233206720381016,0.0373967031471824,0.2528683758445805,0.1987551127546973,0.1034460103484085,1.9444424344497604,2,2,0.1987551127546973,1.2722609865974592,2,0.1987551127546973,1.2722609865974592,2,0.1987551127546973,1.2722609865974592,0.3142675799124044,0.2443470685155497,0.1584696016761423,1.9395523915964985,2,2,0.2443470685155497,1.2861524462791134,2,0.2443470685155497,1.2861524462791134,2,0.2443470685155497,1.2861524462791134,0.3438139275712156,0.263360263876204,0.1875666453808889,1.9325476446942536,2,2,0.263360263876204,1.3054890001660613,2,0.263360263876204,1.3054890001660613,2,0.263360263876204,1.3054890001660613,0.8634568092105592,7.323689993022578,10.445228832246192,1.7109844307693791,0.8228095844364032,0.4231450690050424,0.0167467263427108,0.3396284797906018,0.1420094344795031,0.0167467263427108,0.1330562295578114,0.0766789375015963,0.0382013475291511,0.0593123163051339,0.4231450690050424,0.1108499392790508,0.8830993638081465,0.4161100342511472,0.8888888888888888,1.526664313393005,0.4245395214868874,0.9583333333333334,,,,,,,,,,,,,,1.0986122886681098,-3.286172729592045,2.0,0.6931471805599453,1.4091656524095582,2.3461453030735906,-4.089552482038598,-1.842192491590608,1,external_generator_profile_stratified_v1,17
external_sticky_dense_logistic_normal_K3_i0178,external_generator_bank,sticky_dense_logistic_normal,3,178,178,2036551404,project://predictive_profile_external_generator32_v1/candidate_bank/hmms/external_sticky_dense_logistic_normal_K3_i0178.npz,0.7924201680328008,0.8553405195720646,0.968091310508914,0.6133865425298058,8,0.3198031025638334,0.0444992275637485,1.898348551363348,1.887391371641738,1.8833633715073472,1.8819627318101304,0.0163858195532176,0.0232150990820416,0.2458389724583354,0.1596426973947915,0.0859225912108552,1.836694458003256,2,2,0.1596426973947915,1.5399324646236912,2,0.1596426973947915,1.5399324646236912,2,0.1596426973947915,1.5399324646236912,0.2895709848212262,0.1908440185876567,0.1202727946810207,1.8463999585463675,2,2,0.1908440185876567,1.517317581992873,2,0.1908440185876567,1.517317581992873,2,0.1908440185876567,1.517317581992873,0.3025118708760019,0.2013314022332777,0.1320477655461167,1.8527157348283847,2,2,0.2013314022332777,1.5025568168719596,2,0.2013314022332777,1.5025568168719596,2,0.2013314022332777,1.5025568168719596,0.7083374460244697,3.428619774357106,6.113828921651187,1.924172055745839,0.925331160880548,0.2557174679175024,0.0444992275637485,0.1997418391285285,0.0526725746921433,0.2128184313487691,0.1150025454890561,0.0678683655227453,0.2557174679175024,0.0444992275637485,0.1224660631898585,0.1289553242761766,0.8035151509070263,0.6115016616587989,1.0,1.6834966052071896,0.395932194009895,1.0,,,,,,,,,,,,,,1.0986122886681098,-3.762952389501197,2.0,0.6931471805599453,1.6562988411903046,1.8105532416658356,-3.1122834480786072,-2.117992827203708,2,external_generator_profile_stratified_v1,18
external_sticky_dense_logistic_normal_K3_i0051,external_generator_bank,sticky_dense_logistic_normal,3,51,51,2036423261,project://predictive_profile_external_generator32_v1/candidate_bank/hmms/external_sticky_dense_logistic_normal_K3_i0051.npz,0.8017671834467451,0.5043235933791601,0.9687525890441476,0.7712769258629263,8,0.1633036210662836,0.0314578626105927,1.9468219969136047,1.943624568091672,1.942455638986737,1.9420281273967968,0.0047938695168079,0.0068178218016221,0.1628100742913196,0.0047851495795317,0.0265300179472435,1.006975993442402,2,1,0.1628100742913196,1.0,1,0.1628100742913196,1.0,1,0.1628100742913196,1.0,0.1900183310375052,0.007312401967333,0.0361604373528107,1.0111758199897227,2,1,0.1900183310375052,1.0,1,0.1900183310375052,1.0,1,0.1900183310375052,1.0,0.1989968615562357,0.0089938513710503,0.0396806402717162,1.014774164934273,2,1,0.1989968615562357,1.0,1,0.1989968615562357,1.0,1,0.1989968615562357,1.0,0.7342972511024948,3.763604268865693,5.846866425391929,1.9555218914037285,0.9404072450259884,0.2286547199794237,0.0314578626105927,0.1684205783643292,0.1381440407636225,0.1290599898540552,0.1579345179702816,0.0314578626105927,0.2286547199794237,0.0588751437683331,0.1679829612218262,0.0878907638318647,0.8063146678296095,0.5695890076184245,1.0,1.850291447972892,0.2531567424930421,1.0,,,,,,,,,,,,,,1.0986122886681098,-4.988215242067044,1.0,0.0,1.6606347323306998,1.765905863950871,-3.4591063235648982,-3.3197896485973777,3,external_generator_profile_stratified_v1,19
external_sticky_dense_logistic_normal_K4_i0108,external_generator_bank,sticky_dense_logistic_normal,4,108,108,2036580774,project://predictive_profile_external_generator32_v1/candidate_bank/hmms/external_sticky_dense_logistic_normal_K4_i0108.npz,0.837384362159694,0.4640857183473547,0.8308523641830146,0.4788985829244863,8,0.1244426789654743,0.0422755152751767,1.8899576491146093,1.879486436489206,1.874290275110626,1.8718330454194327,0.0181246036951763,0.0282352244561421,0.2343340905545723,0.1260866682436376,0.0735322709404552,1.9565701459599336,3,2,0.1260866682436376,1.858516001880292,2,0.1260866682436376,1.858516001880292,3,0.0521723780906674,4.491535542952176,0.3018407039571286,0.1673751642269978,0.1240043512197332,1.9935482177261088,3,2,0.1673751642269978,1.8033780898805607,2,0.1673751642269978,1.8033780898805607,3,0.0698719904853423,4.319909907539394,0.3264656826997698,0.1892959072102716,0.1488524117245439,2.050065794280528,3,2,0.1892959072102716,1.7246314910397331,2,0.1892959072102716,1.7246314910397331,3,0.0802473006234936,4.068245039562015,0.8187235363874564,5.516435945801429,8.212537998825965,1.9062758076185464,0.9167248847392936,0.2568894109166462,0.0422755152751767,0.2100783069744239,0.0511299758190215,0.2120740035402861,0.1688587019839601,0.0422755152751767,0.1173542903698352,0.2568894109166462,0.0784327891540259,0.0729853129410481,0.8519777587034544,0.525870519145031,1.0,1.7300644036718325,0.4007991803356861,0.9375,0.0521723780906674,0.0698719904853423,0.0802473006234936,,,,,,,,,,,1.3862943611198906,-3.56718498631776,2.0,0.6931471805599453,1.78751749377936,2.105662010749914,-3.163547195621821,-2.087438623511037,0,external_generator_profile_stratified_v1,20
external_sticky_dense_logistic_normal_K4_i0131,external_generator_bank,sticky_dense_logistic_normal,4,131,131,2036603981,project://predictive_profile_external_generator32_v1/candidate_bank/hmms/external_sticky_dense_logistic_normal_K4_i0131.npz,0.893196001831146,1.1856686239788925,1.1148454359881,0.3594466998544662,8,0.1122311589560352,0.0319858830176196,1.8395689253527547,1.8197220794429232,1.811853977202344,1.8082449621206915,0.0313239632320634,0.0464100956359476,0.373177281739926,0.1520356197326825,0.1693432505872511,1.757573569839906,3,2,0.1520356197326825,2.454538498254995,2,0.1520356197326825,2.454538498254995,3,0.0834693794930221,4.470828512282433,0.4256986989427713,0.2068439377039057,0.2376400661608051,1.9726678057633704,3,2,0.2068439377039057,2.058067080274565,3,0.1167744377609228,3.6454784720464417,3,0.1167744377609228,3.6454784720464417,0.4414092146734217,0.2350115655940695,0.2685806997351253,2.101013513507174,3,2,0.2350115655940695,1.8782446453544268,3,0.1360447315170373,3.2445888183339355,3,0.1360447315170373,3.2445888183339355,0.8333920785842488,6.002115574712761,8.929216558819492,1.8931068124271864,0.9103919367206053,0.2713117839688162,0.0319858830176196,0.2182008027095707,0.2713117839688162,0.1025527568253869,0.1937089558105639,0.05728784422482,0.0776601086601592,0.0319858830176196,0.1846212513723936,0.0808714161202403,0.8682377742264056,0.48776602824555,0.9375,1.6101097772228243,0.3481352435735638,0.9375,0.0834693794930221,0.1167744377609228,0.1360447315170373,,,,,,,,,,,1.3862943611198906,-3.070238265055725,3.0,1.0986122886681098,2.147511087326833,2.1893286596645885,-3.4424606292196005,-1.436998077086938,1,external_generator_profile_stratified_v1,21
external_sticky_dense_logistic_normal_K4_i0038,external_generator_bank,sticky_dense_logistic_normal,4,38,38,2036510144,project://predictive_profile_external_generator32_v1/candidate_bank/hmms/external_sticky_dense_logistic_normal_K4_i0038.npz,0.8235968633763742,0.9559769926593408,0.3429408404878339,0.6491446868300897,8,0.1907842083530196,0.0462586522531003,1.9279801818097275,1.9268214776657115,1.926259065592832,1.925980692824297,0.0019994889854302,0.0031186465953796,0.0882632671969899,0.032136830452178,0.0089845546274682,1.5597443720188484,3,2,0.032136830452178,2.746483270288033,2,0.032136830452178,2.746483270288033,3,0.0127033231742324,6.948045482777601,0.1068404297318333,0.040097434274271,0.0133084177252338,1.599112501252752,3,2,0.040097434274271,2.664520353123656,2,0.040097434274271,2.664520353123656,3,0.0169037293095812,6.32052417399246,0.1146310451958507,0.0439044736824541,0.015439733487628,1.6270242195653033,3,2,0.0439044736824541,2.610919470870723,2,0.0439044736824541,2.610919470870723,3,0.0192835203114352,5.944508230059719,0.8015519929643263,5.039103264061688,6.808718178326706,1.9304131585381628,0.9283324968966028,0.2909503450065533,0.0462586522531003,0.2070750619053472,0.0927808699111005,0.1894270806216056,0.0847946532141116,0.1113033080030485,0.093040172007805,0.0462586522531003,0.091444918982675,0.2909503450065533,0.8153511512499958,0.6564977927868079,1.0,1.864093672667715,0.2887727825134558,0.96875,0.0127033231742324,0.0169037293095812,0.0192835203114352,,,,,,,,,,,1.3862943611198906,-5.770356154804207,2.0,0.6931471805599453,3.216442929901885,1.9182038760608684,-3.073506756777478,-4.31935853228683,2,external_generator_profile_stratified_v1,22
external_sticky_dense_logistic_normal_K4_i0211,external_generator_bank,sticky_dense_logistic_normal,4,211,211,2036684701,project://predictive_profile_external_generator32_v1/candidate_bank/hmms/external_sticky_dense_logistic_normal_K4_i0211.npz,0.8553615379837302,1.022232771496954,1.3066199541881178,0.1128706440929502,8,0.1083936465375658,0.017408135536735,1.6035801893237729,1.5750239357235634,1.5627269896914178,1.5574484172758,0.0461317720479728,0.0689858629113537,0.4683406248557287,0.1714778091551016,0.2530997821432303,1.5589480323779987,3,2,0.1714778091551016,2.7312025221415954,2,0.1714778091551016,2.7312025221415954,3,0.0659712226682392,7.099165452957469,0.5404577722553544,0.2341824528812087,0.3552506764870922,1.7113053879158535,3,2,0.2341824528812087,2.307849139019424,2,0.2341824528812087,2.307849139019424,3,0.0911847117581239,5.927065643295223,0.5688545652570706,0.2599454694238516,0.4025711916489757,1.779005290862148,3,2,0.2599454694238516,2.1883611455813843,2,0.2599454694238516,2.1883611455813843,3,0.1067896444472889,5.326870111809908,0.8786273948366269,8.239091503836091,14.882070746376984,1.6758236718654729,0.8059008336015505,0.3223768279367946,0.017408135536735,0.3292242781389059,0.0372467134247977,0.3223768279367946,0.017408135536735,0.0342893653366476,0.1467920001332703,0.3103466459741421,0.0721469081555453,0.0593934035020671,0.8616098941769912,0.4684213084444697,0.8125,1.3818925261195212,0.4527646496509159,0.9375,0.0659712226682392,0.0911847117581239,0.1067896444472889,,,,,,,,,,,1.3862943611198906,-2.673853680719445,2.0,0.6931471805599453,1.4516547542752714,2.7001571827856345,-4.0508176224511,-1.0349316077503228,3,external_generator_profile_stratified_v1,23
external_sticky_dense_logistic_normal_K5_i0048,external_generator_bank,sticky_dense_logistic_normal,5,48,48,2036620234,project://predictive_profile_external_generator32_v1/candidate_bank/hmms/external_sticky_dense_logistic_normal_K5_i0048.npz,0.8033727046754472,0.942663846264262,0.8827918538068329,0.1869008602925317,8,0.1443325973981201,0.0383647649419194,1.900884364570882,1.8818497216902617,1.8749491507560423,1.87212495033638,0.0287594142345022,0.0413083860080469,0.3754671047778531,0.1445163661090204,0.1736377269413769,1.8822541042388727,4,2,0.1445163661090204,2.598094007529969,3,0.1013018989513886,3.706417240589212,3,0.1013018989513886,3.706417240589212,0.4255628480904306,0.1786416389777601,0.2344690351285771,2.0884435962364667,4,2,0.1786416389777601,2.382215313997488,3,0.1304020595987831,3.263467228967001,4,0.0666915671541255,6.381059349032039,0.4400663014425138,0.195704248806738,0.2587656235594166,2.2052281357042296,4,3,0.1433630598235374,3.069593394450301,3,0.1433630598235374,3.069593394450301,4,0.0790832091606453,5.564598428834454,0.8108028366600826,5.285491507097119,8.721895898399582,1.955830192980728,0.9405555067447336,0.234913859472677,0.0383647649419194,0.1706604058097481,0.1293914800106352,0.0383647649419194,0.234913859472677,0.0955581523977942,0.049931422992564,0.1727694852066051,0.1270379282909569,0.1520329066868478,0.7966992269898651,0.7299112455874393,0.96,1.6373767394398322,0.387383711852531,1.0,0.1013018989513886,0.1304020595987831,0.1433630598235374,0.0389246113223984,0.0666915671541255,0.0790832091606453,,,,,,,,1.6094379124341005,-3.186689748584923,3.0,1.0986122886681098,2.0371328351451194,2.165836633829921,-3.260615820259864,-1.4504317461747034,0,external_generator_profile_stratified_v1,24
external_sticky_dense_logistic_normal_K5_i0094,external_generator_bank,sticky_dense_logistic_normal,5,94,94,2036666648,project://predictive_profile_external_generator32_v1/candidate_bank/hmms/external_sticky_dense_logistic_normal_K5_i0094.npz,0.796651674500821,0.8433413285647464,0.5405286998701109,0.3774377984835394,8,0.1593971692602076,0.0656724540793605,2.006078992069966,2.004502999693903,2.003600498926124,2.003085975184693,0.0029930168852732,0.0049245651359131,0.0895267779226718,0.0479650364790574,0.0115675260018159,2.390387132336242,4,3,0.0314777242275488,2.844131210868136,3,0.0314777242275488,2.844131210868136,4,0.0161551907948386,5.541672584348213,0.1119237020201225,0.0609219730737924,0.0182532098201083,2.4240826804969897,4,3,0.0393073519216263,2.8473986811241705,3,0.0393073519216263,2.8473986811241705,4,0.0216734867505145,5.164083809332876,0.1226369859507194,0.0677232076467938,0.0220845338127053,2.4466771191173304,4,3,0.0430054303616554,2.8516627997766824,3,0.0430054303616554,2.8516627997766824,4,0.0246739456728447,4.970302989914152,0.7933635706601746,4.839417730914441,8.241939798487493,2.008801687218339,0.9660294107597602,0.2006299114316088,0.0656724540793605,0.1339727563583099,0.0656724540793605,0.1372976732467007,0.1933553520385858,0.0901802100938066,0.1277977527036211,0.0758456642187526,0.2006299114316088,0.1092209821875637,0.8042437042640621,0.7405737501349645,1.0,1.92598766136103,0.2240854052524438,1.0,0.0314777242275488,0.0393073519216263,0.0430054303616554,0.0161551907948386,0.0216734867505145,0.0246739456728447,,,,,,,,1.6094379124341005,-5.313519305533045,3.0,1.0986122886681098,3.2363437058055595,2.109235728654023,-2.7230757096075275,-4.003414333864924,1,external_generator_profile_stratified_v1,25
external_sticky_dense_logistic_normal_K5_i0236,external_generator_bank,sticky_dense_logistic_normal,5,236,236,2036809926,project://predictive_profile_external_generator32_v1/candidate_bank/hmms/external_sticky_dense_logistic_normal_K5_i0236.npz,0.8158024858329308,0.3936404762226713,0.4827517207180695,0.4501380288687746,8,0.1300593175255638,0.0553543120092515,1.962879088275204,1.957625822724772,1.954769580300857,1.953232759402686,0.0096463288725179,0.0155762130927747,0.1534896512973982,0.1168902414680241,0.0389343120782987,2.258168696370307,4,2,0.1168902414680241,1.313109198592819,2,0.1168902414680241,1.313109198592819,3,0.0407778294753025,3.764046622205836,0.1888452285525976,0.1496332615817208,0.0608320341470255,2.293924635902029,4,2,0.1496332615817208,1.2620538144820266,2,0.1496332615817208,1.2620538144820266,3,0.0515313898214733,3.664663988431863,0.204430120935474,0.1663086216549989,0.0728349191089838,2.3143535099807937,4,2,0.1663086216549989,1.2292214252100335,2,0.1663086216549989,1.2292214252100335,3,0.0565122780496376,3.617446119512514,0.8198092083947244,5.5496731608271705,8.947247341274032,1.972232465463677,0.9484433324682202,0.2428154773139505,0.0553543120092515,0.1657198700493503,0.060594891896742,0.1156073992879975,0.1425923772474852,0.0793249459456278,0.1337209177720563,0.1699896785268889,0.0553543120092515,0.2428154773139505,0.8067613486540048,0.7134297353526975,1.0,1.831422983324234,0.3373702376164944,1.0,0.0407778294753025,0.0515313898214733,0.0565122780496376,0.0070056474170485,0.0111317874317796,0.0138220677232495,,,,,,,,1.6094379124341005,-4.162010330165117,2.0,0.6931471805599453,1.8995679013787092,2.1913459253464134,-2.894000718449027,-2.799638751343005,2,external_generator_profile_stratified_v1,26
external_sticky_dense_logistic_normal_K5_i0152,external_generator_bank,sticky_dense_logistic_normal,5,152,152,2036725170,project://predictive_profile_external_generator32_v1/candidate_bank/hmms/external_sticky_dense_logistic_normal_K5_i0152.npz,0.9151703148394392,0.5676866220087,1.2145595195257746,0.1918368999830698,8,0.126653425223222,0.0270614559406707,1.654960734788998,1.6145514752867611,1.5979004898058888,1.5903893240317295,0.0645714107572681,0.0962447277864586,0.5315153301197574,0.2183373151651051,0.3737202781026023,2.070630132685051,4,3,0.2082176359319496,2.552691215327548,3,0.2082176359319496,2.552691215327548,3,0.2082176359319496,2.552691215327548,0.6080804433835928,0.2918480058991269,0.5295531128984127,2.2978383131600904,4,3,0.2710652059291497,2.2432995090580943,3,0.2710652059291497,2.2432995090580943,3,0.2710652059291497,2.2432995090580943,0.6330771816575549,0.3239883577182232,0.599429794924206,2.413431852655468,4,3,0.3026233516741407,2.091964080614773,3,0.3026233516741407,2.091964080614773,3,0.3026233516741407,2.091964080614773,0.8951126721179006,9.53404019524712,16.334522291129357,1.7658846011310092,0.8492109856112975,0.305004084040645,0.0270614559406707,0.2836340230349244,0.0270614559406707,0.305004084040645,0.1425258464037318,0.0987347584502468,0.0985413761343446,0.0335217872598993,0.2643404539517043,0.0302702378187571,0.898523783748538,0.443042358585682,0.96,1.3817659684803143,0.4998367312153731,0.9,0.2082176359319496,0.2710652059291497,0.3026233516741407,0.013636892743262,0.0337591892692444,0.0457572734468642,,,,,,,,1.6094379124341005,-2.340861083559102,3.0,1.0986122886681098,1.305395874760244,2.793280800127661,-3.609644853523149,-0.6357218113254239,3,external_generator_profile_stratified_v1,27
external_sticky_dense_logistic_normal_K6_i0159,external_generator_bank,sticky_dense_logistic_normal,6,159,159,2036832233,project://predictive_profile_external_generator32_v1/candidate_bank/hmms/external_sticky_dense_logistic_normal_K6_i0159.npz,0.7557947021549346,1.084719800265566,0.73524661580669,0.3371621522591932,8,0.0875729160808604,0.0582065472258347,1.9769132972246293,1.9732391270609104,1.9716381690767408,1.9708997865874776,0.0060135106371519,0.009091233599848,0.1592900883883761,0.0553957429810452,0.0313180794428044,1.9675254815142864,5,2,0.0553957429810452,2.8754933107924985,3,0.0445229175140171,3.577710026262924,4,0.0296437832910268,5.3734736495861934,0.1878297791387808,0.0710806645933327,0.0447183711341081,2.0785289417436394,5,2,0.0710806645933327,2.6424876612141137,3,0.0534137554010052,3.516505771381239,4,0.0381089797168524,4.928753814306897,0.1984065866292161,0.0789787127690041,0.0507976976208678,2.149870646488829,5,3,0.057063190564791,3.476962726154264,3,0.057063190564791,3.476962726154264,4,0.042491972586154,4.669272207284312,0.8096037171118402,5.252203377244542,6.384182045279652,1.98571856665971,0.9549287762403682,0.2352837641146357,0.0582065472258347,0.1565585933375405,0.1260502211275753,0.0710637940766924,0.0582065472258347,0.2352837641146357,0.1185879623321883,0.1825470539458865,0.0847313866241522,0.1235292705530347,0.760336688986119,0.863833463433455,0.9722222222222222,1.8431974768872224,0.2756216760595323,0.9791666666666666,0.0445229175140171,0.0534137554010052,0.057063190564791,0.0296437832910268,0.0381089797168524,0.042491972586154,0.0038748899133322,0.0089755625259485,0.0115373948821293,,,,,1.791759469228055,-4.700444670446212,3.0,1.0986122886681098,2.929686974407929,1.853823375605545,-2.8437574352826087,-3.1073708744545505,0,external_generator_profile_stratified_v1,28
external_sticky_dense_logistic_normal_K6_i0146,external_generator_bank,sticky_dense_logistic_normal,6,146,146,2036819116,project://predictive_profile_external_generator32_v1/candidate_bank/hmms/external_sticky_dense_logistic_normal_K6_i0146.npz,0.8003388524513241,0.941584250083959,0.9419532679237624,0.797763836646236,8,0.1274853610617596,0.0433264247443207,1.8206717736293323,1.799748700802383,1.7915588734214285,1.7881071627188072,0.0325646109105253,0.047657859696722,0.361550464407377,0.1956235848746506,0.184340991848234,2.320643851092834,5,2,0.1956235848746506,1.848194657300892,3,0.1041895588732052,3.4701218463490195,4,0.0571332752483022,6.328194258706017,0.4136611856226083,0.2357889357169863,0.2604507220751882,2.644544159001838,5,3,0.1535133566017457,2.6946266747052827,3,0.1535133566017457,2.6946266747052827,5,0.0524997182878554,7.879302958436994,0.4295833705235914,0.2540091818666964,0.2932468641625769,2.807794623392031,5,3,0.1739849502488415,2.469083503539708,3,0.1739849502488415,2.469083503539708,5,0.0640957227308046,6.702215876834661,0.8473024004188299,6.548891421625955,8.229614442341958,1.8793654811405036,0.9037837532197684,0.2999823253170636,0.0433264247443207,0.2329674985236449,0.0524655879350442,0.0510987841627831,0.2999823253170636,0.1300738429600519,0.0433264247443207,0.1167374211843413,0.2010227177958635,0.1052928959005315,0.8037724746526497,0.7541129045158222,0.8888888888888888,1.509528098853209,0.4385948628149556,0.8958333333333334,0.1041895588732052,0.1535133566017457,0.1739849502488415,0.0571332752483022,0.0861170848467259,0.0990217293027306,0.0351282116971955,0.0524997182878554,0.0640957227308046,,,,,1.791759469228055,-3.0437077160680968,3.0,1.0986122886681098,1.8739677020482024,2.1077391657595017,-3.1389925588820287,-1.3453416023809257,1,external_generator_profile_stratified_v1,29
external_sticky_dense_logistic_normal_K6_i0086,external_generator_bank,sticky_dense_logistic_normal,6,86,86,2036758576,project://predictive_profile_external_generator32_v1/candidate_bank/hmms/external_sticky_dense_logistic_normal_K6_i0086.npz,0.8385893532802043,0.3566252729798573,1.1234683097712066,0.158805751060318,8,0.1482141080760184,0.0521698261141439,1.937991474089454,1.9193838280037872,1.9098630848875264,1.905076827427268,0.0329146466621861,0.0520079046989641,0.2720009044004688,0.2364914027027636,0.1408162492261996,2.542556995860658,5,2,0.2364914027027636,1.1501513428897696,3,0.0989851689723977,2.747895540556353,3,0.0989851689723977,2.747895540556353,0.3391362545317689,0.2905211746496255,0.2240492620295581,2.803233206549526,5,3,0.1359556584521497,2.4944622268232366,3,0.1359556584521497,2.4944622268232366,4,0.0667100588661596,5.083734901391371,0.3682698366440399,0.3131658487216656,0.2689291429105396,2.951951229340248,5,3,0.1558162542148539,2.363487933269371,3,0.1558162542148539,2.363487933269371,4,0.091949990088066,4.005110128792029,0.8429622586041838,6.367895966355526,9.469967472737189,1.9728902935785328,0.9487596809212402,0.2137952225407076,0.0521698261141439,0.1602274476859903,0.2137952225407076,0.1221250266870371,0.085859727832447,0.0535736779221901,0.0521698261141439,0.1187321808304726,0.1623577975902234,0.191386540482778,0.8406632349427867,0.6783127192585097,1.0,1.6809220728965066,0.3733826853417788,0.8958333333333334,0.0989851689723977,0.1359556584521497,0.1558162542148539,0.0278744640858182,0.0667100588661596,0.091949990088066,0.0181252380574756,0.0412205889433798,0.0500011576706695,,,,,1.791759469228055,-2.9563595585119646,3.0,1.0986122886681098,1.9954264872019567,2.248125472423048,-2.953250995015611,-1.4958893315310928,2,external_generator_profile_stratified_v1,30
external_sticky_dense_logistic_normal_K6_i0090,external_generator_bank,sticky_dense_logistic_normal,6,90,90,2036762612,project://predictive_profile_external_generator32_v1/candidate_bank/hmms/external_sticky_dense_logistic_normal_K6_i0090.npz,0.8992366076030167,0.7832508015971509,1.3726313689730223,0.5229138237365305,8,0.0970146194581743,0.0352753742748988,1.8692091769907575,1.824752221905671,1.8026289600653809,1.7913713845315105,0.0778377924592472,0.1224762053672781,0.4405840619705277,0.3847235465636354,0.3722964718998214,2.5968825342789748,5,2,0.3847235465636354,1.145196507741313,3,0.1591897068598517,2.7676667710583294,4,0.0534353115179813,8.245185617047781,0.5254108968824793,0.4769722847526423,0.570211810034905,2.879318581145612,5,3,0.2211630290016246,2.375672368271913,3,0.2211630290016246,2.375672368271913,5,0.0859802220983991,6.110834376319459,0.5585058150663776,0.5164503197296122,0.6745396548165413,3.057314420821599,5,3,0.2582131741127851,2.162964058613165,3,0.2582131741127851,2.162964058613165,5,0.109246403965831,5.112349649889267,0.9194493786249214,12.414553518384002,19.44097223476679,1.959050716510605,0.9421042511866068,0.1910546554880597,0.0352753742748988,0.1632725318331473,0.1687676670623302,0.1910546554880597,0.1724623649555362,0.1782249250327793,0.0704319145651551,0.1240862794999473,0.0352753742748988,0.059696819121293,0.896693283021864,0.4507143866638419,0.8055555555555556,1.5685809732930542,0.4235007155434395,0.9375,0.1591897068598517,0.2211630290016246,0.2582131741127851,0.0534353115179813,0.1017199835855001,0.1314578127761863,0.0444213199907505,0.0859802220983991,0.109246403965831,,,,,1.791759469228055,-2.099838509764527,3.0,1.0986122886681098,1.508855161632127,2.967382809858212,-3.3445701710968856,-0.5617473906259762,3,external_generator_profile_stratified_v1,31
