hmm_id,source,cohort,K,bank_index,alpha_t,self_bias,alpha_e,gen_seed,vocab_size,min_stationary_prob,min_symbol_prob,bayes_ce_h1,bayes_ce_h2,bayes_ce_h3,bayes_ce_h4,bayes_gap_1_to_H,context_gain_area,pred_h4_m1_sv1,pred_h4_m1_sv2,pred_h4_m1_signal,pred_h4_m1_effective_rank,pred_h4_m1_numerical_rank,pred_h4_m1_r90,pred_h4_m1_sigma90,pred_h4_m1_kappa90,pred_h4_m1_r95,pred_h4_m1_sigma95,pred_h4_m1_kappa95,pred_h4_m1_r99,pred_h4_m1_sigma99,pred_h4_m1_kappa99,pred_h4_m2_sv1,pred_h4_m2_sv2,pred_h4_m2_signal,pred_h4_m2_effective_rank,pred_h4_m2_numerical_rank,pred_h4_m2_r90,pred_h4_m2_sigma90,pred_h4_m2_kappa90,pred_h4_m2_r95,pred_h4_m2_sigma95,pred_h4_m2_kappa95,pred_h4_m2_r99,pred_h4_m2_sigma99,pred_h4_m2_kappa99,lambda2_abs,tau_hidden,tau_observed_proxy,pred_h4_m1_sv3,pred_h4_m2_sv3,pred_h4_m1_sv4,pred_h4_m2_sv4,pred_h4_m1_sv5,pred_h4_m2_sv5,symbol_entropy,symbol_entropy_normalized,max_symbol_prob,min_symbol_prob_recomputed,marginal_l2_from_uniform,symbol_prob_0,symbol_prob_1,symbol_prob_2,symbol_prob_3,symbol_prob_4,symbol_prob_5,symbol_prob_6,symbol_prob_7,context_entropy_h1,context_effective_count_h1,context_support_h1,context_max_prob_h1,context_entropy_h2,context_effective_count_h2,context_support_h2,context_max_prob_h2,context_entropy_h3,context_effective_count_h3,context_support_h3,context_max_prob_h3,context_entropy_h4,context_effective_count_h4,context_support_h4,context_max_prob_h4,selection_order,pair_id,contrast,pair_role
confirm_K3_i000079,bank,independent_confirmatory64,3,79,5.0,8.0,0.5,2026451446,8,0.2693268105139925,0.0265225073532547,1.6550004099930342,1.6537703575796874,1.6536723418286978,1.6536643477956443,0.0013360621973899,0.0014500660144864,0.160473952779546,0.1045888322134042,0.0366907133444556,1.8391006721020693,2,2,0.1045888322134042,1.5343316239740887,2,0.1045888322134042,1.5343316239740887,2,0.1045888322134042,1.5343316239740887,0.1670688330261915,0.1073195531314704,0.0394294814530719,1.829466373083953,2,2,0.1073195531314704,1.5567417879715362,2,0.1073195531314704,1.5567417879715362,2,0.1073195531314704,1.5567417879715362,0.4180315538491524,1.718306218514118,2.269722369021416,,,,,,,1.6715931691043224,0.8038663918168909,0.3513454057272208,0.0265225073532547,0.3310220608486386,0.0505134834605705,0.2760623067334556,0.0272900492468304,0.027210176254098,0.3513454057272208,0.0265225073532547,0.0967856387298386,0.1442704324947312,1.6715931691043224,5.320637724013964,8,0.3513454057272208,3.3265935790973566,27.84333386229128,64,0.1484476145747008,4.980363936677044,145.52733475186687,512,0.0654732105818081,6.634036278505741,760.545758232812,4096,0.0291353702529261,0,occupancy_K3_p01,occupancy_contrast,low
confirm_K3_i000322,bank,independent_confirmatory64,3,322,5.0,8.0,0.5,2026696786,8,0.2951873797256918,0.0305524833385569,1.8859870242081933,1.884607707396042,1.8844955508176104,1.884486508249607,0.0015005159585865,0.001630757673025,0.1381743219173833,0.1212873127787138,0.0338027554784102,1.9832219235326245,2,2,0.1212873127787138,1.1392314558859054,2,0.1212873127787138,1.1392314558859054,2,0.1212873127787138,1.1392314558859054,0.1452748483466582,0.1258137251741678,0.0369338750043455,1.979630799451055,2,2,0.1258137251741678,1.1546820360461447,2,0.1258137251741678,1.1546820360461447,2,0.1258137251741678,1.1546820360461447,0.3554163241892935,1.551388962406283,2.0717025090975696,,,,,,,1.9011402549301928,0.9142552059407232,0.3070116189215554,0.0305524833385569,0.222532521691443,0.0673879694250653,0.1289199096123059,0.1179926259710079,0.0970397932835625,0.0848896393710107,0.166205960076935,0.0305524833385569,0.3070116189215554,1.9011402549301928,6.6935224144698,8,0.3070116189215554,3.7871272791383865,44.12944643043839,64,0.1153914762700909,5.671734986534428,290.53817718381686,512,0.045179156411788,7.556230537352039,1912.6223496966184,4096,0.0179179955720643,1,occupancy_K3_p01,occupancy_contrast,high
confirm_K3_i001129,bank,independent_confirmatory64,3,1129,5.0,2.0,0.5,2027511559,8,0.2545785252015383,0.042779685544288,1.7427908040672215,1.7425025254120827,1.742493370872642,1.7424930861437344,0.000297717923487,0.0003074419207429,0.1225292048278357,0.0067952565130919,0.0150595815468204,1.0210244594140785,2,1,0.1225292048278357,1.0,1,0.1225292048278357,1.0,1,0.1225292048278357,1.0,0.1249237839550848,0.0068492845005944,0.0156528644958267,1.0206155227968228,2,1,0.1249237839550848,1.0,1,0.1249237839550848,1.0,1,0.1249237839550848,1.0,0.2776215667215156,1.38431596782526,1.6753921806505212,,,,,,,1.7500659573429531,0.8416038259624251,0.3684052976489188,0.042779685544288,0.3109626226063016,0.0593940832546905,0.1493378680073034,0.0517440261982149,0.0606685361032132,0.2236513615550165,0.042779685544288,0.0440191416883542,0.3684052976489188,1.7500659573429531,5.754982246825596,8,0.3684052976489188,3.492856761410174,32.879743248388245,64,0.1561490233629837,5.235359286822258,187.7965670564095,512,0.0663999892398874,6.9778526576949,1072.61262580559,4096,0.0282374228640377,2,occupancy_K3_p02,occupancy_contrast,low
confirm_K3_i000505,bank,independent_confirmatory64,3,505,5.0,0.0,0.5,2026881552,8,0.2741476836605209,0.0414504345857752,1.979278488494848,1.9788903573089671,1.978873503461396,1.9788727752041424,0.000405713290706,0.000424023652785,0.1327099511221244,0.004835121202662,0.017635309523881,1.0101596504333143,2,1,0.1327099511221244,1.0,1,0.1327099511221244,1.0,1,0.1327099511221244,1.0,0.1358629267822991,0.004941262363599,0.0184831509475983,1.010128408030597,2,1,0.1358629267822991,1.0,1,0.1358629267822991,1.0,1,0.1358629267822991,1.0,0.2984215834868167,1.4253574175926906,1.8101416714509493,,,,,,,1.987582034110592,0.9558249146571164,0.2343707718020508,0.0414504345857752,0.1505377028428234,0.1376714344572943,0.0414504345857752,0.1490888565148043,0.1242716689282806,0.0818522682988626,0.2343707718020508,0.0939555532495177,0.1373390121634142,1.9875820341105916,7.297866419333584,8,0.2343707718020508,3.966860522605439,52.81844794600253,64,0.060269409265701,5.945750879914407,382.1261844760005,512,0.0155216782815451,7.924624383375802,2764.525758619161,4096,0.0039976285288175,3,occupancy_K3_p02,occupancy_contrast,high
confirm_K3_i000325,bank,independent_confirmatory64,3,325,0.2,0.0,0.5,2026699830,8,0.0153650418352107,0.0090866643032869,1.599509867205774,1.5981533164502704,1.5975035532954929,1.597395489261227,0.0021143779445471,0.0029802691678562,0.1769047125726632,0.0568213883194256,0.0345239475009635,1.3642521835361692,2,1,0.1769047125726632,1.0,2,0.0568213883194256,3.113347241327159,2,0.0568213883194256,3.113347241327159,0.1910951330002205,0.1043262524032257,0.0474013167968735,1.7139634854304673,2,2,0.1043262524032257,1.8317070593279736,2,0.1043262524032257,1.8317070593279736,2,0.1043262524032257,1.8317070593279736,0.5452517548497967,2.199018931166409,3.5373258452195286,,,,,,,1.6057697039157297,0.7722119962163209,0.39781767946915,0.0090866643032869,0.3543822875761889,0.0884768368108463,0.0153800131298319,0.39781767946915,0.0665472490903591,0.0090866643032869,0.0274331158581177,0.1765946444479835,0.2186637968904244,1.6057697039157297,4.981692555698083,8,0.39781767946915,3.205279571121503,24.66239394587395,64,0.1594264189886858,4.803432887571773,121.92826592382228,512,0.0639926385055442,6.400936440867266,602.408894129123,4096,0.0256942936777972,4,occupancy_K3_p03,occupancy_contrast,low
confirm_K3_i000796,bank,independent_confirmatory64,3,796,1.0,2.0,0.5,2027175358,8,0.2440643016159805,0.0101977117635834,1.83637570763626,1.8341093256912409,1.8338381661182217,1.8338052580209248,0.0025704496153344,0.0029074253829459,0.1882902087929309,0.084676802152929,0.0426233635501318,1.573110288806442,2,2,0.084676802152929,2.223633911598041,2,0.084676802152929,2.223633911598041,2,0.084676802152929,2.223633911598041,0.1989987542619682,0.0896579640832579,0.0476390547213699,1.574409935484803,2,2,0.0896579640832579,2.219532378374938,2,0.0896579640832579,2.219532378374938,2,0.0896579640832579,2.219532378374938,0.3784041086939267,1.6087622424576176,2.3959558753275862,,,,,,,1.8558171135236563,0.8924593821591499,0.2477036293157808,0.0101977117635834,0.2200379166341524,0.042687241649065,0.2000390211676059,0.1725754059081,0.0101977117635834,0.0919653159684813,0.2477036293157808,0.1638105846085845,0.0710210896187988,1.8558171135236563,6.396923128068914,8,0.2477036293157808,3.692192821159916,40.132754492566974,64,0.0618204369381769,5.526302146851156,251.2132416679828,512,0.0154469769935216,7.360140312969378,1572.0571274869149,4096,0.0038589757396531,5,occupancy_K3_p03,occupancy_contrast,high
confirm_K4_i000541,bank,independent_confirmatory64,4,541,0.2,0.0,0.5,2027017910,8,0.055805888447532,0.0579697799046657,1.7120679787518602,1.705735128670277,1.7045347559792,1.7041668639327958,0.0079011148190644,0.00983727160295,0.1891596973483358,0.1234299994015258,0.0529907415684365,2.108790787474563,3,2,0.1234299994015258,1.5325261141174198,2,0.1234299994015258,1.5325261141174198,3,0.0444340603058268,4.257087829615484,0.2316393604452346,0.1525241471943029,0.0794556503100115,2.0847955171714267,3,2,0.1525241471943029,1.5187061505096997,2,0.1525241471943029,1.5187061505096997,3,0.050351181964129,4.600475131055672,0.5930047963490135,2.4570314122363395,2.049750076909191,0.0444340603058268,0.050351181964129,,,,,1.7265541043926385,0.8302970147445817,0.4607939303541769,0.0579697799046657,0.3617604429355326,0.103035723990939,0.0986055003229511,0.0831921973391084,0.061209414390544,0.4607939303541769,0.0635039125539848,0.07168954114363,0.0579697799046657,1.7265541043926385,5.621250254585622,8,0.4607939303541769,3.438622083144499,31.14401472601859,64,0.209861444431772,5.144357211814776,171.46123598486673,512,0.0971496614480048,6.848891967793977,942.8356354323772,4096,0.0448720347688304,6,occupancy_K4_p04,occupancy_contrast,low
confirm_K4_i000955,bank,independent_confirmatory64,4,955,1.0,0.0,0.5,2027435891,8,0.170903915074518,0.06963914991456,1.963534669027936,1.955766126173533,1.9544124822902929,1.954205753464179,0.0093289155637568,0.0110960170992244,0.2381234242130653,0.1701393641325587,0.0858258206110898,1.9214662670335168,3,2,0.1701393641325587,1.3995786655670053,2,0.1701393641325587,1.3995786655670053,2,0.1701393641325587,1.3995786655670053,0.2657795466040031,0.1852406166737121,0.1053004974990839,1.9195059713127829,3,2,0.1852406166737121,1.4347800788860172,2,0.1852406166737121,1.4347800788860172,2,0.1852406166737121,1.4347800788860172,0.5153805405971867,2.063474713195132,2.885103646150061,0.0132533854053593,0.0186452149463967,,,,,1.9967503015793533,0.9602339193273588,0.2332187693100726,0.06963914991456,0.1479589041745727,0.0762066086378217,0.1629363637880966,0.0949897474249441,0.1395223943807693,0.2332187693100726,0.081471688118707,0.1420152784250284,0.06963914991456,1.9967503015793535,7.365082868977164,8,0.2332187693100726,3.960284970607289,52.472276875317625,64,0.0567146641190411,5.916051096780823,370.9439959057854,512,0.0137783450440819,7.8704635790711155,2618.779318119612,4096,0.0046478748581055,7,occupancy_K4_p04,occupancy_contrast,high
confirm_K4_i000499,bank,independent_confirmatory64,4,499,1.0,2.0,0.5,2026975498,8,0.092992760856615,0.0440052955876402,1.7603770889805197,1.757956602705344,1.7575342218244971,1.7574483389557494,0.0029287500247701,0.0035228966431124,0.1879886619143207,0.0697089651167416,0.0410945396115622,1.5929250491810831,3,2,0.0697089651167416,2.69676449219259,2,0.0697089651167416,2.69676449219259,3,0.0299242842116291,6.282143979947396,0.2001306583216221,0.0754564352047661,0.047159780385126,1.6472884088731876,3,2,0.0754564352047661,2.6522676002189565,2,0.0754564352047661,2.6522676002189565,3,0.0376008825836451,5.322498956677964,0.4871049750607245,1.9497167088302243,2.508343793679179,0.0299242842116291,0.0376008825836451,,,,,1.7778791113039605,0.8549791257261005,0.3419925421505637,0.0440052955876402,0.2964809627343442,0.0503289400318978,0.0728966318616128,0.3419925421505637,0.0451079065217484,0.1125335296560559,0.077206956043129,0.0440052955876402,0.2559281981473517,1.7778791113039605,5.917293180467976,8,0.3419925421505637,3.5382562002844797,34.40686816067928,64,0.1489420261939091,5.296212802989824,199.57952989658096,512,0.0683583468460109,7.05374702481432,1157.1866363986833,4096,0.0319853017746536,8,occupancy_K4_p05,occupancy_contrast,low
confirm_K4_i000025,bank,independent_confirmatory64,4,25,5.0,8.0,0.5,2026496926,8,0.1817429410501542,0.0624445193995762,2.0042981036965424,2.0018622472749934,2.001443783608555,2.0013630860163865,0.0029350176801559,0.0035148765309314,0.1804396391460341,0.0582917783935453,0.036465551939216,1.4651640240118855,3,2,0.0582917783935453,3.095456068055288,2,0.0582917783935453,3.095456068055288,3,0.0225645105371873,7.9966121511327,0.1941902007828204,0.0635901775255324,0.0423385564750626,1.4719525975616643,3,2,0.0635901775255324,3.0537766733683043,2,0.0635901775255324,3.0537766733683043,3,0.0241870154682584,8.028696266294777,0.5373126195356452,2.161286523519177,2.4531658203630613,0.0225645105371873,0.0241870154682584,,,,,2.019728022578234,0.971283867372697,0.1701478818049447,0.0624445193995762,0.1192232886506331,0.1644120473115808,0.1594390604259742,0.1682617533824717,0.0624445193995762,0.0873875095421963,0.1063890455533677,0.0815181825798882,0.1701478818049447,2.019728022578234,7.536274958268179,8,0.1701478818049447,4.0240261262747765,55.92581756787922,64,0.0364546702597976,6.025888373549771,414.0092735897875,512,0.0082024019650421,8.027332157158323,3063.557670907698,4096,0.0018601737588817,9,occupancy_K4_p05,occupancy_contrast,high
confirm_K4_i000700,bank,independent_confirmatory64,4,700,5.0,8.0,0.5,2027178426,8,0.2073938650531951,0.0323665813129437,1.7492021833130225,1.7486326459771386,1.7485654585564363,1.7485574145746012,0.0006447687384212,0.0007280441227939,0.1018283431193632,0.0352674217340801,0.0117841627232355,1.5089689154766943,3,2,0.0352674217340801,2.887320311849248,2,0.0352674217340801,2.887320311849248,3,0.0130904631328037,7.778818983431412,0.1075116503336537,0.0363717643416638,0.0130659148239069,1.492418074066441,3,2,0.0363717643416638,2.955909681029663,2,0.0363717643416638,2.955909681029663,3,0.0135740423277516,7.920385669775728,0.4221232001063253,1.7304726546973217,1.905177244103451,0.0130904631328037,0.0135740423277516,,,,,1.754319609929842,0.8436494004600146,0.3177033279418423,0.0323665813129437,0.2953753757765939,0.0397741773353112,0.039259167514208,0.1032747614181533,0.3177033279418423,0.1454176605132077,0.0323665813129437,0.2693162079780027,0.0528881159863307,1.754319609929842,5.779514079905919,8,0.3177033279418423,3.5035217932428644,33.23228334086577,64,0.1141257063162151,5.252154439220004,190.97727448618227,512,0.0422765011020206,7.00071989777644,1097.4229064355914,4096,0.0157712263306114,10,occupancy_K4_p06,occupancy_contrast,low
confirm_K4_i000647,bank,independent_confirmatory64,4,647,5.0,8.0,2.0,2027124915,8,0.2016539437926251,0.035347637773983,2.0004498638257098,1.9999394107546649,1.999841810958453,1.9998211286017145,0.0006287352239953,0.000767699733684,0.0777633736754485,0.0320059009848522,0.0074377475856097,1.803243346648284,3,2,0.0320059009848522,2.4296573845008256,2,0.0320059009848522,2.4296573845008256,3,0.0191370740284443,4.063493382523648,0.0837162283159529,0.0363770036602302,0.0087310252966554,1.8284419873323845,3,2,0.0363770036602302,2.3013503008076777,2,0.0363770036602302,2.3013503008076777,3,0.0199832934700527,4.189310858163165,0.5305927744428071,2.1303464146999143,2.6143745334417816,0.0191370740284443,0.0199832934700527,,,,,2.003447928908122,0.9634547972383376,0.2130856305351097,0.035347637773983,0.1309763990480174,0.1264835084009998,0.1023972545906814,0.1327609786348262,0.2130856305351097,0.1257743969746921,0.035347637773983,0.1135799494481036,0.1505706436416038,2.003447928908122,7.414577010919826,8,0.2130856305351097,4.003897792733832,54.81137759408289,64,0.0560182511607129,6.003837203488496,404.97980573817625,512,0.0157907024420053,8.003679014446949,2991.945173157264,4096,0.0045393109074805,11,occupancy_K4_p06,occupancy_contrast,high
confirm_K5_i001021,bank,independent_confirmatory64,5,1021,5.0,2.0,0.5,2027602519,8,0.1539857151862627,0.027819429820692,1.7495586827129077,1.7493576623256115,1.749340408457965,1.7493386962205424,0.0002199864923653,0.0002406648348569,0.0714819615454381,0.0353427350623396,0.0064419244422802,1.7492147991264642,4,2,0.0353427350623396,2.0225362134354867,2,0.0353427350623396,2.0225362134354867,3,0.0090355084288062,7.911227365750147,0.0736738919463796,0.0369247131222663,0.0068757425556939,1.75587060998995,4,2,0.0369247131222663,1.9952461567522064,2,0.0369247131222663,1.9952461567522064,3,0.0090772639052752,8.116310456013489,0.326980321349421,1.4858406547710827,1.701143189028051,0.0090355084288062,0.0090772639052752,0.001226491599233,0.001438416490246,,,1.7524573953051468,0.8427538645253084,0.3540954058304735,0.027819429820692,0.3046161154262473,0.0829064370766816,0.3540954058304735,0.0652326089070552,0.1203334886337768,0.0313728712126901,0.0742610181660017,0.2439787403526289,0.027819429820692,1.7524573953051468,5.768761399269639,8,0.3540954058304735,3.5020160780180545,33.18228263874016,64,0.1311459914318599,5.251373740343666,190.8282369268823,512,0.0492813539634708,7.000714148801631,1097.4165973970826,4096,0.0186179949363152,12,occupancy_K5_p07,occupancy_contrast,low
confirm_K5_i000095,bank,independent_confirmatory64,5,95,1.0,2.0,2.0,2026667607,8,0.0608217453328542,0.043466217105615,2.001086141482093,2.000811341473888,2.0007877284243136,2.00078578873179,0.0003003527503033,0.0003278451849246,0.0720634361860535,0.0248436220293483,0.0058427735717643,1.4507399860201018,4,2,0.0248436220293483,2.900681555246784,2,0.0248436220293483,2.900681555246784,2,0.0248436220293483,2.900681555246784,0.0754249885394719,0.0264166661551299,0.0064226402759619,1.4603174861833348,4,2,0.0264166661551299,2.855204668770241,2,0.0264166661551299,2.855204668770241,2,0.0264166661551299,2.855204668770241,0.3218192065019432,1.474533059012184,2.0178846303230387,0.0055613094682864,0.0058456970437913,0.001225160513484,0.0013034397197877,,,2.00372291053139,0.9635870354464122,0.2258772472710776,0.043466217105615,0.1360969462634534,0.2258772472710776,0.0890043105734519,0.1424983304614755,0.043466217105615,0.1283818816557377,0.1253380244325292,0.1166118664304269,0.1288221220696858,2.00372291053139,7.416616163694056,8,0.2258772472710775,4.004809052013484,54.86134773496541,64,0.0514969884886536,6.005620393487371,405.7026059310245,512,0.0117638178893882,8.006408121911683,3000.121665251314,4096,0.0026865771405887,13,occupancy_K5_p07,occupancy_contrast,high
confirm_K5_i001171,bank,independent_confirmatory64,5,1171,1.0,0.0,0.5,2027753971,8,0.1630711220218899,0.0323945250072455,1.7343473801276637,1.7326801404456804,1.732328872085623,1.7322593723929978,0.0020880077346658,0.0025782754799736,0.1539104245909501,0.092363640745886,0.035435498932278,2.3316783095022084,4,2,0.092363640745886,1.6663529430849715,3,0.0554083138503612,2.7777496533572426,3,0.0554083138503612,2.7777496533572426,0.1625503642206816,0.0983685814052839,0.0399450118256676,2.3651191089768244,4,2,0.0983685814052839,1.6524622181036157,3,0.0604976244954046,2.686888379113612,3,0.0604976244954046,2.686888379113612,0.5260242691720133,2.109812665414541,1.9386386190447416,0.0554083138503612,0.0604976244954046,0.0120812565131376,0.0136400344617014,,,1.749721146868276,0.8414380071751373,0.3967820196537365,0.0323945250072455,0.3179738297334856,0.3967820196537365,0.149527026217812,0.0598033092231482,0.0323945250072455,0.1593729901440809,0.1092750122765405,0.0421607254681726,0.0506843920092635,1.749721146868276,5.752998210743177,8,0.3967820196537365,3.48406852699594,32.59205434757979,64,0.1545865688301685,5.216748667441619,184.3338779630809,512,0.0617256926105755,6.949077539527243,1042.1879074778835,4096,0.0242734360130962,14,occupancy_K5_p08,occupancy_contrast,low
confirm_K5_i000670,bank,independent_confirmatory64,5,670,5.0,2.0,0.5,2027248139,8,0.1546351740421245,0.024863520496518,1.9615151035233231,1.9596336074171583,1.959526876421687,1.95952117535196,0.001993928171363,0.0021120613062883,0.1729749142207031,0.0831962670715039,0.0410504617844686,2.269454536058211,4,3,0.05690449165993,3.03974096200398,3,0.05690449165993,3.03974096200398,4,0.0311512569425541,5.552742688350752,0.1843143519884327,0.084242874973606,0.0455850850495115,2.2103836436683144,4,2,0.084242874973606,2.187892472166696,3,0.0583066681260972,3.1611196096786807,4,0.033418186198688,5.515390658624942,0.3384812429174064,1.5116729333725385,1.7172062120232736,0.05690449165993,0.0583066681260972,0.0311512569425541,0.033418186198688,,,1.979737491055393,0.9520524868691916,0.1884191143776844,0.024863520496518,0.1423090738037158,0.1206702968025917,0.1736728536271157,0.1884191143776844,0.1497264431721727,0.0706633059757647,0.1338417434184789,0.024863520496518,0.1381427221296738,1.9797374910553935,7.240841949874223,8,0.1884191143776844,3.941252594578717,51.483048316326034,64,0.0550115102640031,5.900886201995876,365.3611081820868,512,0.0186517294226813,7.860413078417562,2592.5910976792343,4096,0.006556475902241,15,occupancy_K5_p08,occupancy_contrast,high
confirm_K5_i000172,bank,independent_confirmatory64,5,172,1.0,0.0,0.5,2026745351,8,0.1311211071364042,0.03398060450989,1.74378069665879,1.741102124665992,1.7401358728600391,1.739907060940704,0.0038736357180857,0.0052975113627087,0.1413283023259461,0.1111440099607497,0.0359669130321151,2.53011724633026,4,3,0.0602076193087669,2.3473491220631435,3,0.0602076193087669,2.3473491220631435,3,0.0602076193087669,2.3473491220631435,0.1517466115899972,0.1169847193924518,0.0442679308544253,2.740329963047392,4,3,0.0867944557362529,1.7483445261886077,3,0.0867944557362529,1.7483445261886077,3,0.0867944557362529,1.7483445261886077,0.5713242940663946,2.332765739131676,2.3172986015001493,0.0602076193087669,0.0867944557362529,0.0039084038681383,0.0047111153134626,,,1.757974291608262,0.8454069308378428,0.4330743260637537,0.03398060450989,0.335763758391409,0.1078947893261789,0.0999368133193508,0.03398060450989,0.1068732656703316,0.0753455440053116,0.4330743260637537,0.0782410175145456,0.0646536395906373,1.7579742916082624,5.800675008800148,8,0.4330743260637537,3.5017549882670527,33.17362021571248,64,0.1716897924641536,5.242857112933045,189.2099249951606,512,0.0694551113838711,6.982992985793085,1078.14040174379,4096,0.0286270339114258,16,occupancy_K5_p09,occupancy_contrast,low
confirm_K5_i000796,bank,independent_confirmatory64,5,796,1.0,2.0,0.5,2027375358,8,0.1048210474860881,0.0489859928908411,1.9900031164609808,1.9861425430612192,1.985569133147636,1.9854852862742176,0.0045178301867627,0.0052589338471822,0.2313832454983397,0.0901339654456244,0.065449416700842,1.821871605338144,4,2,0.0901339654456244,2.5671038032596867,3,0.0599479570579356,3.859735291308151,3,0.0599479570579356,3.859735291308151,0.2464427929176097,0.0949143235065619,0.0741148246945589,1.817349921714856,4,2,0.0949143235065619,2.5964763147742578,3,0.06456633927567,3.81689275994736,3,0.06456633927567,3.81689275994736,0.4446821518302619,1.8007705016071096,2.3641643124599705,0.0599479570579356,0.06456633927567,0.0139039965881769,0.0142560001177709,,,2.0178322773361166,0.9703722066194996,0.1749171167582821,0.0489859928908411,0.1170705617805385,0.1727942007632597,0.0489859928908411,0.1351990669559028,0.1749171167582821,0.0728901038631829,0.1228151092415134,0.1300225299985757,0.142375879528442,2.0178322773361166,7.5220016344403025,8,0.1749171167582821,4.007835393797097,55.02762840808534,64,0.0425506409749018,5.993977936858316,401.00662038490026,512,0.0111712461555757,7.979547070005953,2920.607933527395,4096,0.0029806258274341,17,occupancy_K5_p09,occupancy_contrast,high
confirm_K6_i000561,bank,independent_confirmatory64,6,561,5.0,2.0,0.1,2027238090,8,0.1376143903904652,0.0291278105908219,1.673504067005787,1.6731784987144558,1.6731712392743243,1.6731710767557806,0.0003329902500064,0.0003405747272253,0.0885383197053903,0.048376870966599,0.0113250095501786,2.3973116433995774,5,3,0.0286776563670229,3.087362459897612,3,0.0286776563670229,3.087362459897612,4,0.0178669502698722,4.9554243095804855,0.0903057141913904,0.050792978541073,0.0119880151126894,2.442321255619903,5,3,0.0301772725575919,2.9925074911606453,3,0.0301772725575919,2.9925074911606453,4,0.0183034090108452,4.933819385114639,0.1323975984238798,1.1526016965644186,1.1692404726331267,0.0286776563670229,0.0301772725575919,0.0178669502698722,0.0183034090108452,0.0020044856583676,0.0026988641249571,1.6788918326414115,0.807376307046916,0.4008387225873053,0.0291278105908219,0.3476519157826497,0.4008387225873053,0.2463318603086452,0.0327741448596785,0.0465623284417188,0.0908574153015361,0.0291278105908219,0.0905883019057045,0.0629194160045894,1.6788918326414115,5.359613330462446,8,0.4008387225873053,3.3523958996471985,28.57110520624348,64,0.1698617703329221,5.025574398361655,152.2576875663112,512,0.0704405839335337,6.698745637635978,811.3874127387849,4096,0.0291239173487296,18,occupancy_K6_p10,occupancy_contrast,low
confirm_K6_i000835,bank,independent_confirmatory64,6,835,5.0,8.0,0.5,2027514726,8,0.1474808545804868,0.0321403194953765,1.922526595809038,1.922307527353376,1.922293589739354,1.922292439959355,0.000234155849683,0.0002503930237027,0.0743449370872305,0.0662891695275189,0.0107179570011601,2.546957714068496,5,2,0.0662891695275189,1.121524641462998,3,0.0257428228971811,2.887986969578671,4,0.0114787927604789,6.476720909466834,0.0754746838756878,0.0681124833204609,0.011198493254389,2.5795199114616967,5,2,0.0681124833204609,1.1080888582580182,3,0.0263018416904918,2.869558898720465,4,0.0127704783679959,5.9100905777214185,0.2911738471999621,1.410783160369794,1.5624488773865486,0.0257428228971811,0.0263018416904918,0.0114787927604789,0.0127704783679959,0.0014414298644293,0.0028076627494859,1.927585200809311,0.9269725366995166,0.2661771594850791,0.0321403194953765,0.1955080129216598,0.1806778029927875,0.120761458545141,0.0321403194953765,0.1445265580086895,0.2661771594850791,0.0557553173536933,0.0921243114990286,0.107837072620204,1.927585200809311,6.872893528912522,8,0.2661771594850791,3.850111796618349,46.9983171908164,64,0.081773668154046,5.772419323971725,321.3141560990182,512,0.0256164078254325,7.694712913711077,2196.7030764605965,4096,0.0080477816223231,19,occupancy_K6_p10,occupancy_contrast,high
confirm_K6_i000306,bank,independent_confirmatory64,6,306,1.0,0.0,0.1,2026980642,8,0.0913146576888045,0.0425060524055787,1.6788070315242665,1.677163653226368,1.6770784224149853,1.6770753402715843,0.0017316912526821,0.0018230863508668,0.1636967485057862,0.1010956227359363,0.0404968224498619,2.412437323692131,5,2,0.1010956227359363,1.619226867352756,3,0.0526209859342075,3.1108643367202906,4,0.0253630180987698,6.454150995292083,0.1653485747106562,0.110051100164489,0.0438953064727196,2.5991315078658426,5,3,0.0531509851158355,3.110922108975044,3,0.0531509851158355,3.110922108975044,4,0.0393243769253322,4.204734763493254,0.2038223698309244,1.256001126014607,1.3497890619101,0.0526209859342075,0.0531509851158355,0.0253630180987698,0.0393243769253322,0.0082232107088385,0.0085133323152798,1.6979619440990417,0.8165470921232904,0.4674146753357421,0.0425060524055787,0.3723555399697597,0.1275908520018406,0.0842257721640386,0.0552990143770666,0.0855848079276599,0.0593945891162598,0.0779842366718134,0.4674146753357421,0.0425060524055787,1.6979619440990417,5.462802541715291,8,0.467414675335742,3.376768975623308,29.27602657923364,64,0.2264194374105536,5.053932628849676,156.63725100269184,512,0.1105295320638794,6.731011051264659,837.9940927766191,4096,0.053988050811975,20,occupancy_K6_p11,occupancy_contrast,low
confirm_K6_i000268,bank,independent_confirmatory64,6,268,5.0,8.0,0.5,2026942266,8,0.1289724393515771,0.0504725284568926,1.9207763223264505,1.919682823643832,1.9196074424046643,1.919601801784163,0.0011745205422872,0.0012611830224578,0.1580918033265576,0.1161086502786276,0.0437703926079086,2.6531396973914134,5,3,0.0697844048245254,2.265431706755733,3,0.0697844048245254,2.265431706755733,3,0.0697844048245254,2.265431706755733,0.1653360082003777,0.1172288400218453,0.046692981378238,2.6330325944002104,5,3,0.0716377103629751,2.3079465739852743,3,0.0716377103629751,2.3079465739852743,4,0.0199538039705314,8.285939284787611,0.3834433283945596,1.62191092247225,1.7717424485767252,0.0697844048245254,0.0716377103629751,0.0193324370661117,0.0199538039705314,0.0072490950961206,0.0091798147471177,1.939692370071147,0.9327948543839348,0.2560950929817386,0.0504725284568926,0.1879260266590156,0.1706584452506682,0.1604081610163736,0.2560950929817386,0.1125056139655912,0.0510989044976576,0.0654151559577325,0.0504725284568926,0.1333460978733455,1.939692370071147,6.956610579812288,8,0.2560950929817386,3.860468692397597,47.48760323242168,64,0.080923341135124,5.78015151604143,323.80824884462686,512,0.0258928740615898,7.699758958446095,2207.815752404174,4096,0.0082941379736163,21,occupancy_K6_p11,occupancy_contrast,high
confirm_K6_i000775,bank,independent_confirmatory64,6,775,5.0,0.0,0.5,2027454152,8,0.1468818555654155,0.0409004602816891,1.7931761032856557,1.7931236545102935,1.7931213997137858,1.7931213195904157,5.47836952400349e-05,5.7198738488084544e-05,0.0452601235293376,0.0191673776539799,0.0026209028218861,2.0447653999103146,5,2,0.0191673776539799,2.3613101565794934,3,0.0127515861219402,3.549372062151817,4,0.0058383080388032,7.752267134334847,0.0454700394876298,0.0205767158930665,0.0027298873239988,2.156768679225668,5,2,0.0205767158930665,2.209781178100988,3,0.013634642214551,3.334890551004238,4,0.0065459040935828,6.946334507437279,0.1937144713946271,1.240255423819517,1.1979633186260132,0.0127515861219402,0.013634642214551,0.0058383080388032,0.0065459040935828,0.0028890975206324,0.0031951944114675,1.7944391502810646,0.8629428210958325,0.3415404094645348,0.0409004602816891,0.2920284157387204,0.0756867642526053,0.0612680488939545,0.0798040499704677,0.0680863146020708,0.0765741359839516,0.256139816550726,0.3415404094645348,0.0409004602816891,1.7944391502810646,6.016099647644553,8,0.3415404094645348,3.5876152535667205,36.14776979317144,64,0.1168772520267226,5.380738908077014,217.18269419721528,512,0.0399223722386051,7.173860307790799,1304.872100652313,4096,0.0136154853965454,22,occupancy_K6_p12,occupancy_contrast,low
confirm_K6_i000161,bank,independent_confirmatory64,6,161,5.0,8.0,2.0,2026834235,8,0.1494236800824657,0.0481821352248878,2.0188371368569085,2.01878911573773,2.018786576263329,2.0187864500955435,5.068676136499306e-05,5.3478571337084446e-05,0.0397470803145563,0.026100159141213,0.002707366321895,2.8937501101707745,5,3,0.0184147051136853,2.158442400742943,3,0.0184147051136853,2.158442400742943,4,0.0098173616234745,4.048651953444997,0.0402420111112836,0.0267364622519269,0.0028108434139316,2.936056810104056,5,3,0.0188608872766282,2.133622375292499,3,0.0188608872766282,2.133622375292499,4,0.0104102877423519,3.8656002703525534,0.2089444360113337,1.2641337037790272,1.4557536626795426,0.0184147051136853,0.0188608872766282,0.0098173616234745,0.0104102877423519,0.0032917575087712,0.0035324753590037,2.020125030986486,0.9714747880599556,0.176786107287289,0.0481821352248878,0.1132890869059361,0.0481821352248878,0.0710266150318808,0.1463848286049068,0.1377105505379353,0.176786107287289,0.1371042711884041,0.1455874290415648,0.1372180630831312,2.020125030986485,7.539267516789648,8,0.176786107287289,4.038962167843394,56.76739719268025,64,0.031784797725795,6.0577512835811245,427.4132242580863,512,0.0057238880735073,8.076537859844453,3218.0725097329605,4096,0.0010309444921516,23,occupancy_K6_p12,occupancy_contrast,high
confirm_K3_i000696,bank,independent_confirmatory64,3,696,5.0,2.0,0.1,2027074390,8,0.225778983559302,4.291785127817738e-05,1.5283598166839658,1.5283280896279985,1.5283280273119262,1.528328027222032,3.178946193371779e-05,3.1851957794204466e-05,0.2802167113385399,0.0311722617403064,0.0794931152153927,1.0682128670170787,2,1,0.2802167113385399,1.0,1,0.2802167113385399,1.0,2,0.0311722617403064,8.989296755974992,0.2802653571509284,0.0315850663801937,0.0795462868371786,1.069699117857314,2,1,0.2802653571509284,1.0,1,0.2802653571509284,1.0,2,0.0315850663801937,8.873350265512707,0.2318725344953867,1.3018672615007465,1.648692395531905,,,,,,,1.567896546148032,0.7539988572515666,0.3341921234346295,4.291785127817738e-05,0.3439427021088553,0.1252942452465544,0.3341921234346295,0.0496453395109443,4.291785127817738e-05,0.3031619405664061,0.046143922112715,0.0022083599302943,0.1393111513471779,1.567896546148032,4.796548257216103,8,0.3341921234346295,3.096256362831997,22.115005562182105,64,0.1323763156944625,4.6245844524599935,101.96039488695864,512,0.052435258729538,6.15291247977192,470.084506578156,4096,0.0207700020645046,24,gain_K3_p13,gain_contrast,low
confirm_K3_i001038,bank,independent_confirmatory64,3,1038,1.0,2.0,0.1,2027419689,8,0.2303782450691803,3.4083070924987555e-05,1.5724457105816976,1.5696313013952743,1.5688856177908916,1.5686950036650398,0.0037507069166577,0.0048776187727443,0.179260073258682,0.0242977445776127,0.0327245542562669,1.0945172965104797,2,1,0.179260073258682,1.0,1,0.179260073258682,1.0,2,0.0242977445776127,7.3776425085909905,0.2006144801484723,0.0244622881507149,0.0408445731868104,1.0794124571936998,2,1,0.2006144801484723,1.0,1,0.2006144801484723,1.0,2,0.0244622881507149,8.200969545958397,0.5386788605431313,2.1676873537105603,1.3472628258824038,,,,,,,1.5825429083285107,0.76104226861318,0.2880118225567632,3.408307092498756e-05,0.3391762447287292,0.2880118225567632,0.2732944510097442,0.0636339115668988,0.0461184397480554,0.0197626204458976,3.408307092498756e-05,0.2729950882570208,0.0361495833446949,1.5825429083285107,4.867317229119485,8,0.2880118225567632,3.1549886189102083,23.45277017182892,64,0.0826626513399085,4.724619920305484,112.68765994220928,512,0.0241756118231976,6.293505538096374,541.0466682669479,4096,0.0071461471136777,25,gain_K3_p13,gain_contrast,high
confirm_K3_i001170,bank,independent_confirmatory64,3,1170,1.0,0.0,0.1,2027552962,8,0.2514781266847741,0.0007546631991996,1.5406950400899275,1.5405404546746913,1.5405395030095466,1.5405394979140543,0.0001555421758734,0.0001565040320026,0.3823329338169623,0.0042492879503629,0.1461965287291708,1.0012357374768377,2,1,0.3823329338169623,1.0,1,0.3823329338169623,1.0,1,0.3823329338169623,1.0,0.3825932495681139,0.0046912022361692,0.1463996019935098,1.0014746589416408,2,1,0.3825932495681139,1.0,1,0.3825932495681139,1.0,1,0.3825932495681139,1.0,0.3635168580736799,1.5711335212641986,2.24360419269503,,,,,,,1.624344424994073,0.7811445488781947,0.3610164069976288,0.0007546631991996,0.3291860239511343,0.0306465041925644,0.1425282885116556,0.0440128724599705,0.1917671925515745,0.0230362381913169,0.0007546631991996,0.2062378338960893,0.3610164069976288,1.624344424994073,5.075090843649128,8,0.3610164069976288,3.165039465084001,23.689678929551988,64,0.1043204514771579,4.705579919758692,110.5623836704761,512,0.0478396344031522,6.246119422768238,516.0065312012582,4096,0.0140535006664749,26,gain_K3_p14,gain_contrast,low
confirm_K3_i000162,bank,independent_confirmatory64,3,162,0.2,0.0,0.1,2026535261,8,0.1367652113411348,0.0007439675662826,1.587818971014926,1.580213066408774,1.5790157938413902,1.578839792544503,0.0089791784704229,0.010528453631581,0.301845530173152,0.0136643651181004,0.0912974389595919,1.0148157469533532,2,1,0.301845530173152,1.0,1,0.301845530173152,1.0,1,0.301845530173152,1.0,0.3277840953440324,0.0144392276989205,0.107650904457047,1.014132089311536,2,1,0.3277840953440324,1.0,1,0.3277840953440324,1.0,1,0.3277840953440324,1.0,0.3628204498472913,1.569416343886643,2.8189243378492983,,,,,,,1.6294254176134662,0.783587989829792,0.2941704068102616,0.0007439675662826,0.2999329234135278,0.0022018886580045,0.1093078205927552,0.2491882839417643,0.0186614426069771,0.0007439675662826,0.1407485838649279,0.2941704068102616,0.1849776059590265,1.6294254176134662,5.100942964368191,8,0.2941704068102616,3.217244388628393,24.959247345722208,64,0.1016973399721324,4.797457455037167,121.20186424025394,512,0.0415012763261448,6.376473248878557,587.8508438973772,4096,0.0169360943066476,27,gain_K3_p14,gain_contrast,high
confirm_K3_i000012,bank,independent_confirmatory64,3,12,1.0,2.0,0.1,2026383809,8,0.1430148130267273,6.895136119522283e-05,1.3051433220166793,1.3045288426253991,1.3045243376604785,1.3045243056439315,0.0006190163727477,0.0006235853707621,0.2975649199436811,0.2456136080040037,0.1488709260178337,1.96417630077186,2,2,0.2456136080040037,1.2115164235477969,2,0.2456136080040037,1.2115164235477969,2,0.2456136080040037,1.2115164235477969,0.2989281579153647,0.2465563218845139,0.1501480634558933,1.9639069741647184,2,2,0.2465563218845139,1.2124132759223332,2,0.2465563218845139,1.2124132759223332,2,0.2465563218845139,1.2124132759223332,0.2990269863016314,1.426588442719,1.772539914501909,,,,,,,1.386275512169692,0.6666576022376743,0.4774613830272658,6.895136119522283e-05,0.4245619320794123,0.1326841414340611,8.938329134810716e-05,0.0932589473134146,0.088587756429289,0.2076856255967972,6.895136119522283e-05,0.4774613830272658,0.0001638115466288,1.386275512169692,3.999924604909768,8,0.4774613830272658,2.691418834186371,14.752592560974437,64,0.2706003349807244,3.9959476768117694,54.37734836574344,512,0.1533689761155412,5.30047201447223,200.43139416921832,4096,0.0869254157068507,28,gain_K3_p15,gain_contrast,low
confirm_K3_i000306,bank,independent_confirmatory64,3,306,1.0,0.0,0.1,2026680642,8,0.2314865003288507,7.301245731672838e-05,1.3180540356343609,1.2976624620548756,1.2944131585189065,1.293613823841936,0.0244402117924247,0.0292881846823345,0.3276407683860815,0.0996349018654045,0.1172755867783507,1.3363961408611014,2,1,0.3276407683860815,1.0,2,0.0996349018654045,3.288413620647584,2,0.0996349018654045,3.288413620647584,0.352834976991802,0.1788486830421028,0.1564793724147,1.6594120928760605,2,2,0.1788486830421028,1.9728128325593592,2,0.1788486830421028,1.9728128325593592,2,0.1788486830421028,1.9728128325593592,0.465205603541109,1.869877483050384,2.18491027160792,,,,,,,1.3577191320022584,0.6529248862199087,0.4183146461504844,7.301245731672839e-05,0.4121028569169694,0.0092420318933605,0.4183146461504844,0.2280406360181806,0.0907899822878507,7.301245731672839e-05,0.2438208919212295,0.0021213725653197,0.0075974267062576,1.3577191320022584,3.887316726177024,8,0.4183146461504844,2.6757731676366188,14.523574657592006,64,0.2001844655710485,3.9734356296914943,53.16687912825298,512,0.0804269937956776,5.267848788210401,193.9981820630499,4096,0.0312005269379577,29,gain_K3_p15,gain_contrast,high
confirm_K4_i000291,bank,independent_confirmatory64,4,291,5.0,2.0,0.1,2026765490,8,0.1547622130437893,0.0017599662219267,1.5723498344790576,1.5722836733525003,1.572283564651818,1.5722835644528137,6.627002624393086e-05,6.63791249351231e-05,0.3242903712045547,0.1068778347289194,0.1174637296616267,1.4364995473390996,3,2,0.1068778347289194,3.0342153920602097,2,0.1068778347289194,3.0342153920602097,2,0.1068778347289194,3.0342153920602097,0.3244157226199148,0.1070812354041672,0.117590353856674,1.4373948329099486,3,2,0.1070812354041672,3.0296225234555862,2,0.1070812354041672,3.0296225234555862,2,0.1070812354041672,3.0296225234555862,0.2961356572032715,1.4207283125418866,1.6502538522677486,0.0296076552482057,0.0296378440172333,,,,,1.6332187323477791,0.7854121886150335,0.3211745454977196,0.0017599662219267,0.3161430263790422,0.0210286456861486,0.0017599662219267,0.2716822238707262,0.1311711868603882,0.3211745454977196,0.0099108797770364,0.1395516209328837,0.1037209311531702,1.6332187323477791,5.120329192259692,8,0.3211745454977196,3.205568566826837,24.669522301790085,64,0.1526560065061311,4.777852240179338,118.8488170173346,512,0.0728008812040777,6.350135804831156,572.5704615688236,4096,0.034719425356044,30,gain_K4_p16,gain_contrast,low
confirm_K4_i000657,bank,independent_confirmatory64,4,657,1.0,0.0,0.1,2027135022,8,0.2097336811657565,0.0028505597941965,1.61615846284028,1.6107242604817582,1.610172490274641,1.6101016956147456,0.0060567672255344,0.0067501267524425,0.2407381584249673,0.130685366311721,0.0770006795634737,1.8994788096614024,3,2,0.130685366311721,1.8421202405381767,2,0.130685366311721,1.8421202405381767,3,0.0443526061646935,5.427824410837085,0.2450867394965953,0.160206433157992,0.0878000048274526,2.02883415090677,3,2,0.160206433157992,1.529818339160552,2,0.160206433157992,1.529818339160552,3,0.0454576036013166,5.391545529898907,0.446452194948561,1.806528706056515,1.763041513112545,0.0443526061646935,0.0454576036013166,,,,,1.6498785603206714,0.7934238723478851,0.3840198884010633,0.0028505597941965,0.3334195147527614,0.0028505597941965,0.1785324095851174,0.0285718366842194,0.0382947400634507,0.1927655242502007,0.0553298843687497,0.1196351568530021,0.3840198884010633,1.6498785603206712,5.2063475316130265,8,0.3840198884010632,3.2660370231609512,26.20727445441281,64,0.1594526048361687,4.876761283642709,131.2050391125813,512,0.0670245851655681,6.48693377391735,656.5072741748584,4096,0.0284911509388161,31,gain_K4_p16,gain_contrast,high
confirm_K4_i000183,bank,independent_confirmatory64,4,183,5.0,2.0,0.1,2026656450,8,0.210946768702875,0.0003688177866756,1.736761052417844,1.7366327906366887,1.736632442203425,1.7366324416055816,0.0001286108122624,0.0001289604412129,0.2186524575251485,0.117945468675823,0.0617607821019992,1.713925936774818,3,2,0.117945468675823,1.8538436446941595,2,0.117945468675823,1.8538436446941595,2,0.117945468675823,1.8538436446941595,0.2188157859964319,0.1186440851567729,0.0619976189675498,1.7177235824329091,3,2,0.1186440851567729,1.844304212108804,2,0.1186440851567729,1.844304212108804,2,0.1186440851567729,1.844304212108804,0.15645441863284,1.1854723942472316,1.3571426741667976,0.0063836775492516,0.0063915431333836,,,,,1.767356090249049,0.8499186222957369,0.2690328815933659,0.0003688177866756,0.2622131119170551,0.2690328815933659,0.0562691497090507,0.2253888234099002,0.0583090927044583,0.0003688177866756,0.2214290030703923,0.1028370477810871,0.0663651839450695,1.7673560902490488,5.855351856254279,8,0.2690328815933659,3.504117142666893,33.25207405222166,64,0.0892517371848,5.240749933303582,188.81164546614403,512,0.0296108740776452,6.977382375507007,1072.108313786939,4096,0.0098239418348233,32,gain_K4_p17,gain_contrast,low
confirm_K4_i000930,bank,independent_confirmatory64,4,930,1.0,2.0,0.1,2027410649,8,0.1078125397584044,0.0006904377906844,1.7454680620097027,1.7402658978991168,1.7390091968846348,1.7387194148644225,0.0067486471452802,0.0085849122001868,0.2853804532472626,0.1365094788786875,0.1022369123301,1.7734298599667706,3,2,0.1365094788786875,2.090554118229935,2,0.1365094788786875,2.090554118229935,3,0.046476568405554,6.140308181900091,0.303824343252369,0.1478429154002386,0.1170958828775328,1.8095316782054776,3,2,0.1478429154002386,2.055048376378802,2,0.1478429154002386,2.055048376378802,3,0.0541213792392373,5.61375832477122,0.5394506430657993,2.17131993551534,1.9927710030473065,0.046476568405554,0.0541213792392373,,,,,1.7934788795100307,0.8624810284694054,0.2888523139471243,0.0006904377906844,0.2399843406707241,0.2888523139471243,0.1678166152990715,0.1018023617836653,0.1478461560577299,0.1537431526275834,0.0174726311539049,0.0006904377906844,0.121776331340236,1.7934788795100307,6.010325335892409,8,0.2888523139471243,3.5389469415197325,34.43064261334591,64,0.0877884081263468,5.27921283941885,196.2153615481622,512,0.0279254040278856,7.018222036303484,1116.7992230373457,4096,0.0091491444254663,33,gain_K4_p17,gain_contrast,high
confirm_K4_i000480,bank,independent_confirmatory64,4,480,5.0,2.0,0.1,2026956310,8,0.1729574289833685,0.0181958717433157,1.8014092793326717,1.801256223890256,1.8012555078186057,1.801255503678603,0.0001537756540685,0.0001545000057239,0.2315606841916783,0.1151168195655183,0.0670785891678835,1.6772989346083087,3,2,0.1151168195655183,2.011527812057789,2,0.1151168195655183,2.011527812057789,2,0.1151168195655183,2.011527812057789,0.2320203583248378,0.1153363223115789,0.0673627609333196,1.6798006943554251,3,2,0.1153363223115789,2.011685076085911,2,0.1153363223115789,2.011685076085911,2,0.1153363223115789,2.011685076085911,0.2177606952287777,1.2783811729998216,1.497725600985531,0.0143651159997155,0.0150614412249653,,,,,1.83297970290554,0.8814769091439827,0.2526987384720782,0.0181958717433157,0.2368039302618942,0.2526987384720782,0.0181958717433157,0.0803986873020893,0.2149975618808143,0.1853787965003376,0.1614080824103969,0.0419036278830895,0.0450186338078781,1.83297970290554,6.252489490406065,8,0.2526987384720783,3.634388982238211,37.87870126556663,64,0.0676360559351626,5.435645206128466,229.4408371632041,512,0.0202973799359465,7.236900713947072,1389.7799634907346,4096,0.0055928659362827,34,gain_K4_p18,gain_contrast,low
confirm_K4_i000754,bank,independent_confirmatory64,4,754,5.0,8.0,0.5,2027232946,8,0.2075608720983829,0.0179331765136361,1.8121612366872928,1.808148755679073,1.807786499158004,1.8077509200711688,0.004410316616124,0.0048437313108622,0.2875932961364487,0.1630353834653771,0.1094329868482802,1.7576623665085995,3,2,0.1630353834653771,1.7639931285071209,2,0.1630353834653771,1.7639931285071209,2,0.1630353834653771,1.7639931285071209,0.3005681194488672,0.1663480456653357,0.1183043871473441,1.751638899092819,3,2,0.1663480456653357,1.806862943575302,2,0.1663480456653357,1.806862943575302,2,0.1663480456653357,1.806862943575302,0.4894381204220155,1.958626446664155,2.1859845836103147,0.0119392882514252,0.0170739691237569,,,,,1.8590331783122744,0.8940059823997222,0.3190894430016597,0.0179331765136361,0.2422121003330774,0.161528973970993,0.0975644118234771,0.0179331765136361,0.3190894430016597,0.0615051317045629,0.1150274593746475,0.1527786314148532,0.0745727721961701,1.8590331783122744,6.417529164710222,8,0.3190894430016597,3.671194414999568,39.298816935494536,64,0.1369111905404635,5.479343170678639,239.689220750798,512,0.0604487303107539,7.287129669836643,1461.3700569215398,4096,0.0269912064634232,35,gain_K4_p18,gain_contrast,high
confirm_K5_i000132,bank,independent_confirmatory64,5,132,5.0,8.0,0.1,2026704957,8,0.1667299865928967,0.0035656475638622,1.590604465407667,1.5903443924767595,1.5903440143456815,1.590344013742338,0.000260451665329,0.0002608310030942,0.4007499477521234,0.338496875678707,0.3529677346969638,3.179990005499763,4,3,0.2542749430041328,1.5760497004441758,3,0.2542749430041328,1.5760497004441758,4,0.1145920267280109,3.497188759068905,0.4010545183872299,0.3386653995425727,0.3533979663592894,3.1798878555290147,4,3,0.2543624774266916,1.5767047185755434,3,0.2543624774266916,1.5767047185755434,4,0.1147114504768458,3.496203009552053,0.3684828763607258,1.583488337160601,1.9657000413060213,0.2542749430041328,0.2543624774266916,0.1145920267280109,0.1147114504768458,,,1.7449141953217595,0.8391263521224862,0.2290201601523362,0.0035656475638622,0.2517946784735865,0.1021222221481776,0.2090226558126559,0.2035639831831338,0.005317545745802,0.0035656475638622,0.1935196182076898,0.2290201601523362,0.0538681671863423,1.7449141953217595,5.725410187365279,8,0.2290201601523362,3.3355186607294263,28.092950155846268,64,0.1037423091141256,4.925863053206186,137.80822616507575,512,0.053281116116054,6.516207067551867,676.0094583261863,4096,0.0273661207891363,36,gain_K5_p19,gain_contrast,low
confirm_K5_i000954,bank,independent_confirmatory64,5,954,1.0,0.0,0.1,2027534882,8,0.1228711224701698,0.0018051559791569,1.6541678184332262,1.6449669241058404,1.6431495428490033,1.6428201692232542,0.011347649209972,0.0138237777183072,0.3394919539545744,0.2789199346026904,0.2460643838238254,3.0569493895726216,4,3,0.2190996483368114,1.549486530588537,3,0.2190996483368114,1.549486530588537,4,0.0707715423305657,4.79701222800609,0.3604721817499643,0.2808137647146589,0.2694292254909246,3.0469190151372016,4,3,0.2351163834691824,1.5331648795848911,3,0.2351163834691824,1.5331648795848911,4,0.0731638397468158,4.926917217540548,0.4008522393206652,1.669037365450828,2.006491718896324,0.2190996483368114,0.2351163834691824,0.0707715423305657,0.0731638397468158,,,1.7765073591954903,0.8543194524046943,0.2564207701711977,0.0018051559791569,0.2530241910652292,0.2062165581622121,0.0350687281730481,0.0469701694420606,0.2564207701711977,0.226906829156027,0.1217299484700128,0.0018051559791569,0.1048818404462847,1.7765073591954907,5.909181685823129,8,0.2564207701711977,3.430675177628717,30.89749700748345,64,0.0912029252152699,5.075642101734557,160.0749433862353,512,0.0341127713352288,6.71879164458356,827.8166101962622,4096,0.0127725772973629,37,gain_K5_p19,gain_contrast,high
confirm_K5_i000105,bank,independent_confirmatory64,5,105,5.0,8.0,0.1,2026677697,8,0.1617885844857127,0.001434388409229,1.5444933572120714,1.5433947127859864,1.5433696897556746,1.5433691381234025,0.0011242190886691,0.0011503453835255,0.2893882358237314,0.2024632762487047,0.1404554455228455,2.501225950766496,4,3,0.1250135586266675,2.3148547965740405,3,0.1250135586266675,2.3148547965740405,3,0.1250135586266675,2.3148547965740405,0.2914262879819113,0.205041624993459,0.1427966254478803,2.508681854609677,4,3,0.1250770883390393,2.329973393623928,3,0.1250770883390393,2.329973393623928,3,0.1250770883390393,2.329973393623928,0.2672061531764028,1.364640279574736,1.6696732869689708,0.1250135586266675,0.1250770883390393,0.0094934935514424,0.0134535539406629,,,1.6152295321156078,0.7767612119601961,0.2940223917970759,0.001434388409229,0.3114619247218135,0.2716771429472268,0.1544796212103125,0.1799258081333017,0.0282693985401976,0.0686293522212493,0.2940223917970759,0.001561896741407,0.001434388409229,1.6152295321156078,5.029042117678114,8,0.2940223917970759,3.1597228893276785,23.56406517029647,64,0.1213583578052231,4.7031176021136645,110.29047885767726,512,0.0505416130779243,6.246487291869339,516.196388979317,4096,0.0210595051766308,38,gain_K5_p20,gain_contrast,low
confirm_K5_i000999,bank,independent_confirmatory64,5,999,0.2,0.0,0.1,2027580321,8,0.0717324860981374,0.0018049110359876,1.5601885040472308,1.5384941385403308,1.5313921652333558,1.529094922403946,0.0310935816432846,0.042790040609079,0.3798737478850199,0.1808706072984377,0.198366765519738,2.1691338831242537,4,3,0.1454244771859693,2.6121720031988565,3,0.1454244771859693,2.6121720031988565,3,0.1454244771859693,2.6121720031988565,0.4166751439104543,0.2232111258530826,0.2538436434369968,2.3195811299834825,4,3,0.1733065018989165,2.404267233744559,3,0.1733065018989165,2.404267233744559,3,0.1733065018989165,2.404267233744559,0.5210169965382554,2.0877567528966985,2.2053283381039464,0.1454244771859693,0.1733065018989165,0.014150831714359,0.0191603126059862,,,1.643252953295773,0.7902376288819851,0.347019562263097,0.0018049110359876,0.3270705522016339,0.1638594622791152,0.0018049110359876,0.0627808207827294,0.021916787925161,0.0394163024730794,0.347019562263097,0.10170719565693,0.2614949575839,1.643252953295773,5.171966342730744,8,0.347019562263097,3.203441457343004,24.61710329718577,64,0.1294860156231441,4.741935595883335,114.65591455388513,512,0.0464729001823165,6.273327761116691,530.2389537730841,4096,0.0167057084326824,39,gain_K5_p20,gain_contrast,high
confirm_K5_i000777,bank,independent_confirmatory64,5,777,5.0,2.0,0.1,2027356170,8,0.1238030606806216,0.0022213227563901,1.6642776544645226,1.6641864457493665,1.664185951619224,1.6641859489784343,9.170548608805618e-05,9.220489780958908e-05,0.1711441615625754,0.0875236155145013,0.0413366109721922,2.330158320403449,4,3,0.0596427088274198,2.869490083989852,3,0.0596427088274198,2.869490083989852,4,0.0287862978903624,5.945334207768131,0.1715753920499385,0.0875427301160402,0.0414982358110032,2.3275376549821853,4,3,0.0596855703195612,2.8746544789856325,3,0.0596855703195612,2.8746544789856325,4,0.0288794694094607,5.941085330111073,0.2046549943513069,1.25731599858905,1.3243092021656788,0.0596427088274198,0.0596855703195612,0.0287862978903624,0.0288794694094607,,,1.6842145459540452,0.8099359910803194,0.270179241323915,0.0022213227563901,0.2813531298175742,0.0938317163394521,0.0320316625866434,0.1911980491876549,0.0054209584774708,0.165942845581126,0.270179241323915,0.2391742037473473,0.0022213227563901,1.6842145459540452,5.3882170729157615,8,0.2701792413239151,3.3484922004185678,28.459789617537865,64,0.0852377272441434,5.012678646167933,150.30681617072676,512,0.0311539239935562,6.676864597787157,793.8262414281714,4096,0.0114078228539667,40,gain_K5_p21,gain_contrast,low
confirm_K5_i001023,bank,independent_confirmatory64,5,1023,5.0,8.0,0.1,2027604537,8,0.1664695513132713,0.0018500370318123,1.627838135006043,1.62624874629448,1.6260302317303426,1.6260018313808295,0.0018363036252133,0.0021116188883767,0.2221269086797321,0.1340506441230148,0.0709727046556749,2.155014862088904,4,2,0.1340506441230148,1.6570372349415343,3,0.0580714170530735,3.825064376795254,3,0.0580714170530735,3.825064376795254,0.2227365708226903,0.1445905680792766,0.0745687045542279,2.2293839722643227,4,2,0.1445905680792766,1.540464041199198,3,0.0608658256825548,3.659468483749333,3,0.0608658256825548,3.659468483749333,0.3447800193743769,1.526204983927949,1.6079498008068684,0.0580714170530735,0.0608658256825548,0.0170433690247464,0.0186022433827091,,,1.6601131327511849,0.798345661311592,0.3142823163313019,0.0018500370318123,0.3014441429770982,0.0076095622822289,0.1760736141058789,0.0018500370318123,0.3142823163313019,0.1678059241556855,0.0623124436170952,0.2286344204924366,0.0414316819835605,1.6601131327511849,5.259905878410348,8,0.3142823163313019,3.287951267757227,26.787926111013935,64,0.1120001441604285,4.914200014051708,136.21029987923882,512,0.0405277533915872,6.540230245782048,692.4459924525974,4096,0.0147840116712821,41,gain_K5_p21,gain_contrast,high
confirm_K6_i000915,bank,independent_confirmatory64,6,915,5.0,8.0,0.1,2027595497,8,0.1497035309301582,0.0027039869088792,1.6897391470589296,1.68895967391053,1.688921209800545,1.688918843868094,0.0008203031908355,0.0008634991657225,0.2318283508306855,0.2145311538917297,0.1226349264061313,3.2985106790821983,5,3,0.1240693037967999,1.8685391449473487,4,0.0756841418877034,3.063103380027239,5,0.0417809129775579,5.548666467753091,0.2330020948017846,0.2151344405431814,0.1244657093013992,3.341251536306648,5,3,0.1257142654476844,1.8534260528988868,4,0.0776316639979271,3.0013796278797544,5,0.0454109438287051,5.130967893569736,0.2633070216668033,1.357417580200843,1.5503473400746586,0.1240693037967999,0.1257142654476844,0.0756841418877034,0.0776316639979271,0.0417809129775579,0.0454109438287051,1.7463091310807477,0.8397971744231032,0.2708405974179218,0.0027039869088792,0.258699142943472,0.0474145006844081,0.1790085905786564,0.2708405974179218,0.1995301902361341,0.0121415668964597,0.0027039869088792,0.1811632025743844,0.107197364703156,1.7463091310807477,5.733402339744124,8,0.2708405974179218,3.436048278139678,31.06395917293196,64,0.1096232888834205,5.125007952050207,168.17547898638065,512,0.0456279738352854,6.813929161850753,910.4410585808292,4096,0.0191720370668712,42,gain_K6_p22,gain_contrast,low
confirm_K6_i001089,bank,independent_confirmatory64,6,1089,1.0,0.0,0.1,2027771182,8,0.1324477761561913,0.0037123692858242,1.7075583672707697,1.6886029066884,1.6878792127952216,1.6878023085317089,0.0197560587390608,0.0206335611592651,0.2197349383059068,0.1893550437952745,0.1052183273985748,3.183673147930925,5,3,0.1263756213760796,1.7387446717432968,3,0.1263756213760796,1.7387446717432968,4,0.0714052813366501,3.0772925222426606,0.2661243502936185,0.2226024067124813,0.1504827057969855,3.2133408909116112,5,3,0.1447312231899492,1.8387487124623385,4,0.0954716397302144,2.7874701958156125,4,0.0954716397302144,2.7874701958156125,0.4455596946925395,1.80362067913778,1.7801949486974475,0.1263756213760796,0.1447312231899492,0.0714052813366501,0.0954716397302144,0.0031685634927292,0.0068369250954811,1.7405662718812955,0.8370354429272455,0.2758389571205358,0.0037123692858242,0.2660438364520628,0.0236887064750442,0.1143501717646504,0.1507877939184592,0.2758389571205358,0.1820242589704947,0.0037123692858242,0.0272745455602729,0.222323196904718,1.7405662718812955,5.700570581688802,8,0.2758389571205358,3.448124639152065,31.441373064804647,64,0.0816492929291816,5.136727545840465,170.1580218927317,512,0.0298845313866529,6.824606758635686,920.2144664990682,4096,0.0115519881915807,43,gain_K6_p22,gain_contrast,high
confirm_K6_i000210,bank,independent_confirmatory64,6,210,5.0,2.0,0.1,2026883710,8,0.1024420320071705,0.0319219645131997,1.8687624458316443,1.8685535551413464,1.8685490521220909,1.8685489529629231,0.0002134928687214,0.0002181942063126,0.1680885524724398,0.0945338079476525,0.0379257823492738,1.904652069211744,5,2,0.0945338079476525,1.7780787225403822,2,0.0945338079476525,1.7780787225403822,3,0.0252608848648479,6.654103899042151,0.1688886708165896,0.0953059168870705,0.038371327500096,1.912261075202928,5,2,0.0953059168870705,1.7720691047619677,2,0.0953059168870705,1.7720691047619677,3,0.0255292367808282,6.615500191663406,0.2088729679032134,1.2640195056280925,1.3508368153006476,0.0252608848648479,0.0255292367808282,0.0097154805013561,0.0104913219624748,0.0016962212068766,0.0017078668228348,1.886663490543576,0.9072933538778262,0.2743255425660037,0.0319219645131997,0.226706925140155,0.0964651465244869,0.0612741786716724,0.0765130943644584,0.2743255425660037,0.2370216083387873,0.0993936597038719,0.1230848053175193,0.0319219645131997,1.8866634905435755,6.597319898283766,8,0.2743255425660037,3.75542593637522,42.75242574624624,64,0.0861081331967566,5.6239794915165655,276.9894701363418,512,0.0269684161054165,7.492528543638656,1794.584043878009,4096,0.0084419048602318,44,gain_K6_p23,gain_contrast,low
confirm_K6_i000442,bank,independent_confirmatory64,6,442,1.0,0.0,0.5,2027117951,8,0.0869516367375103,0.0215089091753299,1.8813149540945129,1.878405450754932,1.8779479976022908,1.8778677272476807,0.0034472268468315,0.0040652207086913,0.1731893821554476,0.075635539569601,0.0371193516194235,1.82691826099217,5,2,0.075635539569601,2.2897884135020425,2,0.075635539569601,2.2897884135020425,3,0.033784079281615,5.126360872877047,0.1875519928248204,0.082480072751928,0.0440177600790456,1.8977546792708213,5,2,0.082480072751928,2.273906733677515,2,0.082480072751928,2.273906733677515,4,0.0261046276146585,7.184626250692201,0.3077368206949354,1.4445373232241825,1.9299116722671137,0.033784079281615,0.0367416586875609,0.0161902556337412,0.0261046276146585,0.0007525235284066,0.0027652485073902,1.8966795176073257,0.9121100447359202,0.2229094158993554,0.0215089091753299,0.2044236945370615,0.055063618967153,0.2229094158993554,0.0851356011652079,0.2163855648131514,0.1847455041878184,0.1421420545298462,0.0215089091753299,0.0721093312621374,1.8966795176073257,6.663730864752767,8,0.2229094158993554,3.777994471701838,43.72825548229148,64,0.0590957251554318,5.65639992245677,286.11674374877924,512,0.0161535919389454,7.53434792005906,1871.2237733523648,4096,0.0044306173270425,45,gain_K6_p23,gain_contrast,high
confirm_K6_i000208,bank,independent_confirmatory64,6,208,5.0,0.0,0.5,2026881692,8,0.1356672548845909,0.0530819276465659,1.992793783021579,1.9927216936027703,1.9927197126305471,1.992719654991634,7.412802994499756e-05,7.622427999454118e-05,0.0707879117114744,0.042381211510119,0.0069216117701155,1.9348601284778624,5,2,0.042381211510119,1.670266355990626,2,0.042381211510119,1.670266355990626,3,0.0095823911327948,7.387290993498427,0.0716156886982167,0.0426555724770661,0.0070682859516379,1.934341789005894,5,2,0.0426555724770661,1.6789292591658718,2,0.0426555724770661,1.6789292591658718,3,0.0097967247182616,7.310166485000928,0.1552339446295668,1.183759685468773,1.3063526231232645,0.0095823911327948,0.0097967247182616,0.0047626250143927,0.0048980659050738,0.0001068631322164,0.0001198155081715,1.996189990737919,0.9599644667699272,0.2026368684305173,0.0530819276465659,0.1411858772143371,0.0530819276465659,0.1459011106124515,0.1287798123679047,0.1346349958619856,0.0691872081370291,0.1826396229450337,0.0831384539985121,0.2026368684305173,1.9961899907379184,7.360957289109107,8,0.2026368684305173,3.9889837737594975,53.99998526854411,64,0.0395294278774126,5.981705467362268,396.1153542166784,512,0.0079876329614843,7.974425179992815,2905.6871448586203,4096,0.0015668528969325,46,gain_K6_p24,gain_contrast,low
confirm_K6_i001063,bank,independent_confirmatory64,6,1063,1.0,0.0,0.5,2027744931,8,0.0842887775303211,0.0586772935127788,1.9845660971123609,1.983662895598226,1.9834929059801487,1.983452850191286,0.0011132469210748,0.0013633481168775,0.0879124082745824,0.0479309181815951,0.0105619500165008,2.092344423074655,5,2,0.0479309181815951,1.8341482201845165,3,0.0209884029900768,4.188618272488227,3,0.0209884029900768,4.188618272488227,0.0960756103091784,0.0545838804686241,0.0128230403066856,2.1091129530764765,5,2,0.0545838804686241,1.7601462095463238,2,0.0545838804686241,1.7601462095463238,3,0.0224443950293214,4.2806059233793015,0.497913664268417,1.9916893347493991,1.956737722093492,0.0209884029900768,0.0224443950293214,0.0092856985681634,0.0099352694719594,0.0030411037733903,0.0032644992998663,1.9887554607320643,0.956389213579665,0.2036487233437336,0.0586772935127788,0.1511242378597564,0.0751274486232067,0.0957714945075617,0.2036487233437336,0.0586772935127788,0.2006413856323905,0.122621961627158,0.1615321705078775,0.0819795222452929,1.988755460732064,7.306434956361518,8,0.2036487233437336,3.973321557844425,53.16081463004876,64,0.0424090230548062,5.956984453442651,386.4430284622858,512,0.0091460131115545,7.940477359422799,2808.7009482027797,4096,0.0019918527611324,47,gain_K6_p24,gain_contrast,high
