hmm_id,K,condition,observed_shape_rmse,selected_full_ridge_alpha,predicted_k_only,predicted_pls_1_composite,predicted_pls_2_composite,predicted_full_ridge
confirm_K3_i000056,3,GRU_d8,0.023400505287286,8.0,0.034142369152743206,0.02668931378963338,0.024701401793305724,0.027371690251006782
confirm_K3_i000056,3,GRU_d32,0.02220199712532436,8.0,0.035913498971301326,0.028186042564005257,0.025163209193635527,0.02606996916756663
confirm_K3_i000056,3,GRU_d128,0.0164837375393272,8.0,0.03840164413357791,0.029447392928270942,0.026218036837045093,0.02684846977582009
confirm_K3_i000056,3,GRU_d256,0.02416549732469994,8.0,0.03624724802606959,0.028538040789451498,0.024182894568036323,0.025320639524549673
confirm_K3_i000056,3,Transformer_d8,0.015308835946474761,8.0,0.035502464416095864,0.02704050899968699,0.02591285765081828,0.022711184643018318
confirm_K3_i000056,3,Transformer_d32,0.02303099986499964,8.0,0.03671501338047882,0.028645679228671676,0.02678299888970158,0.0243376853491404
confirm_K3_i000056,3,Transformer_d128,0.04280154968289344,8.0,0.038921094752643354,0.032525863405209327,0.03236897949024429,0.03378694648799403
confirm_K3_i000056,3,Transformer_d256,0.030722153928283463,8.0,0.039998592465041366,0.0296162651679353,0.02858346966398412,0.02814770263271613
confirm_K3_i001131,3,GRU_d8,0.05059374315091549,8.0,0.03232948662850125,0.04128199833356205,0.043589333495549866,0.04744960108249954
confirm_K3_i001131,3,GRU_d32,0.06915029367487208,8.0,0.03278361253466481,0.046862140585198955,0.050760303263425385,0.04780874548660491
confirm_K3_i001131,3,GRU_d128,0.0800973734964597,8.0,0.03416073506976907,0.046276455796534825,0.05010199865315282,0.04771306080912835
confirm_K3_i001131,3,GRU_d256,0.051644665376152324,8.0,0.03441530348930609,0.04815766940894403,0.054525706018322066,0.0568347407313548
confirm_K3_i001131,3,Transformer_d8,0.05368159785648115,8.0,0.03294428028876211,0.04743568633959236,0.049638450901536374,0.04605860973191789
confirm_K3_i001131,3,Transformer_d32,0.053515556443788435,8.0,0.03468270960855957,0.04819530034029166,0.05151691499956077,0.0432229683540829
confirm_K3_i001131,3,Transformer_d128,0.057600174971612586,8.0,0.037934519733395414,0.04744808567039996,0.04683486012778894,0.048744319517043964
confirm_K3_i001131,3,Transformer_d256,0.0560200246396926,8.0,0.03831206775094742,0.05335222952994338,0.05493847347454191,0.05261749903732291
confirm_K3_i001202,3,GRU_d8,0.02525454350274834,8.0,0.03401876660504573,0.023964036744675593,0.023797568130933762,0.023750241631185658
confirm_K3_i001202,3,GRU_d32,0.0171441418634261,8.0,0.03625068932209454,0.024873918745289283,0.02461387413278089,0.024183258751398637
confirm_K3_i001202,3,GRU_d128,0.019317679393636038,8.0,0.03821271467662399,0.026142402192245038,0.025852556219081255,0.02593342294222095
confirm_K3_i001202,3,GRU_d256,0.01574676786445458,8.0,0.03680849665675261,0.025310113088661608,0.024939009293518964,0.024705696657568305
confirm_K3_i001202,3,Transformer_d8,0.025481839213677943,8.0,0.03482426419828232,0.02308607691862854,0.022968603739277067,0.023367889040514674
confirm_K3_i001202,3,Transformer_d32,0.023116010220409842,8.0,0.036709346023451474,0.025150025425201526,0.024980411276477103,0.02540642593244718
confirm_K3_i001202,3,Transformer_d128,0.028594980765226218,8.0,0.0398681993471545,0.03020771255351612,0.030216690377298124,0.029892809605835652
confirm_K3_i001202,3,Transformer_d256,0.01210330598725872,8.0,0.04123984899444302,0.025994711119067794,0.02591256083721287,0.026122861118465405
confirm_K3_i001105,3,GRU_d8,0.028900913671947644,8.0,0.03377567526043244,0.029808699394649772,0.030105997876704906,0.030805230845126177
confirm_K3_i001105,3,GRU_d32,0.030421100729189444,8.0,0.03536555873104365,0.03224083814503533,0.03270636099324656,0.03496551054269948
confirm_K3_i001105,3,GRU_d128,0.03478336231884654,8.0,0.037181669148276614,0.03304095862189081,0.03355670968748529,0.034253259696631976
confirm_K3_i001105,3,GRU_d256,0.02773580535414058,8.0,0.036009227490773545,0.03269251606480797,0.03335539370153192,0.03499780674669352
confirm_K3_i001105,3,Transformer_d8,0.02995693829710324,8.0,0.0345259242593873,0.03116528452268193,0.03137590975204223,0.031358103557355646
confirm_K3_i001105,3,Transformer_d32,0.0367286942163925,8.0,0.03580183375705263,0.03260730555706987,0.03290892377054581,0.033923075287594785
confirm_K3_i001105,3,Transformer_d128,0.04842128053624556,8.0,0.038546446029086544,0.03573914675078598,0.035722461657565374,0.03694744868065665
confirm_K3_i001105,3,Transformer_d256,0.06405314886657729,8.0,0.03777652613582178,0.0341372745690418,0.03427835272621332,0.03465848787040105
confirm_K3_i000321,3,GRU_d8,0.04389409962633918,8.0,0.03277612953013967,0.03591377926249813,0.037662905058515384,0.04039801560012549
confirm_K3_i000321,3,GRU_d32,0.03804841938393631,8.0,0.03485707082072719,0.04051692250967019,0.043520737805666745,0.04610236040818857
confirm_K3_i000321,3,GRU_d128,0.03421784107697916,8.0,0.037219370564401104,0.04099243495242286,0.044401668126281796,0.045821478400575696
confirm_K3_i000321,3,GRU_d256,0.05461085606963806,8.0,0.034217557443073705,0.04058399078865929,0.044585070103062306,0.04523244751699901
confirm_K3_i000321,3,Transformer_d8,0.02356075837835662,8.0,0.034952336253970415,0.040191679468524456,0.04180806289001825,0.03913115337775604
confirm_K3_i000321,3,Transformer_d32,0.02645175590544966,8.0,0.03648696297778216,0.04125861963371657,0.043444340793757905,0.041846901054296656
confirm_K3_i000321,3,Transformer_d128,0.04767299593702194,8.0,0.038596331669034784,0.042132497985035294,0.04193511374732938,0.044362295488112234
confirm_K3_i000321,3,Transformer_d256,0.03370090970914298,8.0,0.039800008746317395,0.04476923311401105,0.04590589128916827,0.04540366007148636
confirm_K3_i000682,3,GRU_d8,0.027683362361775442,8.0,0.03385684534777725,0.03944999198896764,0.03678915616627222,0.03687671645111005
confirm_K3_i000682,3,GRU_d32,0.053634509490309755,8.0,0.03381799814696896,0.04407123787112525,0.03866212093969982,0.03806373918415834
confirm_K3_i000682,3,GRU_d128,0.054959200481902615,8.0,0.035836613270739545,0.04418738550473236,0.03824131682949874,0.0386354957704325
confirm_K3_i000682,3,GRU_d256,0.043891692854448924,8.0,0.03493216832408631,0.04484746196612149,0.0378036066589252,0.037523049719979135
confirm_K3_i000682,3,Transformer_d8,0.04169158667998168,8.0,0.033743614367195404,0.044007850277018486,0.04198468101314404,0.04263375361764165
confirm_K3_i000682,3,Transformer_d32,0.0343772748691126,8.0,0.03595859504687129,0.04519131961769341,0.0424598281521715,0.0417266515895655
confirm_K3_i000682,3,Transformer_d128,0.06585778974361664,8.0,0.03738401208192847,0.04455225237148103,0.043767004850003934,0.04329226947027046
confirm_K3_i000682,3,Transformer_d256,0.06902462900164116,8.0,0.03744509412681751,0.04855133990970784,0.04612081937979709,0.045045156380479165
confirm_K3_i000517,3,GRU_d8,0.0478517671212434,8.0,0.032512285030479385,0.03267034499754021,0.028864199830688008,0.03083548155336455
confirm_K3_i000517,3,GRU_d32,0.044898584085038204,8.0,0.03440039317398706,0.03616391833747428,0.030809419519235694,0.031328948812837286
confirm_K3_i000517,3,GRU_d128,0.034795210961462195,8.0,0.03718087923876891,0.036962278763826385,0.0315180515154447,0.03255276271169941
confirm_K3_i000517,3,GRU_d256,0.04520669252519088,8.0,0.03484450167937018,0.036576798834632086,0.029095975095835114,0.02994744112456567
confirm_K3_i000517,3,Transformer_d8,0.031927772927425824,8.0,0.03439453528403246,0.035511976680956396,0.03340133897330689,0.030858222376515372
confirm_K3_i000517,3,Transformer_d32,0.0352365475781499,8.0,0.03590131019960214,0.03679975520533914,0.03358151062146919,0.030064327601450513
confirm_K3_i000517,3,Transformer_d128,0.03663991559127008,8.0,0.03933187035875158,0.03911652255998509,0.039450093868749835,0.041573623618158285
confirm_K3_i000517,3,Transformer_d256,0.04456151441530172,8.0,0.03907596843257347,0.039460522179004615,0.0376378074194784,0.03680542586148292
confirm_K3_i000718,3,GRU_d8,0.031676406491196504,8.0,0.03359064240581584,0.034975973067882346,0.03373834290353963,0.034157940097389164
confirm_K3_i000718,3,GRU_d32,0.0301091562177282,8.0,0.03538635503180774,0.03909250230771045,0.037171843357055714,0.03853938824482221
confirm_K3_i000718,3,GRU_d128,0.04474194510434536,8.0,0.03651776362924337,0.03929069536629867,0.03703742917319551,0.037290634029153884
confirm_K3_i000718,3,GRU_d256,0.0388559754840466,8.0,0.03526788281544647,0.039350392769438254,0.03652464254922177,0.037382908319913165
confirm_K3_i000718,3,Transformer_d8,0.05415477302201273,8.0,0.032912735277726674,0.037900469928063354,0.03687086667578561,0.03631678604943567
confirm_K3_i000718,3,Transformer_d32,0.04268441197063588,8.0,0.03540478590676974,0.039328984624187754,0.03799800453084916,0.0382944929830728
confirm_K3_i000718,3,Transformer_d128,0.03687996421058918,8.0,0.03931586711746363,0.04116023105618355,0.04125465770596393,0.04149087646904763
confirm_K3_i000718,3,Transformer_d256,0.03815144783140126,8.0,0.03950330620483351,0.042769714408863575,0.042152231837974855,0.04255231283846572
confirm_K3_i000884,3,GRU_d8,0.02996905000053146,8.0,0.03370446617186018,0.020619263350601394,0.02059850644944939,0.022427653410386005
confirm_K3_i000884,3,GRU_d32,0.02187092766513914,8.0,0.03593557026864701,0.02072385700457858,0.0206897542531589,0.018747596996122683
confirm_K3_i000884,3,GRU_d128,0.02433489501947008,8.0,0.03787823363490172,0.02220324807610924,0.02216567662790463,0.022596757363928195
confirm_K3_i000884,3,GRU_d256,0.02830356277215354,8.0,0.03597137699623935,0.02078390438453096,0.020735779505997337,0.019939351782470173
confirm_K3_i000884,3,Transformer_d8,0.01770861742282972,8.0,0.03534247898433887,0.019210988942446765,0.019194431895383997,0.017020936906173696
confirm_K3_i000884,3,Transformer_d32,0.024749936855010722,8.0,0.036600417581144754,0.02107481370570983,0.021051182126301235,0.017031573070281882
confirm_K3_i000884,3,Transformer_d128,0.02499728376570894,8.0,0.04010804581378899,0.027323593282570252,0.027324960523534544,0.028814224572082905
confirm_K3_i000884,3,Transformer_d256,0.02607875583449058,8.0,0.04030815233796089,0.02067532750030403,0.02066376479538834,0.018787176944998735
confirm_K3_i000975,3,GRU_d8,0.039302647564838575,16.0,0.033082226334239705,0.04704104632880604,0.046027727651062875,0.04513961482082419
confirm_K3_i000975,3,GRU_d32,0.02419683328486688,16.0,0.03578050989399849,0.05659619817416454,0.05516034258130337,0.0509117685154642
confirm_K3_i000975,3,GRU_d128,0.027180609928050742,16.0,0.037688519307663,0.055913400797375584,0.05424007642482927,0.05352403752883513
confirm_K3_i000975,3,GRU_d256,0.04365201949134026,16.0,0.03494814654829356,0.05540273812518702,0.05316331631057461,0.04968564425763753
confirm_K3_i000975,3,Transformer_d8,0.0377719514594126,16.0,0.03400492338190001,0.055482276765070865,0.05485966959927435,0.054135898948588154
confirm_K3_i000975,3,Transformer_d32,0.055105495878644314,16.0,0.03457671364623584,0.054398956990633726,0.053396558503738076,0.0491723534177023
confirm_K3_i000975,3,Transformer_d128,0.039604191794523826,16.0,0.03913425194520133,0.05373483001661909,0.053856991327467525,0.05167244307393187
confirm_K3_i000975,3,Transformer_d256,0.04454706437466696,16.0,0.0390769317686158,0.062160657530918206,0.0617416207785693,0.05937232902030222
confirm_K3_i000936,3,GRU_d8,0.04732028830102396,8.0,0.03254771695182735,0.029203325454115685,0.032198500620140576,0.03035122796367625
confirm_K3_i000936,3,GRU_d32,0.05661970163545528,8.0,0.033618985337292594,0.03141035670220391,0.036505348466169985,0.029799673681294145
confirm_K3_i000936,3,GRU_d128,0.05882838251561724,8.0,0.03557866780182524,0.03227425678953158,0.03771106424428782,0.03548126229054683
confirm_K3_i000936,3,GRU_d256,0.02471660361435598,8.0,0.03621050760675918,0.03237184187905885,0.04210867115358966,0.03830812316050262
confirm_K3_i000936,3,Transformer_d8,0.05053875533762482,8.0,0.033153803123352525,0.030410730404303574,0.03221542217405083,0.03144597036105451
confirm_K3_i000936,3,Transformer_d32,0.033559526678438326,8.0,0.036013111592916244,0.03227849059310018,0.036756333763659436,0.032210573430027874
confirm_K3_i000936,3,Transformer_d128,0.0326595188212951,8.0,0.039597230143416574,0.035708755687137585,0.03607327000028262,0.03329115582151081
confirm_K3_i000936,3,Transformer_d256,0.0358612345222988,8.0,0.039655987092107006,0.034151966544586326,0.036493998922541966,0.03520111349759857
confirm_K3_i000617,3,GRU_d8,0.01728353877731738,8.0,0.03455016692007445,0.019564767143100188,0.020539900407830866,0.019474626452670542
confirm_K3_i000617,3,GRU_d32,0.01553411779619288,8.0,0.03635802425991009,0.018805456324394648,0.020321572864727744,0.016165060740440673
confirm_K3_i000617,3,GRU_d128,0.02383339107807142,8.0,0.037911667230994955,0.020041580207923074,0.021704751106910385,0.02125140965066149
confirm_K3_i000617,3,GRU_d256,0.02067783827422546,8.0,0.03647975862943455,0.018867143866738843,0.021005634810171307,0.018083094785236203
confirm_K3_i000617,3,Transformer_d8,0.01593725608811596,8.0,0.03546056973998645,0.016914753603186124,0.01759259344234594,0.0195563756278943
confirm_K3_i000617,3,Transformer_d32,0.0255357905744517,8.0,0.036548027333182014,0.018666079812978627,0.019608057405957585,0.017653896817321112
confirm_K3_i000617,3,Transformer_d128,0.026461957469011376,8.0,0.040010400900235485,0.025507115536338488,0.025460293030898765,0.023679160796064927
confirm_K3_i000617,3,Transformer_d256,0.01788702916700228,8.0,0.04085426744912678,0.018375685964070455,0.01886191037531288,0.018025200532073533
confirm_K3_i001308,3,GRU_d8,0.0375406672536577,8.0,0.03319969168831843,0.03676579286530849,0.038888921063881546,0.03894155284202892
confirm_K3_i001308,3,GRU_d32,0.0484182293873179,8.0,0.034165750153835085,0.04120320773986046,0.04436511714550746,0.04457749665388203
confirm_K3_i001308,3,GRU_d128,0.03252349855233682,8.0,0.0373323267327106,0.041925320519815956,0.04579211982547697,0.044855224917353574
confirm_K3_i001308,3,GRU_d256,0.05056024493901856,8.0,0.03448759818511501,0.04158588320393643,0.0461175654306963,0.04580857859717082
confirm_K3_i001308,3,Transformer_d8,0.05284341528927968,8.0,0.033000159126575536,0.04050090633395791,0.041738990957191004,0.03859029961171418
confirm_K3_i001308,3,Transformer_d32,0.06159474017562646,8.0,0.03414409735977037,0.041371267559081666,0.04309948058690001,0.04232554694686125
confirm_K3_i001308,3,Transformer_d128,0.03706539864842428,8.0,0.03930350482160796,0.043096640234548206,0.043147866149012934,0.04228264038941863
confirm_K3_i001308,3,Transformer_d256,0.049882956297156125,8.0,0.038721205640449854,0.04552497196106267,0.04652363454843913,0.04608822774291994
confirm_K3_i000341,3,GRU_d8,0.01563365028237646,8.0,0.03466015948640385,0.029190803822103956,0.026941342826858873,0.02603106221777872
confirm_K3_i000341,3,GRU_d32,0.0286583851795147,8.0,0.035483073101021965,0.031150778316952565,0.02707250162677355,0.02403560827060809
confirm_K3_i000341,3,GRU_d128,0.02630822230086612,8.0,0.037746678482808646,0.03213310477940314,0.0277019294074706,0.02706541020555274
confirm_K3_i000341,3,GRU_d256,0.0264189549472043,8.0,0.036097017517902626,0.031597614073750876,0.02588000149971055,0.023774016206046827
confirm_K3_i000341,3,Transformer_d8,0.02539760702006928,8.0,0.03482987967785623,0.030059374006615628,0.028243125466546178,0.02913035069604861
confirm_K3_i000341,3,Transformer_d32,0.01959840620823724,8.0,0.036943852957596314,0.031783189181469565,0.029383058564944487,0.027721268106129012
confirm_K3_i000341,3,Transformer_d128,0.030961377572989217,8.0,0.0397104395599703,0.03517517205867088,0.03535757080355973,0.03258151929646643
confirm_K3_i000341,3,Transformer_d256,0.0283536629535572,8.0,0.040156491863356444,0.03339129158358787,0.032087319744453446,0.03242885291239098
confirm_K3_i000022,3,GRU_d8,0.028267731254344043,8.0,0.033817887421606005,0.027210435315330527,0.02776235247579363,0.030912591877703732
confirm_K3_i000022,3,GRU_d32,0.035920478447512685,8.0,0.0349989335498221,0.028696658786969923,0.029571571846353062,0.03083801590959412
confirm_K3_i000022,3,GRU_d128,0.02618904748284328,8.0,0.03775462347067684,0.029986914516744713,0.03097382153223827,0.03212800596029141
confirm_K3_i000022,3,GRU_d256,0.03358266216190332,8.0,0.03561943703692269,0.029148021375098174,0.0303964436249848,0.03206182436036467
confirm_K3_i000022,3,Transformer_d8,0.03136261818903836,8.0,0.03443221226659163,0.027526896536596717,0.027939550952461794,0.02438855220932721
confirm_K3_i000022,3,Transformer_d32,0.03856806650487218,8.0,0.03567920893782065,0.029109569799115158,0.029692600983878645,0.02675120097471514
confirm_K3_i000022,3,Transformer_d128,0.04314434525659464,8.0,0.038898241714396604,0.033169426753628536,0.033127241128084406,0.0355005113269737
confirm_K3_i000022,3,Transformer_d256,0.02890046752529208,8.0,0.04012003822524079,0.030640966881441814,0.030941104234118503,0.030203544347694154
confirm_K3_i000150,3,GRU_d8,0.040963127930892615,8.0,0.032971527643169435,0.04295153429689882,0.04381010487362827,0.04312896164975772
confirm_K3_i000150,3,GRU_d32,0.02407760572902028,8.0,0.035788458397721594,0.05072725780001869,0.05213596446406922,0.050485588211835616
confirm_K3_i000150,3,GRU_d128,0.053914002292781295,8.0,0.0359062931500143,0.04893103132834178,0.05039470099916151,0.04762707132126671
confirm_K3_i000150,3,GRU_d256,0.03810437866277035,8.0,0.035317989270198226,0.0504313601180767,0.05237438577133115,0.05059367026530415
confirm_K3_i000150,3,Transformer_d8,0.04052147906002848,8.0,0.03382162154185896,0.049606966962837756,0.05020047887254733,0.047315259714194945
confirm_K3_i000150,3,Transformer_d32,0.03990298662796262,8.0,0.03559021426294796,0.05033301025319687,0.05120631719582844,0.04953945772120283
confirm_K3_i000150,3,Transformer_d128,0.027255246205520816,8.0,0.039957514984468194,0.050216670460216675,0.05022388113603631,0.04831968596589868
confirm_K3_i000150,3,Transformer_d256,0.050852735850140676,8.0,0.03865655367025088,0.05536670383559479,0.05578605401973039,0.0554712172735803
confirm_K4_i000423,4,GRU_d8,0.02940744034023756,8.0,0.03274992531749632,0.036224394862845365,0.04104020256626252,0.04050419317315147
confirm_K4_i000423,4,GRU_d32,0.036614304403061695,8.0,0.03338598537436558,0.04052744707097105,0.04762833368587416,0.044758917652684506
confirm_K4_i000423,4,GRU_d128,0.055290748977901996,8.0,0.036255317873906685,0.040512193305581055,0.04687857902432627,0.04554934729664144
confirm_K4_i000423,4,GRU_d256,0.04488496482906358,8.0,0.03375847299418511,0.04077956513915302,0.05010874518908766,0.04758209037353041
confirm_K4_i000423,4,Transformer_d8,0.03802579372104302,8.0,0.0333270923185841,0.039848716701323464,0.04305259420936591,0.04262848842871601
confirm_K4_i000423,4,Transformer_d32,0.03310963054641366,8.0,0.03448003027663651,0.04108283799576375,0.04616714581204689,0.04230951440333895
confirm_K4_i000423,4,Transformer_d128,0.047924840776524355,8.0,0.0380319643052302,0.04211601510285747,0.04143691700060155,0.03993954152862179
confirm_K4_i000423,4,Transformer_d256,0.0457308614868655,8.0,0.03816561530140467,0.044480796717601155,0.04658711589629137,0.046114373556237175
confirm_K4_i000373,4,GRU_d8,0.01990204561368644,8.0,0.03338361829926639,0.023017775621365318,0.02370335606315082,0.023732001010727734
confirm_K4_i000373,4,GRU_d32,0.027243198659011897,8.0,0.03401072575730224,0.023007141807226496,0.024061440638802625,0.02413482803435909
confirm_K4_i000373,4,GRU_d128,0.02793310844231886,8.0,0.0380791605762789,0.02441839926284505,0.025592730128543364,0.026001697179494895
confirm_K4_i000373,4,GRU_d256,0.0306685694343453,8.0,0.03470623268716633,0.023258696650127413,0.024758193715815113,0.02487060680478811
confirm_K4_i000373,4,Transformer_d8,0.017983125292528483,8.0,0.0346632702138184,0.02178505064860243,0.022264265314888572,0.02329456496645176
confirm_K4_i000373,4,Transformer_d32,0.0264214876202224,8.0,0.03492590647171592,0.02352156994471273,0.024202097525278653,0.02479700564887246
confirm_K4_i000373,4,Transformer_d128,0.0202754993561895,8.0,0.03987525373325253,0.029392941881394394,0.029379859681548156,0.02984470653627993
confirm_K4_i000373,4,Transformer_d256,0.02220405787749128,8.0,0.03973406887536294,0.02386490203312671,0.024208186649746666,0.024259296851044714
confirm_K4_i000949,4,GRU_d8,0.031396141539842784,8.0,0.03261734523752264,0.03649129590077241,0.03267636178094218,0.0323996873386041
confirm_K4_i000949,4,GRU_d32,0.030412991545459078,8.0,0.03379940623153909,0.04107933076035777,0.03507415882378505,0.034686395099949585
confirm_K4_i000949,4,GRU_d128,0.03294046280508226,8.0,0.03774533695209467,0.04138538501543475,0.034644195396878436,0.03526384472817704
confirm_K4_i000949,4,GRU_d256,0.02302471546817582,8.0,0.03521582295157763,0.041674394617822665,0.03357186261277547,0.033670372372217455
confirm_K4_i000949,4,Transformer_d8,0.04308851577237728,8.0,0.032989577515161815,0.040167466215232234,0.03674949151510495,0.03812097336646295
confirm_K4_i000949,4,Transformer_d32,0.0465111200510722,8.0,0.033586597642992606,0.04119693707453796,0.03620727891865494,0.03620515382330131
confirm_K4_i000949,4,Transformer_d128,0.03773520086362642,8.0,0.03871127363275673,0.04266651987184562,0.04303328206501633,0.042839828866189755
confirm_K4_i000949,4,Transformer_d256,0.03901627101197462,8.0,0.03861325466639739,0.045131565926352715,0.043170346681023465,0.04287076478590137
confirm_K4_i000448,4,GRU_d8,0.048010924417457856,8.0,0.03150969304568164,0.03175338716641843,0.030091354217723524,0.030916448216878924
confirm_K4_i000448,4,GRU_d32,0.04104785979861934,8.0,0.03309041501466175,0.03501894211037207,0.03266504543493661,0.036745919298151956
confirm_K4_i000448,4,GRU_d128,0.04265014213914316,8.0,0.03709802499649061,0.035695948855849896,0.03301948784167494,0.03413201650861165
confirm_K4_i000448,4,GRU_d256,0.04104176471866462,8.0,0.03401468633487837,0.03543324764595174,0.032061793649108085,0.03506155606649811
confirm_K4_i000448,4,Transformer_d8,0.04095728964700488,8.0,0.03313165925685331,0.034092106770082585,0.03298478446238134,0.03286098693546071
confirm_K4_i000448,4,Transformer_d32,0.035640023007747754,8.0,0.0343113374458809,0.035579471239567464,0.034108579133921624,0.03665125953136127
confirm_K4_i000448,4,Transformer_d128,0.02654162848023594,8.0,0.039457511791649434,0.038353424532339656,0.038576233020939196,0.04107686939123269
confirm_K4_i000448,4,Transformer_d256,0.0323362815336782,8.0,0.03905858729828381,0.038207069763064566,0.037537336236923555,0.038738117554716435
confirm_K4_i000678,4,GRU_d8,0.02879093071533964,8.0,0.03279102595915618,0.039738750821813905,0.040267301945881635,0.04102191819673416
confirm_K4_i000678,4,GRU_d32,0.0724950635065537,8.0,0.030993934767466123,0.04380741373441675,0.04458070115139042,0.04586250660690641
confirm_K4_i000678,4,GRU_d128,0.05023269044043036,8.0,0.0365925217764048,0.04471752356347221,0.04561376347285543,0.045380591940315886
confirm_K4_i000678,4,GRU_d256,0.04876135746259202,8.0,0.03350004681861655,0.04507969525739383,0.04622791470872186,0.047386110299039136
confirm_K4_i000678,4,Transformer_d8,0.02977540647586226,8.0,0.03387711813492948,0.044868013684415634,0.045256386802873444,0.043992565470012734
confirm_K4_i000678,4,Transformer_d32,0.04872155022154034,8.0,0.03343923563162807,0.04512373332728576,0.04564805135606316,0.04661361278214462
confirm_K4_i000678,4,Transformer_d128,0.07034878302821321,8.0,0.036537034821784276,0.044686878777268894,0.04462967567895671,0.04548499587432765
confirm_K4_i000678,4,Transformer_d256,0.077169039648992,8.0,0.036069736757262896,0.04874130197238419,0.04897238241510672,0.048591413795425024
confirm_K4_i000909,4,GRU_d8,0.03530749497958558,8.0,0.03235658834153979,0.02934844185370298,0.032078603292861045,0.031202231477610615
confirm_K4_i000909,4,GRU_d32,0.040193009906015056,8.0,0.03314740500750204,0.03161342559159047,0.03596610212684327,0.03383072542757625
confirm_K4_i000909,4,GRU_d128,0.0591749630692769,8.0,0.03599637026781503,0.03218909255298117,0.036313286641993445,0.034211810645796294
confirm_K4_i000909,4,GRU_d256,0.04198309621648366,8.0,0.03395193090169044,0.03199230831779774,0.03811066356602749,0.036300742041699606
confirm_K4_i000909,4,Transformer_d8,0.056375016209487504,8.0,0.03210381081935446,0.030222710553925787,0.03148764730465539,0.0298257189167906
confirm_K4_i000909,4,Transformer_d32,0.0336563531495495,8.0,0.034443582103094124,0.03219648149503737,0.03524080190460364,0.033834210020541614
confirm_K4_i000909,4,Transformer_d128,0.04614570581093262,8.0,0.038150573302936315,0.03541626671931551,0.035120599426045666,0.03291647071073797
confirm_K4_i000909,4,Transformer_d256,0.036829426570675186,8.0,0.03875904429581734,0.03403930303882583,0.03559696216194422,0.035030028463468504
confirm_K4_i001008,4,GRU_d8,0.033403784976990855,8.0,0.03248350234171277,0.031432484548760554,0.03283688533873589,0.03406677457855106
confirm_K4_i001008,4,GRU_d32,0.03364919437912524,8.0,0.03358365937596135,0.03441113184177581,0.03664948695803906,0.04095064198707556
confirm_K4_i001008,4,GRU_d128,0.04369593707002714,8.0,0.03702830533443168,0.03499593001044863,0.03739517478225119,0.03843730644461889
confirm_K4_i001008,4,GRU_d256,0.0404744351412856,8.0,0.03405250830670364,0.034714754576644795,0.03783292957038751,0.04059106306029073
confirm_K4_i001008,4,Transformer_d8,0.03486059507406946,8.0,0.033538105561715666,0.03342598266388557,0.034429691674109406,0.03451336459456194
confirm_K4_i001008,4,Transformer_d32,0.03542146864988906,8.0,0.03432590773640482,0.03485708637206624,0.036315786972733397,0.03841169682669627
confirm_K4_i001008,4,Transformer_d128,0.032698320675335055,8.0,0.039047065645309485,0.03770086281426036,0.03769135545636786,0.040727144927330206
confirm_K4_i001008,4,Transformer_d256,0.03518845105210646,8.0,0.03886844266372193,0.03729167394917427,0.03805206667307636,0.038309822174391724
confirm_K4_i000767,4,GRU_d8,0.021095812132910098,8.0,0.033304033864651486,0.021823020108385455,0.021909122128284095,0.023961032142221755
confirm_K4_i000767,4,GRU_d32,0.010216364645774119,8.0,0.035145848024851434,0.022258711225069772,0.0223944463228522,0.020431724352568653
confirm_K4_i000767,4,GRU_d128,0.027268019129191124,8.0,0.038123499863820756,0.023008394773994738,0.023158998675374756,0.022697952426000693
confirm_K4_i000767,4,GRU_d256,0.01805413141806422,8.0,0.03554719522158507,0.022282177462595636,0.022475143293151503,0.02157431897446972
confirm_K4_i000767,4,Transformer_d8,0.01715115101248436,8.0,0.03471873516582134,0.020276925973652354,0.020338583898686584,0.01750314555511336
confirm_K4_i000767,4,Transformer_d32,0.02804478293044904,8.0,0.03481768678436748,0.021937569475922836,0.022026031028339256,0.01750632914753905
confirm_K4_i000767,4,Transformer_d128,0.03323397475774858,8.0,0.039011355373148586,0.027691050917197507,0.0276865915413978,0.028126338432281447
confirm_K4_i000767,4,Transformer_d256,0.02331062556274522,8.0,0.03966029769634601,0.022019851518988793,0.022063716221625257,0.02045802467830417
confirm_K4_i000599,4,GRU_d8,0.015981742544658662,8.0,0.03364497183720158,0.028902873304903483,0.026465006011001845,0.025721440269621157
confirm_K4_i000599,4,GRU_d32,0.02539809986325444,8.0,0.03413373234368607,0.030834381980372905,0.026473353097127943,0.02522218483509226
confirm_K4_i000599,4,GRU_d128,0.0229369892550975,8.0,0.03841223518876033,0.03184335676965323,0.02712016120147228,0.02710996742246676
confirm_K4_i000599,4,GRU_d256,0.02715210352005118,8.0,0.03494066374811928,0.031209092325311143,0.024936589465066668,0.02410579239856883
confirm_K4_i000599,4,Transformer_d8,0.017358142074416223,8.0,0.03470493576169255,0.029811130931437238,0.028061636088974704,0.02967442102573365
confirm_K4_i000599,4,Transformer_d32,0.029874966665992618,8.0,0.03469567453533125,0.03121896958463253,0.028204884013730315,0.027101103519427586
confirm_K4_i000599,4,Transformer_d128,0.017390760397465836,8.0,0.0400675696638341,0.03513769350616714,0.035802585320069205,0.03465995479360583
confirm_K4_i000599,4,Transformer_d256,0.02625042980155216,8.0,0.03946431074709221,0.03297672283670929,0.03158256541577635,0.032791897996514455
confirm_K4_i000363,4,GRU_d8,0.04631161826604166,8.0,0.03162298012244271,0.035844616243820085,0.03771201869148685,0.03676906714437374
confirm_K4_i000363,4,GRU_d32,0.04047877633775068,8.0,0.033128353912052995,0.040434869268102636,0.04367979895512089,0.04479195045653631
confirm_K4_i000363,4,GRU_d128,0.036671723785442076,8.0,0.03749658622007069,0.04091317037914272,0.044617813940964306,0.043007567554235744
confirm_K4_i000363,4,GRU_d256,0.05115528418321066,8.0,0.03334045170390864,0.0406325842284456,0.045058388912202325,0.04472756098115067
confirm_K4_i000363,4,Transformer_d8,0.02246863281784882,8.0,0.03436423637879704,0.040185918150386996,0.04201784408433098,0.03975342616632388
confirm_K4_i000363,4,Transformer_d32,0.05858093191475853,8.0,0.032781943518746845,0.040519711204514315,0.04230723024562186,0.041488292642017296
confirm_K4_i000363,4,Transformer_d128,0.03957411620567384,8.0,0.038588679276620234,0.042294713225617536,0.04224941472822131,0.040750089840594715
confirm_K4_i000363,4,Transformer_d256,0.054589100684435635,8.0,0.037575066021566655,0.04427976037895154,0.04514662481673674,0.04514567765262114
confirm_K4_i001076,4,GRU_d8,0.01844063323147626,8.0,0.03348104579141374,0.018332861942769632,0.019563994277499663,0.01838092695911558
confirm_K4_i001076,4,GRU_d32,0.01190040773594154,8.0,0.035033578485506936,0.01756049989397299,0.01951278349715549,0.014527976210439678
confirm_K4_i001076,4,GRU_d128,0.020143614020349858,8.0,0.03859846020441017,0.01883159453517335,0.020977039465759392,0.020595008312886014
confirm_K4_i001076,4,GRU_d256,0.01555873227485382,8.0,0.03571355516446576,0.017681421324786967,0.02044167361973532,0.01698346071273242
confirm_K4_i001076,4,Transformer_d8,0.01375297392489766,8.0,0.03494528030499379,0.015472118895659841,0.01635687832838302,0.018563822863843525
confirm_K4_i001076,4,Transformer_d32,0.01826914385535266,8.0,0.03546939605604058,0.017598001597792914,0.01883585272077046,0.01665605199225434
confirm_K4_i001076,4,Transformer_d128,0.03283121008717288,8.0,0.03903820635118697,0.023866128259631247,0.023738620416918377,0.021432387878406185
confirm_K4_i001076,4,Transformer_d256,0.01389542457003302,8.0,0.04028797776252682,0.016835397813588476,0.01747078489018475,0.0163225785605527
confirm_K4_i000216,4,GRU_d8,0.038317565526481356,8.0,0.03215591697174673,0.05140011078616672,0.052874857467502215,0.05216834197764708
confirm_K4_i000216,4,GRU_d32,0.049837112861761824,8.0,0.03250446481045225,0.05964905106054563,0.06172830052536173,0.05299244895324001
confirm_K4_i000216,4,GRU_d128,0.03584237590485297,8.0,0.03755187607877663,0.06080298955424901,0.06341686176543336,0.06374022449626422
confirm_K4_i000216,4,GRU_d256,0.04407020659030232,8.0,0.03381279021010253,0.06102924026973104,0.06420148334623016,0.058751936576020944
confirm_K4_i000216,4,Transformer_d8,0.05066399831552446,8.0,0.03248454534561866,0.059864542237201154,0.0607697655039289,0.0613268968194034
confirm_K4_i000216,4,Transformer_d32,0.03668483390457496,8.0,0.034241683386092424,0.06182105709488872,0.06320253117515973,0.05796395574099157
confirm_K4_i000216,4,Transformer_d128,0.0388932737540355,8.0,0.038634068773396125,0.058188508974082384,0.05814060721462806,0.05703655573360592
confirm_K4_i000216,4,Transformer_d256,0.06467845851910362,8.0,0.03690244216592212,0.06630180030946609,0.06680280945842,0.0632766555209249
confirm_K4_i001198,4,GRU_d8,0.04027293107787368,8.0,0.03202555926832058,0.026618184906134396,0.026037926931200227,0.026073926418854306
confirm_K4_i001198,4,GRU_d32,0.027480593559078843,8.0,0.033994899430631116,0.02846638063136819,0.02759289559734233,0.028785609766985774
confirm_K4_i001198,4,GRU_d128,0.02816514557884952,8.0,0.03806369143384352,0.029551751389940453,0.028579402307756213,0.029028008283849056
confirm_K4_i001198,4,GRU_d256,0.03191595676633997,8.0,0.03462307353170002,0.028762663993441302,0.027510672149935425,0.028404405454151252
confirm_K4_i001198,4,Transformer_d8,0.02751065579776616,8.0,0.034028101513469224,0.02717771309268159,0.02678729524356257,0.0269057437027956
confirm_K4_i001198,4,Transformer_d32,0.02512414813594126,8.0,0.035012395770667996,0.028994674922845944,0.028434650637551316,0.029380847783272324
confirm_K4_i001198,4,Transformer_d128,0.05409831972148714,8.0,0.03762039904223268,0.03259718991760625,0.03259225875283665,0.03279004213606962
confirm_K4_i001198,4,Transformer_d256,0.03186052787862226,8.0,0.03909030420862088,0.030080785949223324,0.029796419120519956,0.030986019117958407
confirm_K4_i000247,4,GRU_d8,0.05054316662153148,8.0,0.031340876898743396,0.033644610929586004,0.03003455176049978,0.03084517568510867
confirm_K4_i000247,4,GRU_d32,0.030406206308009942,8.0,0.03379985858070237,0.03776835205022426,0.03355873543375369,0.031959649712181085
confirm_K4_i000247,4,GRU_d128,0.030063513851270783,8.0,0.03793713354901544,0.0383276721564131,0.03363110692756565,0.03368078218823297
confirm_K4_i000247,4,GRU_d256,0.02686973449650882,8.0,0.03495948834968877,0.0382499278504462,0.03227603378788141,0.031654804616750465
confirm_K4_i000247,4,Transformer_d8,0.03461002837404156,8.0,0.033554810008384194,0.03690191652919169,0.03513412347398239,0.031730807654152635
confirm_K4_i000247,4,Transformer_d32,0.01654466720109116,8.0,0.03558436116632468,0.03849115894060728,0.03656072513681985,0.03196324258463577
confirm_K4_i000247,4,Transformer_d128,0.045394716178292,8.0,0.038200639278445685,0.04001014681266286,0.03979375112214708,0.04001266457034253
confirm_K4_i000247,4,Transformer_d256,0.03614968851787984,8.0,0.03880436016600371,0.041237459059805893,0.039964956662653914,0.038885452345859384
confirm_K4_i000654,4,GRU_d8,0.04035373133768406,8.0,0.03202017258433322,0.04535911885249566,0.04485503272996337,0.04361824412400561
confirm_K4_i000654,4,GRU_d32,0.03740707702361312,8.0,0.03333313386632883,0.053242253011575855,0.0524388048923813,0.05031688749131899
confirm_K4_i000654,4,GRU_d128,0.05757588638302167,8.0,0.03610297538023206,0.05144440057687476,0.0505237522967371,0.04996340337992605
confirm_K4_i000654,4,GRU_d256,0.0453987959098387,8.0,0.0337242175888001,0.053157493064971854,0.05199511298871641,0.04998579106550052
confirm_K4_i000654,4,Transformer_d8,0.0771151739437422,8.0,0.030721133637070814,0.05024909350967747,0.049838070307014024,0.05049386945146326
confirm_K4_i000654,4,Transformer_d32,0.05207243161303028,8.0,0.03321584353886207,0.05264352578047239,0.05209417986152703,0.052409903107226236
confirm_K4_i000654,4,Transformer_d128,0.0451590850243146,8.0,0.03821634802204418,0.05162706977210575,0.051672254835137946,0.05159504567010213
confirm_K4_i000654,4,Transformer_d256,0.0458943487653344,8.0,0.03815471614950673,0.0594481735121091,0.05920273950528909,0.05768021280077529
confirm_K4_i000041,4,GRU_d8,0.0231203567808844,8.0,0.033169064221453194,0.026813895925841342,0.025346183696010466,0.028589816564958653
confirm_K4_i000041,4,GRU_d32,0.02262382448551502,8.0,0.03431868403553537,0.02832928148888133,0.026056028502903155,0.028871672189187587
confirm_K4_i000041,4,GRU_d128,0.028535196234246142,8.0,0.038039021390150425,0.02930998008351942,0.02674355732630007,0.02739275679512687
confirm_K4_i000041,4,GRU_d256,0.02024821131205996,8.0,0.03540092322865202,0.028782213474561606,0.02556145157903909,0.028361280279888247
confirm_K4_i000041,4,Transformer_d8,0.01623568004671004,8.0,0.03477976656353963,0.02718088087308922,0.026270358981641977,0.023255757480426704
confirm_K4_i000041,4,Transformer_d32,0.025632545228335864,8.0,0.03497850263117503,0.028739749709882474,0.027282105809133324,0.025875080408800676
confirm_K4_i000041,4,Transformer_d128,0.03015887023772982,8.0,0.03921636234114984,0.032943430537263244,0.03300487808436538,0.03633223327875445
confirm_K4_i000041,4,Transformer_d256,0.0331120975264461,8.0,0.039006866232099285,0.02975065912315511,0.028961282791816485,0.028579013926478006
confirm_K5_i000841,5,GRU_d8,0.03314623695490472,8.0,0.0321369962411299,0.03520773389860294,0.03259446636880535,0.03087074714169056
confirm_K5_i000841,5,GRU_d32,0.05357138027310726,8.0,0.03416470663715509,0.03897072574079316,0.03421314570301726,0.034203923922396504
confirm_K5_i000841,5,GRU_d128,0.03238952980736556,8.0,0.033314231385808295,0.03985124374422483,0.0353867159231077,0.03574534340899582
confirm_K5_i000841,5,GRU_d256,0.034983951205312155,8.0,0.03715833584476194,0.03976788703755956,0.033856379011232667,0.03402363785347922
confirm_K5_i000841,5,Transformer_d8,0.042877421576280585,8.0,0.03516917935766568,0.038465319343433085,0.03642808835483382,0.0390443717484831
confirm_K5_i000841,5,Transformer_d32,0.04816502011615782,8.0,0.03432959380778043,0.03955188565526438,0.036458641100017904,0.038127438150268575
confirm_K5_i000841,5,Transformer_d128,0.04709476047141744,8.0,0.035029921213705746,0.04121610972543019,0.0411542283827871,0.03954518601573573
confirm_K5_i000841,5,Transformer_d256,0.058884826961660065,8.0,0.03780131172911808,0.04276329183755939,0.04088036033248183,0.04144113285445856
confirm_K5_i001133,5,GRU_d8,0.02785649211078752,8.0,0.03248964589740438,0.023237946963953003,0.023312269772734137,0.023327577104109917
confirm_K5_i001133,5,GRU_d32,0.01582818072555426,8.0,0.03668091994032528,0.024123638137339466,0.024240778481419433,0.02442572617825816
confirm_K5_i001133,5,GRU_d128,0.02279912124475858,8.0,0.03395359195664876,0.025260157785673615,0.025390333979880074,0.025699456151541573
confirm_K5_i001133,5,GRU_d256,0.01921489579878798,8.0,0.03820960620519689,0.024385816728297954,0.02455268708429337,0.02478327958042447
confirm_K5_i001133,5,Transformer_d8,0.01965211565347596,8.0,0.03671753308585265,0.02243201121776439,0.02248437189328263,0.02321337294832195
confirm_K5_i001133,5,Transformer_d32,0.02244077914997802,8.0,0.03604454320552575,0.024360433514794694,0.024436446113723004,0.02516913038423005
confirm_K5_i001133,5,Transformer_d128,0.02443899278506434,8.0,0.036540305726129284,0.029739249431374737,0.029735456784082962,0.02994638331863595
confirm_K5_i001133,5,Transformer_d256,0.026624413328466462,8.0,0.03995200597133099,0.024517706703662746,0.024555053313597246,0.0248982837713941
confirm_K5_i000723,5,GRU_d8,0.0278042357699557,8.0,0.03249312965345984,0.0314996127094016,0.035043681190926976,0.03401501602332736
confirm_K5_i000723,5,GRU_d32,0.026901620635584562,8.0,0.03594269061298993,0.03448977799775409,0.04016422929516115,0.03742262160382497
confirm_K5_i000723,5,GRU_d128,0.031855396864796784,8.0,0.03334984024864621,0.03515705862465095,0.04118950290397708,0.04018318577943371
confirm_K5_i000723,5,GRU_d256,0.0458455301888748,8.0,0.0364342305791911,0.03460077197937339,0.041583653559827675,0.03895577520477529
confirm_K5_i000723,5,Transformer_d8,0.043850959171180884,8.0,0.03510427685133899,0.033253382456552495,0.03510660054292585,0.034653555098678575
confirm_K5_i000723,5,Transformer_d32,0.02327479108453852,8.0,0.03598894240988838,0.03502158640237512,0.03905946450744513,0.0363173774811506
confirm_K5_i000723,5,Transformer_d128,0.03691445191489366,8.0,0.03570860845080733,0.03761224608241314,0.037489224995090865,0.035737937275794246
confirm_K5_i000723,5,Transformer_d256,0.03612407092528082,8.0,0.0393186954648767,0.037242782660589675,0.0390160544926535,0.03905448671639532
confirm_K5_i000543,5,GRU_d8,0.06171929423313276,4.0,0.030232125755914704,0.04384689120116901,0.0421111997239851,0.03689346223874788
confirm_K5_i000543,5,GRU_d32,0.04316712360169616,4.0,0.034858323748582484,0.05291673382804965,0.05060864426840888,0.04279132320193761
confirm_K5_i000543,5,GRU_d128,0.05849582664568702,4.0,0.03157381159658687,0.05146100810025117,0.04872653805125112,0.04458100477443664
confirm_K5_i000543,5,GRU_d256,0.05493051291110181,4.0,0.03582856506437596,0.0525531353462565,0.049090252944395826,0.0426244524598441
confirm_K5_i000543,5,Transformer_d8,0.04687479600310066,4.0,0.034902687729211006,0.05256190620065257,0.05163825555915606,0.052631084271598294
confirm_K5_i000543,5,Transformer_d32,0.04551877889803236,4.0,0.03450600988898879,0.05321214761309892,0.051796650736034795,0.05272722365627516
confirm_K5_i000543,5,Transformer_d128,0.0536620187039472,4.0,0.034592103998203755,0.05105990330068956,0.051106627851848344,0.046210469103378365
confirm_K5_i000543,5,Transformer_d256,0.05549970089159868,4.0,0.038026986800455506,0.05883808506731118,0.05815611375645219,0.056112272657518295
confirm_K5_i000202,5,GRU_d8,0.0244878538445907,8.0,0.0327142217818175,0.027800116054516426,0.02740038909921852,0.02824142798968578
confirm_K5_i000202,5,GRU_d32,0.0459083618940635,8.0,0.034675574529091334,0.02917397227793224,0.02853224963141131,0.031765917538921586
confirm_K5_i000202,5,GRU_d128,0.03356096248891882,8.0,0.03323613587370475,0.03046273814078534,0.029759204610000693,0.030616099978142294
confirm_K5_i000202,5,GRU_d256,0.03234882334581008,8.0,0.037334011035395416,0.029850743687457243,0.028951242821876506,0.03148803904276074
confirm_K5_i000202,5,Transformer_d8,0.03523389892521832,8.0,0.03567874753440316,0.028163303990895085,0.027875234421496555,0.027883603268800912
confirm_K5_i000202,5,Transformer_d32,0.01489597753560254,8.0,0.036547529979817445,0.03028285930484747,0.029884873461289548,0.03239039648077431
confirm_K5_i000202,5,Transformer_d128,0.03316478162210492,8.0,0.03595858647032658,0.033902175262068714,0.03392247339916978,0.035803995841272536
confirm_K5_i000202,5,Transformer_d256,0.031452550290857376,8.0,0.039630130173838256,0.03139621954488038,0.031192670714444426,0.032559456242497314
confirm_K5_i000834,5,GRU_d8,0.035138600526446885,8.0,0.03200417200302709,0.0332919496679485,0.03441297476714195,0.035495453850234324
confirm_K5_i000834,5,GRU_d32,0.055377920821668036,8.0,0.03404427060058436,0.03652491503939287,0.038185746166645204,0.041450189836998934
confirm_K5_i000834,5,GRU_d128,0.034314836704102084,8.0,0.03318587759269253,0.03748016769181452,0.03947928866357581,0.039989374209081996
confirm_K5_i000834,5,GRU_d256,0.056866267702163784,8.0,0.035699514744971836,0.03691887561556783,0.03932900041497357,0.041374378828844184
confirm_K5_i000834,5,Transformer_d8,0.03480772523219096,8.0,0.03570715911393831,0.036033843655625834,0.0368622931282156,0.035640025659244026
confirm_K5_i000834,5,Transformer_d32,0.04004950392449306,8.0,0.03487062822055808,0.03725877254811137,0.03840571333270438,0.04040889051005046
confirm_K5_i000834,5,Transformer_d128,0.028135799291331743,8.0,0.03629385195904479,0.03967627242690889,0.03969141173020776,0.041716168012924826
confirm_K5_i000834,5,Transformer_d256,0.041321318337061756,8.0,0.03897221230409131,0.04016306476598689,0.04074516211752274,0.04127929182951002
confirm_K5_i000511,5,GRU_d8,0.02478035911995944,8.0,0.03269472143012626,0.026000272197784224,0.026398977264358588,0.02548970880969884
confirm_K5_i000511,5,GRU_d32,0.02108121612600066,8.0,0.03633071758029552,0.027351063645234278,0.027970018129580592,0.030091932753076173
confirm_K5_i000511,5,GRU_d128,0.02895071984456084,8.0,0.03354348538332862,0.028328291441309272,0.02901272091890322,0.029656726964256912
confirm_K5_i000511,5,GRU_d256,0.03165152474604886,8.0,0.037380497608712836,0.027474730448706006,0.028349038096446587,0.02940186044551645
confirm_K5_i000511,5,Transformer_d8,0.03980707952452856,8.0,0.03537386882778247,0.025509147324453092,0.0257682713509146,0.027874133626828636
confirm_K5_i000511,5,Transformer_d32,0.03678539764132825,8.0,0.035088235306102396,0.02741951746354073,0.027804798020538687,0.030947900793088207
confirm_K5_i000511,5,Transformer_d128,0.0363636718838082,8.0,0.03574532711954636,0.03201054343581118,0.031992149190269985,0.03198154682126533
confirm_K5_i000511,5,Transformer_d256,0.03035241163896486,8.0,0.0397034727506311,0.02857702980618381,0.02877265777229563,0.030173173639932948
confirm_K5_i000246,5,GRU_d8,0.044050334982680364,8.0,0.031410056372611524,0.040874613548920476,0.042584935224571144,0.04210175386650418
confirm_K5_i000246,5,GRU_d32,0.04266698310842178,8.0,0.034891666448134115,0.04709173121084516,0.049936383929747995,0.04851416553571153
confirm_K5_i000246,5,GRU_d128,0.05075008873584286,8.0,0.032090194123909815,0.046758533212978064,0.04977899608250045,0.04952850212765747
confirm_K5_i000246,5,GRU_d256,0.06150848622845926,8.0,0.03539003350988547,0.04673875605612813,0.050490958795538526,0.048557368823687316
confirm_K5_i000246,5,Transformer_d8,0.03793494534056452,8.0,0.035498677773380075,0.04698519235700693,0.048338549216215373,0.04874721468754771
confirm_K5_i000246,5,Transformer_d32,0.056310599931733596,8.0,0.033786555153408705,0.04698553202086561,0.048668765258009665,0.044969620980265496
confirm_K5_i000246,5,Transformer_d128,0.035059972317655744,8.0,0.035832240423956524,0.04770164822095803,0.04777796302399473,0.04836690989394601
confirm_K5_i000246,5,Transformer_d256,0.04804018887286474,8.0,0.03852428760170444,0.05243175114368553,0.05336753946878195,0.05362791793791576
confirm_K5_i000807,5,GRU_d8,0.04763587131888514,8.0,0.031171020616864543,0.03077313075022699,0.03191380426853196,0.03067100392575794
confirm_K5_i000807,5,GRU_d32,0.04292371973026884,8.0,0.034874550673344315,0.03369715425742147,0.035593252952167864,0.037996399536429054
confirm_K5_i000807,5,GRU_d128,0.02815530569339622,8.0,0.033596512993406255,0.03471019062406339,0.03693728032173888,0.03763062300662252
confirm_K5_i000807,5,GRU_d256,0.028831878796610498,8.0,0.03756847400534205,0.03433279203709631,0.03715971754241646,0.03878493102319144
confirm_K5_i000807,5,Transformer_d8,0.03682741221296658,8.0,0.03557251331521994,0.032798985433956554,0.0336593706116429,0.035564437769775185
confirm_K5_i000807,5,Transformer_d32,0.0360319516069072,8.0,0.03513846504173047,0.034281071814568236,0.03554584779358247,0.03857106689619497
confirm_K5_i000807,5,Transformer_d128,0.04064458308675168,8.0,0.035459933039350126,0.03714158123886635,0.037072387153570696,0.03745550011025944
confirm_K5_i000807,5,Transformer_d256,0.04650439727968048,8.0,0.038626673707916725,0.03643234226267035,0.03701076593747577,0.038142534733359525
confirm_K5_i000634,5,GRU_d8,0.01878465072377348,8.0,0.03309443532320532,0.02919263528646887,0.027204365564267464,0.030226543344472487
confirm_K5_i000634,5,GRU_d32,0.034864628649023774,8.0,0.035411823412093986,0.031117072742252457,0.027638311453893626,0.027981695261657148
confirm_K5_i000634,5,GRU_d128,0.02870052285938296,8.0,0.03356016518234047,0.03216348420949152,0.028475636439854884,0.02861856623574909
confirm_K5_i000634,5,GRU_d256,0.02519681263735274,8.0,0.03781081174929257,0.031695109996468,0.027005543021634583,0.028212954239312936
confirm_K5_i000634,5,Transformer_d8,0.031860222070530304,8.0,0.03590365932471569,0.03003275338079854,0.028509330582347066,0.024503517775954328
confirm_K5_i000634,5,Transformer_d32,0.026796038847885163,8.0,0.0357541925589986,0.03173522897906569,0.029661462022341163,0.026862306965760183
confirm_K5_i000634,5,Transformer_d128,0.050905665827556,8.0,0.034775860856629835,0.034880444870030655,0.0345952210604243,0.03537066502790011
confirm_K5_i000634,5,Transformer_d256,0.025983752189276576,8.0,0.03999471671394365,0.03353444402934003,0.03257243485975351,0.03268357892324299
confirm_K5_i000626,5,GRU_d8,0.02730889664182276,8.0,0.032526152262002034,0.028937822387018954,0.025733263732419492,0.024780720446946826
confirm_K5_i000626,5,GRU_d32,0.01672728311072846,8.0,0.036620979781313664,0.03131231335918231,0.026828462403811926,0.02412635350127181
confirm_K5_i000626,5,GRU_d128,0.02752529084489196,8.0,0.033638513983306535,0.032059768003690176,0.026561738698381205,0.026224952296889568
confirm_K5_i000626,5,GRU_d256,0.01775180924750688,8.0,0.038307145308615634,0.03170077705588838,0.025066281101001044,0.023098348741359687
confirm_K5_i000626,5,Transformer_d8,0.029913996843944517,8.0,0.036033407673154744,0.029918467639833194,0.027469484857229325,0.0283739826574401
confirm_K5_i000626,5,Transformer_d32,0.0261940405343479,8.0,0.03579432577990109,0.03160892232643729,0.02841804806515268,0.02672729486550652
confirm_K5_i000626,5,Transformer_d128,0.021483977058367403,8.0,0.03673730677457575,0.03530349228986494,0.0359773359875165,0.03348909903435709
confirm_K5_i000626,5,Transformer_d256,0.02646968315380538,8.0,0.0399623213163084,0.03335795490322663,0.03184487576928621,0.03140012419455943
confirm_K5_i000744,5,GRU_d8,0.032749822819037724,8.0,0.0321634238501877,0.03750553679206428,0.03863621127074984,0.03768725625702813
confirm_K5_i000744,5,GRU_d32,0.051524622303344626,8.0,0.03430115716847259,0.041910086788954665,0.04358206718470227,0.044762263737800435
confirm_K5_i000744,5,GRU_d128,0.03753791097604386,8.0,0.032971005974563074,0.04256922694302624,0.044521692700290244,0.04358653264408966
confirm_K5_i000744,5,GRU_d256,0.04568826643881834,8.0,0.03644471482919486,0.04250211665741306,0.044944213276389124,0.04560490997735567
confirm_K5_i000744,5,Transformer_d8,0.03948038401731936,8.0,0.03539564852826308,0.041662484669858696,0.042458066515108965,0.04206484395422162
confirm_K5_i000744,5,Transformer_d32,0.051519314994391066,8.0,0.03410597414923155,0.0423895692149,0.04346390618421162,0.04630115225479082
confirm_K5_i000744,5,Transformer_d128,0.04966319946395006,8.0,0.0348586919475369,0.04339356414490426,0.043309144561920455,0.041723547492663854
confirm_K5_i000744,5,Transformer_d256,0.05852647877655219,8.0,0.03782520160812528,0.04624688569778783,0.04674421616951013,0.04761633307662608
confirm_K5_i000940,5,GRU_d8,0.02508934772590508,8.0,0.03267412218972988,0.021097959953197944,0.022354972223963092,0.020182769810486407
confirm_K5_i000940,5,GRU_d32,0.02350513548875326,8.0,0.036169122956112014,0.020913048004564293,0.022870471114787457,0.021185171402773855
confirm_K5_i000940,5,GRU_d128,0.02329954910994674,8.0,0.033920230098969543,0.022513081696321317,0.02470707784319207,0.024914951498308413
confirm_K5_i000940,5,GRU_d256,0.02685555904505458,8.0,0.037700228655445776,0.021137315694031607,0.0239166705597861,0.022440620108432258
confirm_K5_i000940,5,Transformer_d8,0.01648005897798372,8.0,0.03692900353088546,0.019536955949419958,0.020410260289216733,0.024366412890640118
confirm_K5_i000940,5,Transformer_d32,0.02426393832983078,8.0,0.03592299926020223,0.021346929793182784,0.022572265127709594,0.02406647500829421
confirm_K5_i000940,5,Transformer_d128,0.02122724481180842,8.0,0.03675442225767968,0.027731328452422002,0.027733825365856522,0.026516571119187038
confirm_K5_i000940,5,Transformer_d256,0.0217255180547933,8.0,0.04027859898957587,0.02122638457106613,0.02184967493342958,0.02234117033048858
confirm_K5_i000922,5,GRU_d8,0.02031991524786258,8.0,0.03299208435493271,0.03186934036639821,0.0306741699741096,0.030656171515334587
confirm_K5_i000922,5,GRU_d32,0.03177607151958362,8.0,0.03561772722072332,0.03474134540737772,0.03272819687466147,0.03707124315526716
confirm_K5_i000922,5,GRU_d128,0.03320015644702636,8.0,0.03326018960983091,0.035445600713023884,0.03321686587055614,0.03372435089474158
confirm_K5_i000922,5,GRU_d256,0.03558945227733512,8.0,0.03711796910662708,0.03509353328265586,0.03221587095339737,0.03480881405312435
confirm_K5_i000922,5,Transformer_d8,0.03732590553978278,8.0,0.03553928042676553,0.03370312477468388,0.03273041465839647,0.03369513734302424
confirm_K5_i000922,5,Transformer_d32,0.02567783622947714,8.0,0.03582873940022581,0.035312570531000016,0.034024490718993855,0.03942550479541678
confirm_K5_i000922,5,Transformer_d128,0.028809391794669997,8.0,0.03624894579215557,0.037992302239268895,0.038103898223678156,0.03920550832660478
confirm_K5_i000922,5,Transformer_d256,0.028155255072143438,8.0,0.03984994985508586,0.03776377674727595,0.03714511785080258,0.039637555319643525
confirm_K5_i000312,5,GRU_d8,0.04378569543730154,8.0,0.03142769900897011,0.03687630881565928,0.036105411196711054,0.03531865060949562
confirm_K5_i000312,5,GRU_d32,0.0468308081310275,8.0,0.034614078113293735,0.04158072113549511,0.04040427832148328,0.043028952878666066
confirm_K5_i000312,5,GRU_d128,0.043592195639104825,8.0,0.03256738699702568,0.04198282312830727,0.04067204744417493,0.041877206470962804
confirm_K5_i000312,5,GRU_d256,0.0483078558995379,8.0,0.036270075531813564,0.04198675977471094,0.040296863771837964,0.04205003824631361
confirm_K5_i000312,5,Transformer_d8,0.05458244938083706,8.0,0.03438884417069524,0.04079123729466705,0.04024983113553315,0.04215504245867458
confirm_K5_i000312,5,Transformer_d32,0.06633223782134481,8.0,0.03311844596076796,0.04156567427170766,0.04076158567559934,0.043105773759877695
confirm_K5_i000312,5,Transformer_d128,0.04050542148729882,8.0,0.035469210479313645,0.04327160941964918,0.0433302715197636,0.04521927209898195
confirm_K5_i000312,5,Transformer_d256,0.06323759615666337,8.0,0.037511127116117864,0.04558514987597784,0.04518041617928847,0.04580410177790176
confirm_K5_i000848,5,GRU_d8,0.02054357311480688,8.0,0.03297717383046976,0.019407523461766843,0.020237262478949726,0.019256712648006873
confirm_K5_i000848,5,GRU_d32,0.013386923711607202,8.0,0.036843670407921754,0.01900168399481599,0.020318136893276283,0.016199946506055964
confirm_K5_i000848,5,GRU_d128,0.016975586688664602,8.0,0.034341827593721695,0.020535111148529933,0.02199301021677915,0.021775608757145865
confirm_K5_i000848,5,GRU_d256,0.026787362407966565,8.0,0.03770477509791832,0.01854730693582938,0.020374869154330226,0.01728081827404347
confirm_K5_i000848,5,Transformer_d8,0.02290574147136092,8.0,0.03650062469799365,0.01654210119724657,0.017106174883988603,0.018555250245440923
confirm_K5_i000848,5,Transformer_d32,0.01885272058681606,8.0,0.036283747109736544,0.019151489536049702,0.019993237764260076,0.01839964790636959
confirm_K5_i000848,5,Transformer_d128,0.02446964615637792,8.0,0.03653826216804171,0.025679258215580474,0.02564793721303013,0.023993513284607422
confirm_K5_i000848,5,Transformer_d256,0.02700234096876188,8.0,0.0399268107953113,0.01787643775401415,0.018270446920829343,0.01721819133421748
confirm_K6_i001189,6,GRU_d8,0.03190915266866618,8.0,0.027964171973788175,0.030813548300889518,0.029788942659462917,0.02981197344132404
confirm_K6_i001189,6,GRU_d32,0.0328914965522146,8.0,0.03441701328211843,0.033581379779377515,0.03203207923785809,0.03793167495764025
confirm_K6_i001189,6,GRU_d128,0.040754277543586445,8.0,0.03301415081954497,0.03424782749776959,0.032461197278090784,0.03331079570683451
confirm_K6_i001189,6,GRU_d256,0.0439740574604557,8.0,0.03226766279429069,0.0338126026719352,0.031525787575927514,0.034941418810226194
confirm_K6_i001189,6,Transformer_d8,0.03464272947395782,8.0,0.03082912423184624,0.03254364089820701,0.031853102174223845,0.03320364120735904
confirm_K6_i001189,6,Transformer_d32,0.041196356899898964,8.0,0.03433357117819846,0.033922157303254714,0.0329108389767534,0.03843519423194826
confirm_K6_i001189,6,Transformer_d128,0.04457942781698508,8.0,0.03698933811357632,0.0368680191496829,0.03688830150086079,0.0383602571341081
confirm_K6_i001189,6,Transformer_d256,0.037801705953773725,8.0,0.03241817434216891,0.036240872529393016,0.03574819644800287,0.03824545284365672
confirm_K6_i000578,6,GRU_d8,0.01279510531652206,8.0,0.029238441797264446,0.020706306764067647,0.02188097286484654,0.020241621323844786
confirm_K6_i000578,6,GRU_d32,0.01590063233666428,8.0,0.03554973756315512,0.019915822246568606,0.02171231860912736,0.018743671942790564
confirm_K6_i000578,6,GRU_d128,0.013726785329717082,8.0,0.03481598363380293,0.021715050261057606,0.023765262700303665,0.023795119881339595
confirm_K6_i000578,6,GRU_d256,0.011013763073841559,8.0,0.034465015753398304,0.020571914818381245,0.02318560694378666,0.021032175982515472
confirm_K6_i000578,6,Transformer_d8,0.0174978815894985,8.0,0.031972114090810196,0.0180099543568059,0.018818196959292266,0.02188641166474021
confirm_K6_i000578,6,Transformer_d32,0.01287786830435938,8.0,0.0362214704179011,0.020550632917385892,0.021752804656221286,0.0234563320552418
confirm_K6_i000578,6,Transformer_d128,0.01926897981354722,8.0,0.03867670131380551,0.026836661204333194,0.026782274239568093,0.0248283664837503
confirm_K6_i000578,6,Transformer_d256,0.01517720368716742,8.0,0.033926474493276,0.019918215944744196,0.02049226916700044,0.020199333932907577
confirm_K6_i001146,6,GRU_d8,0.036643465500532255,8.0,0.027648551118330433,0.03334089083252655,0.03403191878326442,0.035695420347169285
confirm_K6_i001146,6,GRU_d32,0.04052309656430132,8.0,0.03390823994797931,0.03687137185116784,0.037954961948642355,0.043501741654870835
confirm_K6_i001146,6,GRU_d128,0.05288668002671654,8.0,0.0322053239873363,0.037259299775918624,0.03845114360252996,0.03893511879327416
confirm_K6_i001146,6,GRU_d256,0.04863621530019382,8.0,0.03195685227164148,0.037153875404916624,0.038690003561187465,0.0422037324026806
confirm_K6_i001146,6,Transformer_d8,0.02785688302744138,8.0,0.03128151399494734,0.03625363736922556,0.036783467986711976,0.036139255869496796
confirm_K6_i001146,6,Transformer_d32,0.03811230795760508,8.0,0.034539174441018054,0.037388732910437,0.038107415775535385,0.04155875036798301
confirm_K6_i001146,6,Transformer_d128,0.045121646090049185,8.0,0.03695319022870538,0.03946541804806478,0.039415408502715396,0.04241034883125926
confirm_K6_i001146,6,Transformer_d256,0.03134119808247598,8.0,0.0328488748669221,0.0404480395220994,0.04083287419455117,0.04213156972595429
confirm_K6_i000105,6,GRU_d8,0.03029898553287172,8.0,0.028071516449507804,0.029906748387912702,0.03163802216241098,0.031170303946671692
confirm_K6_i000105,6,GRU_d32,0.06289345819014258,8.0,0.03241688250625656,0.03185763049137705,0.03409443132933539,0.03684961616257858
confirm_K6_i000105,6,GRU_d128,0.029429321816529342,8.0,0.03376914786801545,0.0332830331816137,0.036266818755562785,0.037762149176645034
confirm_K6_i000105,6,GRU_d256,0.05206357750678982,8.0,0.03172836145786841,0.032446992134183984,0.035946988735144035,0.037736032568261656
confirm_K6_i000105,6,Transformer_d8,0.04074932306117202,8.0,0.030422017992698627,0.031153006135050596,0.03219421621242456,0.03461732022496886
confirm_K6_i000105,6,Transformer_d32,0.030191632342646203,8.0,0.03506721948201531,0.03287844157555044,0.034571908370000966,0.0384372587187915
confirm_K6_i000105,6,Transformer_d128,0.048937559524397024,8.0,0.03669879599974886,0.035852145794233514,0.03566396169759367,0.03670614453120272
confirm_K6_i000105,6,Transformer_d256,0.05140924998447142,8.0,0.0315110047401224,0.03454346380389948,0.035213779333668295,0.036013022949796795
confirm_K6_i000596,6,GRU_d8,0.013291748050028598,8.0,0.029205332281697347,0.025662627978578337,0.024768821675795312,0.023305031505911962
confirm_K6_i000596,6,GRU_d32,0.01867727097947198,8.0,0.03536462832030127,0.02655246113710355,0.025067154740373306,0.025058239795867587
confirm_K6_i000596,6,GRU_d128,0.02395437925387624,8.0,0.034134144038858984,0.027639289183395883,0.025971665802981582,0.025880340790005948
confirm_K6_i000596,6,GRU_d256,0.01935093345692124,8.0,0.03390920439452632,0.02693106902228142,0.02481005882735695,0.024501014017578468
confirm_K6_i000596,6,Transformer_d8,0.013519667547466422,8.0,0.032237328360279004,0.025273830757002583,0.024603966023210466,0.02756701508483181
confirm_K6_i000596,6,Transformer_d32,0.02147129251411952,8.0,0.035648575470583754,0.026932275165942245,0.0259301399419702,0.02832995371177378
confirm_K6_i000596,6,Transformer_d128,0.026300843652585136,8.0,0.03820791039120298,0.0316122197032153,0.03168857617473173,0.030297916468038966
confirm_K6_i000596,6,Transformer_d256,0.021389705529844878,8.0,0.03351230770376416,0.02776095855364812,0.027276072912487057,0.028922620009018008
confirm_K6_i000453,6,GRU_d8,0.03479238365735372,8.0,0.027771956574542338,0.030194460594914603,0.032627839084659084,0.033105080790658464
confirm_K6_i000453,6,GRU_d32,0.033544427722325146,8.0,0.03437348453744439,0.032821635343414604,0.03687468360496597,0.037145239734657866
confirm_K6_i000453,6,GRU_d128,0.026492347796741877,8.0,0.03396494613600128,0.033774072490785116,0.038483889356294675,0.03914241900367864
confirm_K6_i000453,6,GRU_d256,0.04625913323531346,8.0,0.03211532440930017,0.03302045293249671,0.03840719628276132,0.038093828310962766
confirm_K6_i000453,6,Transformer_d8,0.030334708980436498,8.0,0.031116325598080995,0.031825157756462774,0.033710607305813725,0.033911464528539936
confirm_K6_i000453,6,Transformer_d32,0.02954798810454572,8.0,0.03511012909788868,0.03336095277964176,0.03615203799596315,0.035699086143532066
confirm_K6_i000453,6,Transformer_d128,0.028348084178456977,8.0,0.038071427689478195,0.03655890446465945,0.03668938782267151,0.0376884698379176
confirm_K6_i000453,6,Transformer_d256,0.02251044844700216,8.0,0.03343759150928702,0.03559261885699875,0.03730374940788602,0.036435568637551596
confirm_K6_i000708,6,GRU_d8,0.03790014863454934,8.0,0.027564772242729296,0.045138872333540775,0.04541530556082533,0.043610286601570215
confirm_K6_i000708,6,GRU_d32,0.0466889716991161,8.0,0.03349718160565832,0.052031960486356776,0.05248485192952982,0.05145741556394619
confirm_K6_i000708,6,GRU_d128,0.04844130582854202,8.0,0.032501682267214595,0.05163026053862206,0.0521304290226666,0.05219351249068069
confirm_K6_i000708,6,GRU_d256,0.04527354355360668,8.0,0.03218103038808062,0.0526343251189587,0.05327694125817215,0.05251993715161475
confirm_K6_i000708,6,Transformer_d8,0.04994767483248782,8.0,0.02980879454127757,0.05170662155925099,0.05192297118905801,0.05567086093136877
confirm_K6_i000708,6,Transformer_d32,0.06780177870197095,8.0,0.03255987639139366,0.05101444451744225,0.05131935838768267,0.05357691345962469
confirm_K6_i000708,6,Transformer_d128,0.061259141247064164,8.0,0.03587735721823771,0.05009268400897559,0.05006604125903918,0.04918012580287221
confirm_K6_i000708,6,Transformer_d256,0.050403545849071606,8.0,0.031578051682482386,0.05848422348009184,0.058633817534440434,0.05870210743860843
confirm_K6_i000150,6,GRU_d8,0.04107571842267464,8.0,0.02735306759018761,0.04013528677210314,0.041065437256654035,0.03951947938290466
confirm_K6_i000150,6,GRU_d32,0.048380854191745634,8.0,0.03338438943948303,0.045703685039596986,0.04715743541117964,0.046842370750306374
confirm_K6_i000150,6,GRU_d128,0.0404199196939379,8.0,0.03303644134285487,0.04608994308636222,0.04774164956848799,0.04759491569171559
confirm_K6_i000150,6,GRU_d256,0.0570440343522912,8.0,0.03139633100150165,0.0458255036532212,0.04786848296854429,0.04718524157199306
confirm_K6_i000150,6,Transformer_d8,0.05883955867839384,8.0,0.02921600228488384,0.04491547921438818,0.04552117051440065,0.04682490164646383
confirm_K6_i000150,6,Transformer_d32,0.043868593496259004,8.0,0.03415542207177446,0.04635690795652078,0.047320654529249676,0.048309012970944684
confirm_K6_i000150,6,Transformer_d128,0.05921333165646168,8.0,0.03601374452427787,0.0458429261708985,0.04574535304849304,0.04483457038577531
confirm_K6_i000150,6,Transformer_d256,0.051545429307366,8.0,0.0315019261185961,0.05090344864394759,0.05137435648313214,0.05214563312448867
confirm_K6_i000997,6,GRU_d8,0.03062743864969928,8.0,0.028049619575052632,0.025686504220242018,0.026307722349895972,0.025425780054619318
confirm_K6_i000997,6,GRU_d32,0.01905014920574284,8.0,0.03533976977188322,0.02719300110690384,0.028194088679857267,0.03154406867041227
confirm_K6_i000997,6,GRU_d128,0.03496835934736372,8.0,0.03339987869929316,0.02796796462024117,0.029051226669508868,0.029802280622855306
confirm_K6_i000997,6,GRU_d256,0.0235088531563095,8.0,0.03363200974790044,0.02747039552703709,0.02888262271224554,0.030941816151863387
confirm_K6_i000997,6,Transformer_d8,0.021131042100662682,8.0,0.031729903390065914,0.02576478912130255,0.026210194242801584,0.02902480404167892
confirm_K6_i000997,6,Transformer_d32,0.03180674884532348,8.0,0.034959545048503494,0.027328046067469986,0.027957802152592567,0.03186648751932719
confirm_K6_i000997,6,Transformer_d128,0.0362870819166422,8.0,0.03754216117359918,0.03184954485607475,0.031812380479199355,0.032588328409453374
confirm_K6_i000997,6,Transformer_d256,0.02151528855538926,8.0,0.03350393550206121,0.028552312086984083,0.028880853128963595,0.030564963724353023
confirm_K6_i000109,6,GRU_d8,0.024136347608646698,8.0,0.02848235897778947,0.029015019813543378,0.027162509880655505,0.03143375020934991
confirm_K6_i000109,6,GRU_d32,0.03036946491621854,8.0,0.034585148724518164,0.031091077086660347,0.02813162563530146,0.03394969875738147
confirm_K6_i000109,6,GRU_d128,0.01895097920323416,8.0,0.03446770404223512,0.03224183584759536,0.029201953663793637,0.03134643086399553
confirm_K6_i000109,6,GRU_d256,0.02111518341049384,8.0,0.033791587730954815,0.031664055039739424,0.02764682913760437,0.033217975848535135
confirm_K6_i000109,6,Transformer_d8,0.02594390673513148,8.0,0.031409045747768,0.030031825817151966,0.028841614005900885,0.024621496952378155
confirm_K6_i000109,6,Transformer_d32,0.03047604127446542,8.0,0.0350482588865607,0.03156566510498059,0.029710349681460642,0.03018448229274818
confirm_K6_i000109,6,Transformer_d128,0.034562067225601824,8.0,0.03765716215300187,0.035089847206744955,0.03508156714223113,0.0402499801700109
confirm_K6_i000109,6,Transformer_d256,0.0228471116746718,8.0,0.033415147294109035,0.03346587644150776,0.032648101842090035,0.034235361343270376
confirm_K6_i000737,6,GRU_d8,0.025257946810209257,8.0,0.0284075856976853,0.03234583961087676,0.0286932287186844,0.028209482080176526
confirm_K6_i000737,6,GRU_d32,0.03617380216737092,8.0,0.03419819290777468,0.03539731841089857,0.02894742163696514,0.02800107692286481
confirm_K6_i000737,6,GRU_d128,0.036088313316287104,8.0,0.03332521510136492,0.03608334548482549,0.02904802607332521,0.0289164232472784
confirm_K6_i000737,6,GRU_d256,0.021181153206203982,8.0,0.03378718974457414,0.03605083498955429,0.028029809896230957,0.0275867984095731
confirm_K6_i000737,6,Transformer_d8,0.034630596858831596,8.0,0.030829933072854657,0.03451160156565419,0.03154051617560992,0.03219735565023867
confirm_K6_i000737,6,Transformer_d32,0.01582711259122534,8.0,0.03602485413211003,0.03619875443870829,0.03331005116049179,0.032929888158613904
confirm_K6_i000737,6,Transformer_d128,0.0344026794123563,8.0,0.03766778800721824,0.03846077144509832,0.03869441785894551,0.036809359145515703
confirm_K6_i000737,6,Transformer_d256,0.030668230774331496,8.0,0.03289373935413172,0.03859779070701611,0.03684200154016121,0.03682085732985522
confirm_K6_i000482,6,GRU_d8,0.00957894523073666,8.0,0.02945285246965014,0.020993817870485453,0.021677834728853478,0.02125226049836032
confirm_K6_i000482,6,GRU_d32,0.00894307553558656,8.0,0.03601357468322697,0.020485040118967318,0.021533182969419095,0.01931738197961095
confirm_K6_i000482,6,GRU_d128,0.01788446029349554,8.0,0.03453880530288436,0.02164527850970297,0.022809265766313473,0.022773897186096376
confirm_K6_i000482,6,GRU_d256,0.01105281546068324,8.0,0.03446241226094218,0.02074315459232728,0.022239787430737457,0.0207870381824675
confirm_K6_i000482,6,Transformer_d8,0.01372085308706196,8.0,0.032223915990972636,0.018433133070390212,0.01889695289788311,0.020271353622162563
confirm_K6_i000482,6,Transformer_d32,0.02277166571589172,8.0,0.03556188392379895,0.02020630549498971,0.020856836863835847,0.020352188231547268
confirm_K6_i000482,6,Transformer_d128,0.014789466396864941,8.0,0.038975335541584326,0.027198937248700053,0.027177399961246504,0.026475123793761844
confirm_K6_i000482,6,Transformer_d256,0.02040952810860168,8.0,0.03357765286518038,0.019839308531909405,0.02015398908206948,0.01963105033549054
confirm_K6_i000420,6,GRU_d8,0.04061883109184158,8.0,0.02738352674557648,0.034578739521267714,0.03444941884839671,0.0333829327836114
confirm_K6_i000420,6,GRU_d32,0.059050228874928,8.0,0.03267309779393754,0.038242935171994355,0.038049425571341,0.042413706007151
confirm_K6_i000420,6,GRU_d128,0.04709202750327634,8.0,0.03259163415556564,0.03896599591670828,0.03874734809287307,0.039781734259554655
confirm_K6_i000420,6,GRU_d256,0.04320841246307664,8.0,0.03231870579411596,0.03896684576241728,0.038688808290299075,0.04247842388002489
confirm_K6_i000420,6,Transformer_d8,0.02656277363943434,8.0,0.03136778795414781,0.03810718445953259,0.038025973827676536,0.042379505640471125
confirm_K6_i000420,6,Transformer_d32,0.05628820769084798,8.0,0.033327447792135194,0.03876994840777584,0.03865095067160471,0.04480674372117713
confirm_K6_i000420,6,Transformer_d128,0.04027509623824766,8.0,0.037276293552158814,0.04086474572092333,0.040870112690398544,0.04287129012481457
confirm_K6_i000420,6,Transformer_d256,0.036374490041419384,8.0,0.0325133220696592,0.04243908621824511,0.042379237925037075,0.044933130582493735
confirm_K6_i000814,6,GRU_d8,0.0321344579430331,8.0,0.02794915162216371,0.035917051378754804,0.03367642572394048,0.03287830857310741
confirm_K6_i000814,6,GRU_d32,0.038340865212086836,8.0,0.03405372203812695,0.04016848261512421,0.03654545745470484,0.03878432285361262
confirm_K6_i000814,6,GRU_d128,0.05084090139480888,8.0,0.03234170922946347,0.04031431255217551,0.03595326471309488,0.03635479171440895
confirm_K6_i000814,6,GRU_d256,0.041691882967229636,8.0,0.03241980776050576,0.04053314643656121,0.035247249779028385,0.036694318406701384
confirm_K6_i000814,6,Transformer_d8,0.05551732882193724,8.0,0.02943748427531428,0.039125432885992635,0.03710410279223704,0.03899102141352993
confirm_K6_i000814,6,Transformer_d32,0.04803603958026672,8.0,0.033877592332840614,0.04043235797086106,0.03788112900500911,0.041433603583050094
confirm_K6_i000814,6,Transformer_d128,0.06084545491012762,8.0,0.03590493630736681,0.041593857273813796,0.041271335107516766,0.041146354817998165
confirm_K6_i000814,6,Transformer_d256,0.04860225822127188,8.0,0.031698137524335694,0.044026190036762065,0.04278557844211287,0.043769312178636804
confirm_K6_i000446,6,GRU_d8,0.01952036060226214,8.0,0.028790091444881774,0.0261099740365378,0.024817805231296397,0.024966457722154247
confirm_K6_i000446,6,GRU_d32,0.015250353348646281,8.0,0.03559308949568965,0.027470313699689386,0.025445183704747756,0.025893078407900616
confirm_K6_i000446,6,GRU_d128,0.02046383943653394,8.0,0.03436684669334847,0.028518552718956976,0.026237721063464243,0.026421379289051198
confirm_K6_i000446,6,GRU_d256,0.014169059860422282,8.0,0.034254662634292915,0.027896136360039875,0.02500113449148049,0.025403585932577622
confirm_K6_i000446,6,Transformer_d8,0.01425329420062246,8.0,0.03218841991673527,0.02613073465220747,0.025255912125397725,0.025395978236250172
confirm_K6_i000446,6,Transformer_d32,0.02392809976919872,8.0,0.035484788320245146,0.02771791235279073,0.026347570700886225,0.02724390778424398
confirm_K6_i000446,6,Transformer_d128,0.02126619191149756,8.0,0.03854355384060882,0.032368726403482095,0.03250486083073668,0.03223296253197784
confirm_K6_i000446,6,Transformer_d256,0.024850475522897743,8.0,0.03328158970422731,0.028674244413850997,0.027994148680137554,0.02857278618670072
confirm_K6_i000225,6,GRU_d8,0.03079069655586154,8.0,0.028038735714641817,0.03315396150819612,0.03559950846054178,0.034642747708544856
confirm_K6_i000225,6,GRU_d32,0.042468548287429395,8.0,0.03377854316643745,0.03646709950148581,0.04007250374156275,0.03994296923058566
confirm_K6_i000225,6,GRU_d128,0.033572642052113875,8.0,0.03349292651897647,0.03723288354301798,0.0414894321980653,0.03969814293924986
confirm_K6_i000225,6,GRU_d256,0.02844638091098336,8.0,0.03330284123092218,0.03711925685333036,0.04270236622332113,0.04374235473684467
confirm_K6_i000225,6,Transformer_d8,0.03193137031711544,8.0,0.031009881508969064,0.03578930380804529,0.03752434066013547,0.035858519926888544
confirm_K6_i000225,6,Transformer_d32,0.041998190784251745,8.0,0.03428011558590827,0.03695075706138547,0.03925587031604629,0.04214369766764269
confirm_K6_i000225,6,Transformer_d128,0.02396244752974524,8.0,0.03836380346605898,0.03952898686700746,0.03978158605203676,0.0382652993588637
confirm_K6_i000225,6,Transformer_d256,0.037228451346550916,8.0,0.03245639131598376,0.03989834484297327,0.04114673217230759,0.04233583212406268
